time,temperature_2m,relative_humidity_2m,wind_speed_10m,precipitation,query_point_idx,point_type
2019-10-03 12:00:00,39.02775785948131,22.679199811634206,12.192446018681725,0.0030129708450391812,0,positive
2019-10-03 13:00:00,29.452584102993953,40.77426449158795,7.216810511709548,0.0,0,positive
2019-10-03 14:00:00,16.761698436564878,41.69108302223121,5.725082598296099,0.0784815642377911,0,positive
2019-10-03 15:00:00,11.776499405443046,37.58881876583179,15.895456282052175,0.04017728897046721,0,positive
2019-10-03 16:00:00,21.05089339112094,39.28739209403814,14.530008708534124,0.3009365202989547,0,positive
2019-10-03 17:00:00,18.712582153330104,51.59433065089833,10.143782192308068,0.13074686101958585,0,positive
2019-10-03 18:00:00,23.46587549777525,16.632964524192495,1.1592040037716753,0.0,0,positive
2019-10-03 19:00:00,35.78932576626637,32.30721180076099,6.0840633943200615,0.0,0,positive
2019-10-03 20:00:00,13.143634543652096,21.579094715662606,11.216633973445223,0.26347087496398314,0,positive
2019-10-03 21:00:00,21.95902506623943,32.54835652213231,9.687872743994667,0.0,0,positive
2019-10-03 22:00:00,22.724679255213964,44.659081899152866,0.0,0.0,0,positive
2019-10-03 23:00:00,15.254157837657031,16.71780409364558,3.6092381653562464,0.19715597994257858,0,positive
2019-10-04 00:00:00,29.327220338848104,15.104109233906541,8.153157462972088,0.0,0,positive
2019-10-04 01:00:00,25.908113499594112,27.737458499996322,6.361634528190196,0.02321586249301802,0,positive
2019-10-04 02:00:00,26.304923496031407,55.06097161164115,7.227471603750498,0.1297495279485019,0,positive
2019-10-04 03:00:00,20.209129464956003,38.63745186906832,8.882866792268555,0.0,0,positive
2019-10-04 04:00:00,22.723918253022994,38.42342495208358,20.587370187669602,0.0,0,positive
2019-10-04 05:00:00,15.174053195529439,30.689249576762357,0.6827899908149844,0.7105544321459688,0,positive
2019-10-04 06:00:00,24.524840028722725,53.0878043133235,4.3545808112819575,0.0,0,positive
2019-10-04 07:00:00,4.821687762090761,32.56001119182638,2.6879279407021848,0.014855680505790725,0,positive
2019-10-04 08:00:00,39.68833568473738,27.058408589508893,3.6156961091620587,0.12535304919864174,0,positive
2019-10-04 09:00:00,7.93817286914695,12.994321319135143,18.64623556014149,0.05515993673276365,0,positive
2019-10-04 10:00:00,13.225715372362883,62.55370292481971,22.525335846202033,0.0,0,positive
2019-10-04 11:00:00,19.054008345695756,40.12333326410764,16.643488222027962,0.0,0,positive
2019-10-04 12:00:00,20.03777723246312,46.66006364092616,10.173830372333093,0.08935356533337108,0,positive
2019-10-04 13:00:00,20.92941628387167,14.376562874450272,6.809131280126674,0.0,0,positive
2019-10-04 14:00:00,23.85735911701005,26.67009171771476,10.357692612725696,0.0,0,positive
2019-10-04 15:00:00,23.243434621347728,40.276346125988056,8.265776737889336,0.43662939382891,0,positive
2019-10-04 16:00:00,16.22753573165722,39.74741392509962,7.5135670079325525,0.0,0,positive
2019-10-04 17:00:00,34.58683921980194,40.787698288347514,4.184713951526162,0.0,0,positive
2019-10-04 18:00:00,24.08926173526526,18.31382792024873,13.955714765444325,0.0,0,positive
2019-10-04 19:00:00,25.841147227132886,8.831210195387111,12.637192407790904,0.06802140522567932,0,positive
2019-10-04 20:00:00,13.116554524684176,27.927127888250766,9.318586021782597,0.19552232596856053,0,positive
2019-10-04 21:00:00,19.66263051357156,33.44767597901059,6.7401131089655735,0.0,0,positive
2019-10-04 22:00:00,33.77193578394525,1.0,6.8157486774515785,0.0,0,positive
2019-10-04 23:00:00,24.367951917496796,29.42128128018065,0.0,0.0,0,positive
2019-10-05 00:00:00,35.818801713313476,11.992078926257935,12.319140068490942,0.08901906901716619,0,positive
2019-10-05 01:00:00,21.509405233369222,19.206522339440767,6.327719138220617,0.08332382177326353,0,positive
2019-10-05 02:00:00,26.661241935901657,60.984674081149166,13.887059444888468,0.0,0,positive
2019-10-05 03:00:00,35.95147620934234,41.584897381074484,12.139940883985295,0.08858104557976379,0,positive
2019-10-05 04:00:00,22.532366526873638,24.538642650495845,12.947919672974265,0.054602241070933505,0,positive
2019-10-05 05:00:00,28.25880273934129,32.14023413742261,13.856235467336596,0.0,0,positive
2019-10-05 06:00:00,36.56516926117441,45.961620367079675,0.13979872173379704,0.0,0,positive
2019-10-05 07:00:00,12.623942459241473,27.22580236450588,15.556142166383609,0.045877840060783354,0,positive
2019-10-05 08:00:00,16.408556571370028,19.794239503394017,8.163910464381305,0.39812054155473164,0,positive
2019-10-05 09:00:00,16.63087778082735,39.680142073268655,13.776560180533481,0.0,0,positive
2019-10-05 10:00:00,3.6696839312152,39.5655009354539,8.36016786616289,0.3051476415573242,0,positive
2019-10-05 11:00:00,34.929677453209656,4.051425847928858,5.044482874044472,0.0,0,positive
2019-10-05 12:00:00,9.347244804368462,57.13923572080263,9.841783063503293,0.0,0,positive
2019-10-05 13:00:00,17.432450707825645,47.206455349493154,13.342357779945193,0.03987138713258165,0,positive
2019-10-05 14:00:00,23.875207141589566,39.05514858922589,3.6832736763030915,0.0,0,positive
2019-10-05 15:00:00,20.77981974038113,40.750907965302424,12.999121234551474,0.3301959882625737,0,positive
2019-10-05 16:00:00,20.99992775744338,57.2218332148846,4.282058855937179,0.7195789144977006,0,positive
2019-10-05 17:00:00,23.61844953464955,47.6657778572798,8.057130277803296,0.06910286724659487,0,positive
2019-10-05 18:00:00,28.854351860532216,47.62730100335093,10.770582506620467,0.06661974158112277,0,positive
2019-10-05 19:00:00,20.358706489071647,4.947165619002291,16.021271807585705,0.3749363657304273,0,positive
2019-10-05 20:00:00,22.863043554744266,54.64326027290791,0.0,0.3046826227873748,0,positive
2019-10-05 21:00:00,9.18977650304917,23.087955649618642,10.198183030084968,0.0,0,positive
2019-10-05 22:00:00,24.21019343462843,13.808511741614502,0.0,0.049028715491904684,0,positive
2019-10-05 23:00:00,18.225791730893313,41.890786575749175,11.50976813110635,0.20530796652444908,0,positive
2019-10-06 00:00:00,28.08106468300683,38.43817061172603,10.650323528007334,0.0,0,positive
2019-10-06 01:00:00,20.563108689348333,37.95164144985436,12.102642377087093,0.6271828253954764,0,positive
2019-10-06 02:00:00,26.1693380458569,31.012418121269313,7.412289163359349,0.0,0,positive
2019-10-06 03:00:00,6.055517031566753,15.552915078878584,0.5890730127858959,0.129529822284256,0,positive
2019-10-06 04:00:00,16.573884478758586,46.24150849591611,6.575579668087126,0.2934008541126495,0,positive
2019-10-06 05:00:00,30.71373997368634,54.915291984015376,7.654310326369302,0.0,0,positive
2019-10-06 06:00:00,21.21532423303899,55.30378834354096,8.460633292170545,0.08387890294514705,0,positive
2019-10-06 07:00:00,17.244797182410117,12.791952311524756,3.5593307313317384,0.1469081239842054,0,positive
2019-10-06 08:00:00,28.428680155028815,60.81154746748976,1.0890924231148,0.0,0,positive
2019-10-06 09:00:00,13.675648486739725,42.12045632694803,7.344566746561367,0.0,0,positive
2019-10-06 10:00:00,29.426375932547874,25.924989307869033,5.330498808132226,0.128222774305827,0,positive
2019-10-06 11:00:00,16.765733786499556,41.41835661042376,7.053778295317972,0.16032074920546888,0,positive
2019-10-06 12:00:00,24.89537483143075,54.809924832922505,6.286069245678103,0.5299961360788434,0,positive
2019-10-06 13:00:00,30.537779332575866,30.02767741854118,13.572962222886884,0.0,0,positive
2019-10-06 14:00:00,20.95089975837324,40.23163841069443,17.7550628006315,0.0,0,positive
2019-10-06 15:00:00,22.55504908106223,37.402858899756126,13.381200787331927,0.0,0,positive
2019-10-06 16:00:00,24.66456298094604,34.612057280692156,9.569541057287768,0.06809183729831672,0,positive
2019-10-06 17:00:00,9.283460053528248,3.905248460130622,2.4130794350519604,0.0,0,positive
2019-10-06 18:00:00,19.654467306809906,64.05846743644275,13.52996684953649,0.0,0,positive
2019-10-06 19:00:00,24.781667619607656,28.893826454745124,6.578180809799525,0.0,0,positive
2019-10-06 20:00:00,26.953368935803148,29.91112274173977,13.319257663671792,0.0,0,positive
2019-10-06 21:00:00,22.050712498898147,73.96510589893748,9.115398713126375,0.30769889857293986,0,positive
2019-10-06 22:00:00,22.732161425385666,43.71165642994695,7.716084028036542,0.0,0,positive
2019-10-06 23:00:00,15.764140826196643,41.4545203843633,3.7423140540711604,0.0,0,positive
2019-10-07 00:00:00,26.89988728440052,44.98377854470144,13.42643502222955,0.0,0,positive
2019-10-07 01:00:00,19.710010131554466,41.80948368963044,6.456634722267937,0.0,0,positive
2019-10-07 02:00:00,7.348751326279011,29.965889478220305,0.0,0.661192605976898,0,positive
2019-10-07 03:00:00,32.910897838511275,48.42777472957529,4.402598833576048,0.0,0,positive
2019-10-07 04:00:00,-1.7162307027332098,26.84756738101048,20.102075061237013,0.3837302954691997,0,positive
2019-10-07 05:00:00,17.523421711604083,41.976203142504595,0.19520823502778573,0.05528227934169594,0,positive
2019-10-07 06:00:00,22.795819784125907,33.708490222684276,11.954030608450402,0.0,0,positive
2019-10-07 07:00:00,27.346608144863975,24.67441576653861,12.48907704205274,0.0,0,positive
2019-10-07 08:00:00,32.68627469056186,32.1298401995741,15.019106960332785,0.0,0,positive
2019-10-07 09:00:00,33.64036461016569,36.972287252081784,9.291144116613475,0.16154367479662132,0,positive
2019-10-07 10:00:00,19.10583618044663,20.883168561125625,5.757178959858228,0.0,0,positive
2019-10-07 11:00:00,9.473927422555885,44.562063539766825,5.306143411911284,0.21769395220402735,0,positive
2019-10-07 12:00:00,2.8459175607962273,23.20151337343747,0.0,0.5205863023705477,0,positive
2019-10-07 13:00:00,23.981327208871544,32.31160061825368,6.733112155259925,0.0,0,positive
2019-10-07 14:00:00,23.627105924959547,19.871959370853382,11.534248204495254,0.0,0,positive
2019-10-07 15:00:00,25.080303501248807,43.34800164126895,9.482090004043297,0.06324536026647515,0,positive
2019-10-07 16:00:00,21.30324663157992,30.39375172498135,4.232362098213111,0.23933071623747795,0,positive
2019-10-07 17:00:00,12.044225699191397,21.668040301536223,7.646598091739643,0.3680619193749586,0,positive
2019-10-07 18:00:00,22.409136468417294,23.516970838554307,12.500922820099817,0.0,0,positive
2019-10-07 19:00:00,20.722813540623864,25.20625783002932,10.742139604148997,0.0,0,positive
2019-10-07 20:00:00,10.41498192467962,33.98029616023393,9.310179060371905,0.1791713973370149,0,positive
2019-10-07 21:00:00,23.518747142699546,13.177662721133164,14.680930500060853,0.14136358054521828,0,positive
2019-10-07 22:00:00,19.97986132557628,40.4518150675861,0.0,0.7283979828541182,0,positive
2019-10-07 23:00:00,19.649768638782962,18.91800467859711,11.571982413153293,0.03170385868943687,0,positive
2019-10-08 00:00:00,12.587082244565584,22.438048938722112,9.177241841549652,0.0,0,positive
2019-10-08 01:00:00,12.221005499680775,38.73554183460413,17.106494254065545,0.027884784457145734,0,positive
2019-10-08 02:00:00,18.608689980641294,10.22361277731099,1.5946539657708403,0.6357832844473593,0,positive
2019-10-08 03:00:00,17.83529269715671,47.189019316304666,9.20829859910419,0.15984146176204697,0,positive
2019-10-08 04:00:00,26.123283223206485,26.336916689665244,14.372236084706195,0.32405796113347585,0,positive
2019-10-08 05:00:00,16.907077735182114,43.116974162067976,11.814632411684684,0.0,0,positive
2019-10-08 06:00:00,8.515221460921534,43.07051659892377,2.828459741628005,0.07729437699461747,0,positive
2019-10-08 07:00:00,10.610124516807518,41.69483221314596,3.967005478463137,0.0,0,positive
2019-10-08 08:00:00,27.710561091859198,38.62466782515127,4.930115993035514,0.0,0,positive
2019-10-08 09:00:00,18.474780627442062,35.48161510956402,9.344567238393005,0.048529690439018475,0,positive
2019-10-08 10:00:00,25.769090347199434,26.998214792529133,5.941808388918954,0.3293737521955673,0,positive
2019-10-08 11:00:00,13.675311579900535,1.0,16.054684975059473,0.4590876045370583,0,positive
2019-10-08 12:00:00,18.757845876405344,5.94742939069722,6.447580119020281,0.0,0,positive
2019-10-08 13:00:00,20.480609271821944,18.299179371172276,10.897805712382386,0.0,0,positive
2019-10-08 14:00:00,10.044755041445548,45.48795097542332,18.263424909729455,0.36549912470315526,0,positive
2019-10-08 15:00:00,19.30139870345195,32.86995178388718,11.076283834842807,0.5245440181435049,0,positive
2019-10-08 16:00:00,23.315125623818417,29.14304075805785,17.239125064780225,0.0,0,positive
2019-10-08 17:00:00,35.34310088895616,18.443889533269893,10.936295834013961,0.0,0,positive
2019-10-08 18:00:00,15.047622017081741,37.66094171955411,14.062594184158002,0.0,0,positive
2019-10-08 19:00:00,8.464298806641894,34.73655760283831,3.487884526037437,0.08241590677303476,0,positive
2019-10-08 20:00:00,21.347297842519033,9.41521675976724,0.0,0.4306665871190922,0,positive
2019-10-08 21:00:00,17.818250430642557,1.0,11.924220183040674,0.08337397543651553,0,positive
2019-10-08 22:00:00,16.289001407708128,15.247546834126378,12.179039481571685,0.0,0,positive
2019-10-08 23:00:00,41.06081826147259,41.30282898087406,9.938515706310074,0.0,0,positive
2019-10-09 00:00:00,28.534206937606328,44.3762780187223,14.258625042825976,0.0,0,positive
2019-10-09 01:00:00,18.5167402164483,27.813452436320297,11.954008605894945,0.0,0,positive
2019-10-09 02:00:00,18.329276054805597,28.628394083103633,9.570386119348996,0.16600025588417086,0,positive
2019-10-09 03:00:00,29.61642922511912,1.223340640714298,3.8664747654155267,0.0,0,positive
2019-10-09 04:00:00,3.437151900910841,20.54542333446794,3.4242194207703696,0.0,0,positive
2019-10-09 05:00:00,30.90372713328211,31.324090232139465,2.8459313986442307,0.0,0,positive
2019-10-09 06:00:00,30.393388971530797,20.360617758276426,3.4471255803927567,0.0,0,positive
2019-10-09 07:00:00,20.227711074153596,44.712270360642115,7.931766041023516,0.0,0,positive
2019-10-09 08:00:00,13.719375087674873,34.81873023817599,6.946549928184216,0.0,0,positive
2019-10-09 09:00:00,9.492176417050493,45.28623552911993,6.24523808891011,0.0,0,positive
2019-10-09 10:00:00,21.23056850461334,51.92028286023954,0.0,0.31383017975733896,0,positive
2019-10-09 11:00:00,14.61690846483786,56.917683000804935,9.412934914596482,0.0,0,positive
2019-10-09 12:00:00,12.878712646990156,18.206961870942106,10.239068583613552,0.0,0,positive
2019-10-09 13:00:00,26.38991055091301,32.18493513607322,9.390718632273135,0.0,0,positive
2019-10-09 14:00:00,28.222139112679404,47.10512422916706,0.0,0.04950431532260127,0,positive
2019-10-09 15:00:00,30.013963181212056,52.81587639892905,2.896884902433313,0.8493002432339631,0,positive
2019-10-09 16:00:00,22.792278568057608,48.96257339525794,16.987972612171575,0.0,0,positive
2019-10-09 17:00:00,19.02626642731444,21.60304067622706,8.057256458353272,0.24957400195518367,0,positive
2019-10-09 18:00:00,13.879456754169471,65.7313347629493,16.925842010360654,0.0,0,positive
2019-10-09 19:00:00,14.63319681752698,47.82528986445918,11.198132047489509,0.05219502997012995,0,positive
2019-10-09 20:00:00,31.997322136350217,44.53056714291916,11.700071181521677,0.0,0,positive
2019-10-09 21:00:00,24.726331264016846,8.24583305428725,8.418105387052787,0.0,0,positive
2019-10-09 22:00:00,11.761272338879836,60.22724928951236,16.644976704428515,0.0,0,positive
2019-10-09 23:00:00,24.041707334846997,55.25937681428985,8.060265903009128,0.0,0,positive
2019-10-10 00:00:00,13.252229036304136,40.9548695674826,8.301929642122085,0.13611940516122115,0,positive
2019-10-10 01:00:00,21.590423105467224,33.804056542147876,16.9878058332232,0.0,0,positive
2019-10-10 02:00:00,22.091563512731728,38.73180964701624,8.221061890520991,0.07980224919880777,0,positive
2019-10-10 03:00:00,13.340582420893705,32.73422183589606,4.269508716737433,0.13686660092327288,0,positive
2019-10-10 04:00:00,26.089774516380277,40.86896989899852,0.0,0.0,0,positive
2019-10-10 05:00:00,29.965611087199388,50.88835608344481,13.129184214426193,0.0,0,positive
2019-10-10 06:00:00,15.23963737624679,18.74451758962909,9.723024523751787,0.08496606160800971,0,positive
2019-10-10 07:00:00,32.298648892840525,51.49969475513125,7.3388567173441395,0.13598197710444263,0,positive
2019-10-10 08:00:00,19.44714722391282,38.25846792215787,6.9895837730529795,0.0851896079245365,0,positive
2019-10-10 09:00:00,24.023078519759192,27.440633878840842,4.85966958137313,0.07462275383056621,0,positive
2019-10-10 10:00:00,18.78405935896636,38.66156583467528,9.366020114260614,0.13859800133966718,0,positive
2019-10-10 11:00:00,18.150071009076704,56.56665409874694,2.189602436328564,0.5021807527865527,0,positive
2023-09-12 10:00:00,7.105238774059908,35.43664919865004,8.154586390163495,0.07484650225965553,1,positive
2023-09-12 11:00:00,31.713518631428013,1.0,9.979669372154119,0.0,1,positive
2023-09-12 12:00:00,12.977753880866288,29.302902323151574,4.235540413856896,0.0,1,positive
2023-09-12 13:00:00,19.38990395981568,56.41227925526757,17.1869333774376,0.0,1,positive
2023-09-12 14:00:00,37.24048171251576,35.533647154769376,16.768455133505405,0.23883405959223067,1,positive
2023-09-12 15:00:00,23.048462608369153,40.482117089642514,23.894268396837674,0.0,1,positive
2023-09-12 16:00:00,16.341883760388292,49.53496805413787,6.1908373145782924,0.19523084501979984,1,positive
2023-09-12 17:00:00,29.26881087913689,35.46628381656729,9.39287957255903,0.0,1,positive
2023-09-12 18:00:00,24.692665012843477,41.37448846154224,0.0,0.0,1,positive
2023-09-12 19:00:00,10.46160691552471,34.123831342119765,8.41990501657227,0.27813423557046413,1,positive
2023-09-12 20:00:00,28.648254861343794,14.867372504436396,5.965281256137205,0.19986309623702805,1,positive
2023-09-12 21:00:00,21.627301837285284,39.182964269708584,2.960535251882277,0.1876084183863235,1,positive
2023-09-12 22:00:00,22.504018946677597,6.6208062003213435,0.0,0.03635862217842528,1,positive
2023-09-12 23:00:00,20.232261457709168,33.4486982963805,7.86008771734891,0.0,1,positive
2023-09-13 00:00:00,29.581196878786397,18.333426486236625,2.1401420354960266,0.0,1,positive
2023-09-13 01:00:00,24.311333337349655,53.674210679696685,5.843302808802448,0.0,1,positive
2023-09-13 02:00:00,8.368057099116996,22.504449158059828,5.211355562523926,0.0,1,positive
2023-09-13 03:00:00,22.308648983847338,30.32380503766329,13.246698052717036,0.0,1,positive
2023-09-13 04:00:00,15.101456324195656,42.18313307780692,0.32178965036940355,0.0033147008043174775,1,positive
2023-09-13 05:00:00,22.820425469810136,32.78836265122749,15.941380535746312,0.1129950055782993,1,positive
2023-09-13 06:00:00,38.48238536419262,31.61852826157851,1.614917775148859,0.0,1,positive
2023-09-13 07:00:00,25.17626640012393,43.33373132975187,4.8891614987287095,0.006199765161025661,1,positive
2023-09-13 08:00:00,31.26006206416907,56.54452634844937,10.647067035628611,0.0,1,positive
2023-09-13 09:00:00,6.953612576207538,30.23140177057306,3.6649737183828686,0.3599478331059789,1,positive
2023-09-13 10:00:00,17.4284062464261,32.50763237075402,17.410874401020248,0.0,1,positive
2023-09-13 11:00:00,25.310338537521712,31.51596005113647,8.37856643978417,0.0,1,positive
2023-09-13 12:00:00,25.586592527785275,52.479613033207656,16.236969988016646,0.0,1,positive
2023-09-13 13:00:00,26.716375088284817,17.737032362216496,7.560616287921897,0.0,1,positive
2023-09-13 14:00:00,28.927749107337227,38.174145991925755,12.431969797839763,0.0,1,positive
2023-09-13 15:00:00,31.602450066074574,39.340387354356665,6.221508422144827,0.0,1,positive
2023-09-13 16:00:00,-1.4447550068222057,40.74328604577574,0.0,0.09232641426213575,1,positive
2023-09-13 17:00:00,25.614148807527872,42.162940059001926,2.1878560993003475,0.0,1,positive
2023-09-13 18:00:00,32.964327908913056,27.739548026409857,19.214601562014927,0.0,1,positive
2023-09-13 19:00:00,25.264289415050136,59.25311597747911,8.655135580967098,0.0695160759711787,1,positive
2023-09-13 20:00:00,21.122180386445677,34.465838957148634,1.1762917389921732,0.0703948156399124,1,positive
2023-09-13 21:00:00,16.062463248020507,48.86536635781151,8.173059370926278,0.0,1,positive
2023-09-13 22:00:00,21.15054455501939,38.34683027609249,11.0840709984489,0.0,1,positive
2023-09-13 23:00:00,13.667298939029825,51.570188231037946,5.938315638976347,0.03282323537940737,1,positive
2023-09-14 00:00:00,25.550501675064837,41.9505470904903,0.34642371371646785,0.0,1,positive
2023-09-14 01:00:00,27.884664739426988,40.61579677559395,11.159907418806977,0.0,1,positive
2023-09-14 02:00:00,24.648321239969565,30.4607036079433,5.586049206376776,0.0,1,positive
2023-09-14 03:00:00,33.83419608539384,61.91555081900538,14.574039357529525,0.021519037206978037,1,positive
2023-09-14 04:00:00,24.821761304210746,46.50234307676365,8.60588974649731,0.34175618795783413,1,positive
2023-09-14 05:00:00,28.590025055009455,34.11076030961102,4.353565318131693,0.0,1,positive
2023-09-14 06:00:00,27.071283021869938,35.044899367999335,9.701049884341689,0.009768698732712133,1,positive
2023-09-14 07:00:00,19.001268296819124,46.34372245444709,9.894213017291973,0.0,1,positive
2023-09-14 08:00:00,33.538438329489956,27.48882884364626,0.0,0.0,1,positive
2023-09-14 09:00:00,13.831638714573424,35.782599779863006,6.630747472268814,0.0,1,positive
2023-09-14 10:00:00,26.95761572385983,40.09813041789056,9.580239353221431,0.0,1,positive
2023-09-14 11:00:00,26.929077344017905,3.3806998733383544,6.177808738677694,0.04775311980462518,1,positive
2023-09-14 12:00:00,22.288479414382362,34.93050541663482,13.2276613739484,0.06467378463980236,1,positive
2023-09-14 13:00:00,23.62220038601894,27.494583839046502,10.425805562728689,0.0,1,positive
2023-09-14 14:00:00,21.988858788453207,49.79204475441152,5.211143270052882,0.4368213671438883,1,positive
2023-09-14 15:00:00,27.419210949538417,20.678122743037676,12.869470641087005,0.0,1,positive
2023-09-14 16:00:00,22.81540709898126,23.565148129585218,3.7039699071221497,0.297062977013432,1,positive
2023-09-14 17:00:00,26.34075570633568,20.665622488979032,10.18756124309935,0.19112295846234792,1,positive
2023-09-14 18:00:00,20.36745132448921,36.64471631861013,20.225650725294585,0.0,1,positive
2023-09-14 19:00:00,33.77611653192107,37.2476362098092,10.055859590079816,0.017835714025695365,1,positive
2023-09-14 20:00:00,25.557814545561865,32.69472343456973,15.270250907287291,0.46681936645939703,1,positive
2023-09-14 21:00:00,31.05787657743398,25.334493196804658,7.6987407679935655,0.0,1,positive
2023-09-14 22:00:00,25.64018976278016,56.676889353898005,7.61321910089573,0.061027657343721425,1,positive
2023-09-14 23:00:00,13.083064295456586,31.56061019671538,0.03602870139236192,0.0,1,positive
2023-09-15 00:00:00,23.814288368873083,54.78519796612095,22.046054306147514,0.0,1,positive
2023-09-15 01:00:00,33.482401253163516,38.65628720602472,7.24376176626812,0.13870051057394103,1,positive
2023-09-15 02:00:00,22.495331869439674,36.65593588418328,5.958334185866654,0.0,1,positive
2023-09-15 03:00:00,9.650998379823347,44.7986732492184,6.616499549571433,0.0,1,positive
2023-09-15 04:00:00,22.068045013785227,46.923983793734415,8.90181971513199,0.22693226723410206,1,positive
2023-09-15 05:00:00,34.63348402385306,42.418349829842796,12.86831755672045,0.0,1,positive
2023-09-15 06:00:00,31.04079453123611,44.21148765668936,10.991735235374414,0.0,1,positive
2023-09-15 07:00:00,13.221298603623652,45.51084735289379,1.2209301443672302,0.08691884583078041,1,positive
2023-09-15 08:00:00,32.428520542464696,47.60330244041296,15.436991448429314,0.4416179103810014,1,positive
2023-09-15 09:00:00,12.78200926978586,31.39344204394486,8.51015648620287,0.4576708550336773,1,positive
2023-09-15 10:00:00,31.069443830053615,29.58094362494832,9.760172359014621,0.0,1,positive
2023-09-15 11:00:00,25.602538224350504,35.04662825278455,4.250933308577412,0.19948454277008712,1,positive
2023-09-15 12:00:00,20.526594027878225,30.947673059943558,16.85670621133842,0.0,1,positive
2023-09-15 13:00:00,20.048831118581298,3.538235635847876,3.5289632401026134,0.0,1,positive
2023-09-15 14:00:00,16.513178590586858,55.72561390066696,7.175311123018907,0.12334418417776014,1,positive
2023-09-15 15:00:00,22.493637072402944,35.558417546323646,7.556017761437495,0.14039507021767808,1,positive
2023-09-15 16:00:00,35.75036002439887,1.0,0.0,0.0,1,positive
2023-09-15 17:00:00,22.11622305550055,45.35156637146019,10.365435990137376,0.0,1,positive
2023-09-15 18:00:00,30.1523495459341,50.45293104729096,8.920289156357828,0.05296780836381135,1,positive
2023-09-15 19:00:00,17.508135785736933,45.46725258500007,8.553065612893388,0.05945793923796622,1,positive
2023-09-15 20:00:00,33.783628577516595,1.0,0.9115791492021517,0.0,1,positive
2023-09-15 21:00:00,19.093914819449555,31.18087745350955,0.46337176113476275,0.024024526768688992,1,positive
2023-09-15 22:00:00,15.113266571811439,71.86136138113838,17.00870973873573,0.0,1,positive
2023-09-15 23:00:00,19.09133367754561,17.76194004217559,0.0,0.0,1,positive
2023-09-16 00:00:00,14.017184134047795,33.727242025069856,0.0,0.0,1,positive
2023-09-16 01:00:00,23.189016762422646,40.493143966759064,10.087359793710073,0.0,1,positive
2023-09-16 02:00:00,28.837485841084494,22.996824550972246,11.164289573036532,0.0,1,positive
2023-09-16 03:00:00,10.988900007376417,30.25703443128218,9.826818710318838,0.0,1,positive
2023-09-16 04:00:00,20.87209682044465,57.976683359015794,13.037553854932796,0.5327950932553619,1,positive
2023-09-16 05:00:00,28.000974497095555,64.0069022778228,17.802423003915134,0.0,1,positive
2023-09-16 06:00:00,14.587735110742795,57.273781801007765,2.708594745811814,0.0,1,positive
2023-09-16 07:00:00,18.110446954407625,41.30340064211879,7.488016466944519,0.07865542045346721,1,positive
2023-09-16 08:00:00,16.606300306203927,24.31494403380937,3.6024518567052874,0.0,1,positive
2023-09-16 09:00:00,24.38008856948444,48.301385816071075,5.5546126594053815,0.6913252580077497,1,positive
2023-09-16 10:00:00,16.29156814903716,1.0,1.109953615760669,0.0,1,positive
2023-09-16 11:00:00,4.0017297763871404,17.069615385528458,14.624778396908155,0.06413234024931971,1,positive
2023-09-16 12:00:00,32.32451009856939,41.164738653513126,11.912794128575797,0.0,1,positive
2023-09-16 13:00:00,26.191607633541366,45.93071351111519,5.116763538831536,0.05002744129849762,1,positive
2023-09-16 14:00:00,26.529502068598664,26.75671068304876,2.3861578386450253,0.0,1,positive
2023-09-16 15:00:00,22.692044335371694,39.90514803183972,4.037370847710427,0.0,1,positive
2023-09-16 16:00:00,26.564296289107883,44.27286071997951,15.759400600612443,0.0,1,positive
2023-09-16 17:00:00,13.989668537947647,60.25379314307034,5.345117477221426,0.0,1,positive
2023-09-16 18:00:00,22.54389300840871,28.817759323145488,0.0,0.0,1,positive
2023-09-16 19:00:00,9.524934117555128,49.50948853764159,15.58396328569624,0.0568263429771555,1,positive
2023-09-16 20:00:00,24.41576594015417,24.119127169880368,4.8575763493160515,0.045249764813676846,1,positive
2023-09-16 21:00:00,21.6916939052527,61.09472062896518,5.588837606485395,0.11208179260804604,1,positive
2023-09-16 22:00:00,22.779307303662257,46.9366701461635,5.764211713350266,0.18837033313381116,1,positive
2023-09-16 23:00:00,21.076008965608523,22.459143277313192,11.310407672908763,0.0,1,positive
2023-09-17 00:00:00,26.748437559244532,58.05448480876467,15.246724006181518,0.0,1,positive
2023-09-17 01:00:00,24.984418547473425,25.645989661126812,8.116776580572777,0.0,1,positive
2023-09-17 02:00:00,34.96056247308841,40.45547225514444,6.909854359477889,0.11748451848174127,1,positive
2023-09-17 03:00:00,4.6350767216367075,4.788461077020653,11.979193276098869,0.0,1,positive
2023-09-17 04:00:00,24.003570402086083,15.104058450221768,7.883831445748169,0.09764115993068356,1,positive
2023-09-17 05:00:00,28.593596958366902,37.54559817714218,5.804730449475311,0.6530350891100726,1,positive
2023-09-17 06:00:00,4.966416886399859,38.86460631381741,12.22741554240927,0.9420078023540154,1,positive
2023-09-17 07:00:00,16.708664861545472,17.638030516498667,3.1732440259561825,0.0,1,positive
2023-09-17 08:00:00,5.324782760092205,44.21405657535596,11.769275349668412,0.09012511814196891,1,positive
2023-09-17 09:00:00,2.154331920123667,20.053720609964156,14.164509670513482,0.3636147879142537,1,positive
2023-09-17 10:00:00,19.219812702451847,17.299988322991116,12.022851507924184,0.21699352985076895,1,positive
2023-09-17 11:00:00,25.231632165884893,43.4819062875364,17.181129198650098,0.0,1,positive
2023-09-17 12:00:00,25.00835495698089,12.72416781308846,13.95206781646872,0.0,1,positive
2023-09-17 13:00:00,17.513966687298037,34.66628307726184,0.18557827330075227,0.0,1,positive
2023-09-17 14:00:00,29.739730183400084,39.394007352459376,0.055512179106374404,0.0,1,positive
2023-09-17 15:00:00,27.936231223835925,6.830168510511385,2.6261699309114306,0.4280337014667286,1,positive
2023-09-17 16:00:00,24.160763473578292,41.17957373190131,17.297474038116558,0.0,1,positive
2023-09-17 17:00:00,27.263104083465436,75.6611829082749,6.930977209547546,0.0,1,positive
2023-09-17 18:00:00,25.422371185977063,41.584865440833426,5.366423040268959,0.0,1,positive
2023-09-17 19:00:00,16.141716948783394,48.73895453419398,7.4542742421933275,0.0,1,positive
2023-09-17 20:00:00,26.498182975315945,15.62176597652465,9.763136019585861,0.06258906374444126,1,positive
2023-09-17 21:00:00,25.729421297578487,29.35681844324803,5.46447359785879,0.2738302751836649,1,positive
2023-09-17 22:00:00,19.96829857561775,29.332902008625922,12.581557205372834,0.35079919020078465,1,positive
2023-09-17 23:00:00,28.896000403297073,29.304702122861585,9.88473892847686,0.0,1,positive
2023-09-18 00:00:00,32.62904853479549,53.68452440257809,12.797952628750368,0.27908070887481895,1,positive
2023-09-18 01:00:00,28.632968568528423,41.07282631453563,0.0,0.0,1,positive
2023-09-18 02:00:00,24.9162759122661,43.341129107347264,8.886306834744278,0.18548104305569937,1,positive
2023-09-18 03:00:00,33.788891138024766,53.3905086486602,0.0,0.04418046001125589,1,positive
2023-09-18 04:00:00,20.68279177964839,8.718521409095434,8.47091529116156,0.0,1,positive
2023-09-18 05:00:00,13.307457123275277,40.04601408034809,3.4208826135178114,0.6699865847784727,1,positive
2023-09-18 06:00:00,33.81914907336028,26.861632698322623,10.311062445053123,0.0,1,positive
2023-09-18 07:00:00,36.89854049115904,44.03978669459748,7.087500786748691,0.3921864521624051,1,positive
2023-09-18 08:00:00,10.721444568417517,52.73796112628986,6.380076122517849,0.0,1,positive
2023-09-18 09:00:00,18.066755080276124,26.29022895881623,11.473353058142044,0.031147803570462013,1,positive
2023-09-18 10:00:00,27.21398513122432,34.86807965771643,10.565999055385905,0.2059142598656715,1,positive
2023-09-18 11:00:00,39.83785473127639,11.481043753542522,14.304686617814923,0.0,1,positive
2023-09-18 12:00:00,15.18272955227525,68.4391041583396,12.977451414726591,0.0,1,positive
2023-09-18 13:00:00,22.224177496207012,31.741607626719855,6.952955864801959,0.0,1,positive
2023-09-18 14:00:00,33.20949020027117,37.71971326792129,3.4427818843135487,0.017055971917478874,1,positive
2023-09-18 15:00:00,29.369205971158337,44.81989292671679,11.727494532624913,0.5336181678606641,1,positive
2023-09-18 16:00:00,14.568086662955363,21.977098540388305,0.0,0.0,1,positive
2023-09-18 17:00:00,21.33240973418725,28.400184432054367,0.0,0.0,1,positive
2023-09-18 18:00:00,30.966725211225334,25.030609999053034,9.802958388284207,0.43569612457098483,1,positive
2023-09-18 19:00:00,33.50964385887385,32.83958509917986,9.450201982417676,0.2585074594557146,1,positive
2023-09-18 20:00:00,34.13152080471523,30.401515680694132,5.033899075648204,0.0,1,positive
2023-09-18 21:00:00,26.079185987812284,33.42163798623693,6.023779274982642,0.02953078556696581,1,positive
2023-09-18 22:00:00,21.086320865777306,69.49383639555978,8.453712818760865,0.08786080304488844,1,positive
2023-09-18 23:00:00,24.858555381685015,49.44440859874172,4.376944742411378,0.0,1,positive
2023-09-19 00:00:00,25.6776476401199,49.828298636979724,8.201282510002315,0.19487518181047372,1,positive
2023-09-19 01:00:00,11.117933069685384,13.592953967206384,0.0,0.0,1,positive
2023-09-19 02:00:00,31.000351373664202,34.798763196127865,0.0,0.5807902473537861,1,positive
2023-09-19 03:00:00,20.697608026939143,66.43998125338159,0.7143104354022185,0.0,1,positive
2023-09-19 04:00:00,35.64682144435651,41.74967512019822,10.816565367582124,0.0,1,positive
2023-09-19 05:00:00,24.639548309258117,46.66414295417804,3.9525684055361685,0.0,1,positive
2023-09-19 06:00:00,11.015975864915687,39.92551959247307,8.893704816431637,0.0,1,positive
2023-09-19 07:00:00,21.818517797394826,25.661897710016703,2.6414933656912787,0.0,1,positive
2023-09-19 08:00:00,13.168090917026708,39.841961961398724,2.2495725292381827,0.14758532763267537,1,positive
2023-09-19 09:00:00,12.54816745656944,26.505576266284905,4.8769829589241045,0.07015866794362305,1,positive
2022-07-30 16:00:00,24.642319564932734,31.823992961834087,10.493597205348618,0.0,2,positive
2022-07-30 17:00:00,21.65493128287274,64.96271266707144,8.661732532013362,0.0,2,positive
2022-07-30 18:00:00,26.38502703713757,48.43407864971518,0.0,0.0,2,positive
2022-07-30 19:00:00,23.682330328689172,24.276851571537357,14.560126311099571,0.0,2,positive
2022-07-30 20:00:00,6.523754114295057,15.979791247340046,0.0,0.2959487067095299,2,positive
2022-07-30 21:00:00,20.492926981884935,28.633059353271534,13.394395195148693,0.0,2,positive
2022-07-30 22:00:00,20.63689261315111,2.9795949878471575,11.086407902461293,0.0,2,positive
2022-07-30 23:00:00,24.47513256125556,49.72219623962174,2.1758595176948,0.0,2,positive
2022-07-31 00:00:00,14.324577974865056,46.23834390801282,0.0,0.1341139698007107,2,positive
2022-07-31 01:00:00,28.71938084106238,38.55433083078869,7.475209219999137,0.07959978016676084,2,positive
2022-07-31 02:00:00,20.106729402784797,8.288928386547944,3.983799540241474,0.0,2,positive
2022-07-31 03:00:00,25.164072850900066,11.494126246468426,4.378287402958994,0.5854020612839722,2,positive
2022-07-31 04:00:00,19.0762432470862,14.361296170976729,4.858144459402607,0.0,2,positive
2022-07-31 05:00:00,28.172266078095355,47.136819664853654,7.27094770955592,0.0,2,positive
2022-07-31 06:00:00,23.119394496312907,22.751373388166378,2.2658395891627956,0.0,2,positive
2022-07-31 07:00:00,16.921494688228346,17.547893003115934,8.810297795314373,0.0,2,positive
2022-07-31 08:00:00,9.303213593614066,35.3769306682405,6.900321023668322,0.03474790541265954,2,positive
2022-07-31 09:00:00,21.896489855171296,13.196010801025537,1.6880535057141728,0.0,2,positive
2022-07-31 10:00:00,30.230247357964075,1.787189434354957,9.7286328990079,0.0,2,positive
2022-07-31 11:00:00,20.775792990350297,43.25303744039661,4.484654595510989,0.020630380078514282,2,positive
2022-07-31 12:00:00,9.032691853534788,1.0,12.713829006126376,0.03514404950891062,2,positive
2022-07-31 13:00:00,18.355777239972557,14.203366200947102,0.9501514845806209,0.030861478402894188,2,positive
2022-07-31 14:00:00,16.163382446914827,40.66956496992048,10.26269209489796,0.0,2,positive
2022-07-31 15:00:00,23.90880632742755,58.6665230739783,2.66203115477557,0.20595253143613482,2,positive
2022-07-31 16:00:00,31.06151856415671,53.96809714007055,0.8911817532771353,0.0,2,positive
2022-07-31 17:00:00,32.864968766938084,42.62118657798598,8.976315157398863,0.24470811149974322,2,positive
2022-07-31 18:00:00,18.929592594338036,39.323285946354865,6.738129375077583,0.0,2,positive
2022-07-31 19:00:00,22.6287896489203,24.828927072597512,10.660646869407191,0.0,2,positive
2022-07-31 20:00:00,7.784106885391399,39.8601878628497,4.1990495569054715,0.0,2,positive
2022-07-31 21:00:00,22.372459786622887,46.427821610636954,13.877532882543898,0.009363628006928776,2,positive
2022-07-31 22:00:00,34.72361838332819,40.6259322783851,13.38921677872591,0.27451393430912796,2,positive
2022-07-31 23:00:00,15.353840947157314,37.189074412171614,7.914810553312685,0.0116918573584113,2,positive
2022-08-01 00:00:00,30.676121287439727,8.521695270457261,12.869095358586545,0.01842787946910515,2,positive
2022-08-01 01:00:00,20.369745111003617,12.933271484226644,10.515243341884325,0.2404237723160169,2,positive
2022-08-01 02:00:00,18.31310945788071,44.72591016858069,0.5394708226350406,0.0,2,positive
2022-08-01 03:00:00,21.046649301376636,52.54307220940825,7.106724154930549,0.775721733308934,2,positive
2022-08-01 04:00:00,17.947178432230377,54.093241531319954,10.681484845904468,0.147011192831239,2,positive
2022-08-01 05:00:00,20.108428640283893,11.492343641218294,9.942371004257705,1.0946601338856188,2,positive
2022-08-01 06:00:00,23.028972739930126,70.80427699360884,2.4993222313784713,0.0,2,positive
2022-08-01 07:00:00,36.3863016073845,52.870844604371214,4.5189397421005015,0.0,2,positive
2022-08-01 08:00:00,22.0159948513207,39.22933801091236,4.506597820075851,0.029225136095334642,2,positive
2022-08-01 09:00:00,9.21558099778629,37.02685177802123,10.25010336710916,0.5073201544211647,2,positive
2022-08-01 10:00:00,9.079592875321698,49.82797794277194,9.822625189964011,0.07984082972554452,2,positive
2022-08-01 11:00:00,19.755196425295487,12.489958958272418,2.8729493611104777,0.0,2,positive
2022-08-01 12:00:00,31.82736649824121,25.407449136687866,11.201068296643793,0.07607847941973525,2,positive
2022-08-01 13:00:00,23.983580486815,32.879067467842965,12.365283000463716,0.0,2,positive
2022-08-01 14:00:00,9.419773999980473,14.27076452954551,5.340612530286213,0.0,2,positive
2022-08-01 15:00:00,25.28169612543641,28.013477527128835,19.873032750132158,0.0,2,positive
2022-08-01 16:00:00,23.62906542967841,18.080704647414965,5.532993298086607,0.2484885700888864,2,positive
2022-08-01 17:00:00,3.3970290010057056,38.55239175182041,17.514537311370837,0.1857582286556508,2,positive
2022-08-01 18:00:00,24.078462854444076,50.37382539688099,7.180232499865017,0.5039815675767335,2,positive
2022-08-01 19:00:00,3.794108770225982,44.614860790924595,7.434157951355514,0.6555579196780906,2,positive
2022-08-01 20:00:00,23.01277368222155,26.24479464790728,5.357869344422372,0.0,2,positive
2022-08-01 21:00:00,11.292940709409244,50.70972929110638,1.011569184407982,0.0,2,positive
2022-08-01 22:00:00,37.38356955253262,51.91032142463634,8.488019962477201,0.24023833811265896,2,positive
2022-08-01 23:00:00,17.765821546400854,36.09912971878545,8.187616161697992,0.0,2,positive
2022-08-02 00:00:00,21.753339887326526,31.784373354423288,0.7901063217999358,0.18816368981263057,2,positive
2022-08-02 01:00:00,29.31699243189477,14.47498553673324,7.0522224423036075,0.1043177985216773,2,positive
2022-08-02 02:00:00,22.89080343518489,29.170502283997727,15.386968324873346,0.01357823047192086,2,positive
2022-08-02 03:00:00,11.50557467378231,45.06842017420548,4.126740718689685,0.0,2,positive
2022-08-02 04:00:00,24.510552160856975,27.62378870404798,12.464279081614777,0.45696181810142966,2,positive
2022-08-02 05:00:00,17.048427579269095,25.154436596778368,5.171806258224805,0.0,2,positive
2022-08-02 06:00:00,27.030370348882425,60.64915931018106,19.338221019496274,0.12720907462049622,2,positive
2022-08-02 07:00:00,22.56335301861831,17.356995250348504,4.111970361258665,0.42382640298939456,2,positive
2022-08-02 08:00:00,13.542761006893805,19.221690906523797,7.278578107398726,0.0,2,positive
2022-08-02 09:00:00,28.737015673101062,21.23369693873729,22.04784485048196,0.0,2,positive
2022-08-02 10:00:00,19.512088800605795,28.229233235534075,8.36008820958526,0.07799850960377783,2,positive
2022-08-02 11:00:00,35.64873406502112,51.792510212043744,9.484579353680562,0.0,2,positive
2022-08-02 12:00:00,23.685335021796963,18.178534309741174,15.311776317366803,0.0,2,positive
2022-08-02 13:00:00,22.763512307901888,1.0,3.0829201067048473,0.017349514973900054,2,positive
2022-08-02 14:00:00,31.703069533785246,51.63754717238197,0.03993498879272295,0.0,2,positive
2022-08-02 15:00:00,30.124121731863436,10.124966516266323,7.960477423133819,0.0,2,positive
2022-08-02 16:00:00,19.59388332122612,7.217572168981977,6.371509449631357,0.0,2,positive
2022-08-02 17:00:00,20.815420763617965,26.547928618623956,5.784939233792663,0.057776376197358925,2,positive
2022-08-02 18:00:00,25.53963683975769,30.433598557149992,5.951755358159991,0.2899469347297686,2,positive
2022-08-02 19:00:00,6.6326725928385475,42.15552690839687,7.997184514385206,0.0,2,positive
2022-08-02 20:00:00,29.685874460755713,5.707767049276278,0.0,0.010685248886284748,2,positive
2022-08-02 21:00:00,21.943065158971873,37.55265414787898,5.689364624137772,0.20673456630642292,2,positive
2022-08-02 22:00:00,19.913372332763334,3.3846591857839563,11.846181040185641,0.0,2,positive
2022-08-02 23:00:00,27.156467295871842,21.805363589487403,11.368971968338789,0.0,2,positive
2022-08-03 00:00:00,34.470529982392684,21.858351136580637,6.867727077279308,0.36979742717302,2,positive
2022-08-03 01:00:00,22.45928057150526,18.24008596923088,10.073081425133516,0.0,2,positive
2022-08-03 02:00:00,22.703703170648016,38.29377390769916,6.706470491571349,0.016370320084865497,2,positive
2022-08-03 03:00:00,14.794462530298588,26.19018855854332,8.054927567637629,0.0,2,positive
2022-08-03 04:00:00,10.021014639243706,15.345548753518411,0.0,1.1708157493586469,2,positive
2022-08-03 05:00:00,13.053553462347649,29.231748349731248,11.306890949458541,0.0,2,positive
2022-08-03 06:00:00,23.850256181946918,30.50993138372417,11.360571575482183,0.0,2,positive
2022-08-03 07:00:00,16.46453043060312,32.47022369899321,13.218716988602472,0.0,2,positive
2022-08-03 08:00:00,10.824303537990948,44.83427091757074,2.576946887818809,0.0,2,positive
2022-08-03 09:00:00,30.192790718728197,39.348282138776014,8.786164217180968,0.0,2,positive
2022-08-03 10:00:00,27.428191611200226,29.438327458069075,9.17784935319947,0.0,2,positive
2022-08-03 11:00:00,17.505547651795283,25.75710890013958,2.028172596377705,0.13832220911282814,2,positive
2022-08-03 12:00:00,7.372837508467981,45.94743183523295,17.044572710413853,0.0,2,positive
2022-08-03 13:00:00,8.991324090987868,45.872820073343,15.110531749617781,0.0,2,positive
2022-08-03 14:00:00,22.811579445200394,4.881604237929945,9.333680839883208,0.0,2,positive
2022-08-03 15:00:00,23.597080143292118,11.581956167166794,10.71429112238798,0.0,2,positive
2022-08-03 16:00:00,15.734561106278658,17.946161278843483,0.0,0.0,2,positive
2022-08-03 17:00:00,17.34724852574716,11.734708814779179,10.265093781560857,0.0,2,positive
2022-08-03 18:00:00,13.39411233083814,26.681413915393293,13.356522694648078,0.0,2,positive
2022-08-03 19:00:00,20.95979150801208,44.28657527697279,2.195440218066305,0.0,2,positive
2022-08-03 20:00:00,23.178578643891765,27.952452372519097,10.17729167978709,0.6019931782427536,2,positive
2022-08-03 21:00:00,26.078565662208945,43.27788157296938,0.0,0.0,2,positive
2022-08-03 22:00:00,-2.3810605228220325,25.759264616658122,13.126740171288775,0.0,2,positive
2022-08-03 23:00:00,10.270512140243664,18.59394407424994,13.134528731603098,0.29233014287097747,2,positive
2022-08-04 00:00:00,31.03192880769614,34.17346851436566,2.0380233477878322,0.0,2,positive
2022-08-04 01:00:00,13.86220527118687,47.993378012877926,11.662139048814192,0.0,2,positive
2022-08-04 02:00:00,18.771263051845327,22.052215064835842,14.467549842296851,0.0,2,positive
2022-08-04 03:00:00,34.83383283748011,34.50057890724594,2.190327968099562,0.0,2,positive
2022-08-04 04:00:00,15.587049273852395,15.88072396976741,8.474134298651878,0.07122749083572966,2,positive
2022-08-04 05:00:00,4.55707033009449,29.304852937277403,0.0,0.05874480140616398,2,positive
2022-08-04 06:00:00,14.727176891173153,21.931758919612786,18.004815507950767,0.14388203590193474,2,positive
2022-08-04 07:00:00,23.962968071962656,8.35402555486558,4.730184331815391,0.0,2,positive
2022-08-04 08:00:00,13.803768696695949,48.620942652769784,1.9865170704948492,0.4054196638356411,2,positive
2022-08-04 09:00:00,17.31158688019553,37.46480989072874,4.79754964072287,0.0,2,positive
2022-08-04 10:00:00,20.110959265776117,23.984183639130485,10.425469342485563,0.0,2,positive
2022-08-04 11:00:00,21.29108843797466,28.543124998070628,11.982720152599985,0.0,2,positive
2022-08-04 12:00:00,19.546421697392503,36.57035044832189,16.48293341485425,0.0,2,positive
2022-08-04 13:00:00,28.15885514444284,6.602432581428424,9.08636579114312,0.004259707174553318,2,positive
2022-08-04 14:00:00,25.909348195738456,37.55937617809689,5.1977526559846225,0.0,2,positive
2022-08-04 15:00:00,19.98349747677315,23.21035088102967,6.550621922625651,0.04507608028806248,2,positive
2022-08-04 16:00:00,15.862263451754878,22.905772689729737,1.198782812039128,0.0,2,positive
2022-08-04 17:00:00,26.362586095736482,38.47490666354776,12.82585246364333,0.11095887837166721,2,positive
2022-08-04 18:00:00,25.136087498926052,39.55756138456344,7.542299902908961,0.0,2,positive
2022-08-04 19:00:00,39.71322092633529,28.220735302197372,4.670611444397818,0.0,2,positive
2022-08-04 20:00:00,24.014835322360042,13.928126785845087,13.613391272818692,0.0,2,positive
2022-08-04 21:00:00,13.112551238274236,52.83176171530811,11.12837785798077,0.07633391381816304,2,positive
2022-08-04 22:00:00,36.217462722061796,44.88196052549289,7.94901942187477,0.0,2,positive
2022-08-04 23:00:00,23.274382270637126,34.57875387343952,4.698499419890055,0.10850503555517169,2,positive
2022-08-05 00:00:00,25.812823738591838,35.220202098345666,4.050068230661985,0.016901337756989793,2,positive
2022-08-05 01:00:00,21.441609713902896,14.997885218986983,0.6409382433790718,0.0,2,positive
2022-08-05 02:00:00,1.1848934795864885,38.0811579044189,5.609584711230878,0.2198014552614528,2,positive
2022-08-05 03:00:00,18.052254326768995,44.89226321377844,6.015430793811042,0.0,2,positive
2022-08-05 04:00:00,27.89469224736041,28.061664255131298,12.982774422492021,0.6792321338689625,2,positive
2022-08-05 05:00:00,24.356742740467034,48.83959584181779,11.300187458951674,0.0,2,positive
2022-08-05 06:00:00,15.892485461514717,14.31276122977118,3.028324457524403,0.17845568862318398,2,positive
2022-08-05 07:00:00,25.98338347415503,36.53384989471124,2.38521475446435,0.0,2,positive
2022-08-05 08:00:00,12.202361778795677,52.3842437356535,22.287192115699327,0.2517902039354317,2,positive
2022-08-05 09:00:00,22.430283450258564,43.74662203486615,5.535701155522203,0.5151098337240834,2,positive
2022-08-05 10:00:00,17.17824509575822,18.60657138351876,0.7649771179249214,0.0,2,positive
2022-08-05 11:00:00,24.182900144206183,40.695313709209756,6.454888174018752,0.0,2,positive
2022-08-05 12:00:00,29.716405457914668,34.51494321957177,10.653469690123664,0.0,2,positive
2022-08-05 13:00:00,19.262776874143622,13.89628751597207,0.0,0.0,2,positive
2022-08-05 14:00:00,22.45197353594586,15.708049449368136,7.827625674826836,0.0,2,positive
2022-08-05 15:00:00,4.751935951524967,21.273130107807482,10.036319468677343,0.0,2,positive
2022-08-05 16:00:00,12.770600668801915,37.376720757496024,13.11203612680236,0.06620817832274362,2,positive
2022-08-05 17:00:00,21.237713703888524,27.980355300135614,4.853277578327478,0.384998456666479,2,positive
2022-08-05 18:00:00,23.560831785143105,44.441060091533004,8.65936906560576,0.12486083948066082,2,positive
2022-08-05 19:00:00,22.7567402636616,46.7703307419753,12.354113851833194,0.30865613953803794,2,positive
2022-08-05 20:00:00,7.534847625034033,58.1523928402183,9.283293653561309,0.0,2,positive
2022-08-05 21:00:00,16.28944402225031,46.57811438554742,6.6016158443355355,0.07689372620659551,2,positive
2022-08-05 22:00:00,33.20705488250373,19.290692804242845,4.009233211225831,0.0,2,positive
2022-08-05 23:00:00,25.123639456431057,42.44514551511097,12.556190222844734,0.0,2,positive
2022-08-06 00:00:00,25.91507151150727,31.11186111027375,8.313491516183571,0.0,2,positive
2022-08-06 01:00:00,23.72078508655229,46.58809711374141,10.775728409724156,0.0,2,positive
2022-08-06 02:00:00,15.526992120471682,36.015068870940645,7.85991107552128,0.0,2,positive
2022-08-06 03:00:00,39.65220245712322,27.14340832188147,10.111445095626799,0.0,2,positive
2022-08-06 04:00:00,22.784015312795063,70.06767678758249,6.109803541342616,1.7536239400796423,2,positive
2022-08-06 05:00:00,19.187802118853654,38.73400865594987,12.231520311538649,0.2935833193315801,2,positive
2022-08-06 06:00:00,32.07291879467789,33.57552034110992,6.339157350804973,0.0,2,positive
2022-08-06 07:00:00,25.153901195536246,24.207776810321786,4.528681188759656,0.11973276638315275,2,positive
2022-08-06 08:00:00,29.492554846854304,29.534340606601372,8.636812378282428,0.0,2,positive
2022-08-06 09:00:00,27.851939263527477,22.2988386067397,2.622138569284923,0.17906899814413682,2,positive
2022-08-06 10:00:00,26.807674277599176,39.98798469646461,3.9527313545133618,0.0,2,positive
2022-08-06 11:00:00,16.049112583234926,27.17692032820425,3.280232376389989,0.03814771912218773,2,positive
2022-08-06 12:00:00,27.067372328218795,44.0749006351831,14.236057105712252,0.0,2,positive
2022-08-06 13:00:00,8.326191168718756,23.92435128684338,4.919124579127381,0.006739166847567479,2,positive
2022-08-06 14:00:00,13.3793340191703,30.505204039169517,1.9169814235529756,0.059187538735281264,2,positive
2022-08-06 15:00:00,22.413586571428915,42.21542997145483,10.538642258191263,0.0,2,positive
2021-09-07 01:00:00,19.01272850540894,66.817151039505,9.17215558241049,0.0,3,positive
2021-09-07 02:00:00,13.98099403387026,8.892455164582767,8.086673145756537,0.0,3,positive
2021-09-07 03:00:00,18.25259441680434,65.16389168600772,10.744914370384555,0.0,3,positive
2021-09-07 04:00:00,14.551412096463174,20.012826630034816,8.184027495484774,0.0026683558464895563,3,positive
2021-09-07 05:00:00,7.149507463084344,32.29539465725699,8.070360414367524,0.2632355983229323,3,positive
2021-09-07 06:00:00,15.492876701226589,26.9069722711829,7.11570403213602,0.0,3,positive
2021-09-07 07:00:00,26.838332660404543,51.21284307426307,6.528261382363751,0.6796875456597155,3,positive
2021-09-07 08:00:00,25.501245388274448,44.16267374616281,5.828997833705572,0.0005813579732001084,3,positive
2021-09-07 09:00:00,29.836682729247784,54.375296984880094,16.891604533599114,0.020004723514047723,3,positive
2021-09-07 10:00:00,22.11118567466009,35.1691654492799,7.509632157337462,0.3968086371017917,3,positive
2021-09-07 11:00:00,10.115503974151428,36.39019169043506,4.1582217022604375,0.0,3,positive
2021-09-07 12:00:00,15.647651666409173,18.505124812334877,9.171491801884489,0.8174504693994854,3,positive
2021-09-07 13:00:00,26.634255770567464,67.78795649626437,9.386447656054234,0.0,3,positive
2021-09-07 14:00:00,13.379509369061397,15.696388391954383,15.914147233866668,0.0,3,positive
2021-09-07 15:00:00,13.648447428250863,34.4135161817517,7.549037933113058,0.0,3,positive
2021-09-07 16:00:00,19.5602142502952,53.44063576475156,3.970031955841012,0.0,3,positive
2021-09-07 17:00:00,29.54074896719834,42.38445367907055,4.897406896756692,0.2123205622576755,3,positive
2021-09-07 18:00:00,16.043013148491497,34.179433447260934,13.828360449419096,0.31128517313479387,3,positive
2021-09-07 19:00:00,21.323840947908213,45.127169898423475,0.0,0.0,3,positive
2021-09-07 20:00:00,12.540395422348501,39.979932401854015,9.23341574805372,0.20858764091648566,3,positive
2021-09-07 21:00:00,26.407395047148324,1.0,4.0761037642200435,0.0957171762094578,3,positive
2021-09-07 22:00:00,20.440160911041705,42.16416094635156,11.946832778348526,0.0,3,positive
2021-09-07 23:00:00,20.28580045956428,7.304944833192792,5.722593755725914,0.0,3,positive
2021-09-08 00:00:00,13.27642197959618,44.46912095182364,12.541966486336523,0.003461738514880991,3,positive
2021-09-08 01:00:00,-2.510238930499167,15.828674559322948,17.430945792780406,0.0,3,positive
2021-09-08 02:00:00,6.1268542149680325,53.528710824654084,8.066777957718365,0.04251237987734971,3,positive
2021-09-08 03:00:00,24.215669401754923,41.878387043182535,9.815046238572583,0.3283807743523023,3,positive
2021-09-08 04:00:00,40.21944358844878,49.56509503938782,0.09830341077232507,0.0,3,positive
2021-09-08 05:00:00,31.131846144825744,53.040512098042186,5.866975084704502,0.2877063153745295,3,positive
2021-09-08 06:00:00,29.421939196409642,73.58776155454595,4.249991318757442,0.0,3,positive
2021-09-08 07:00:00,19.551047612320367,27.64666774941837,3.549896251181985,0.0,3,positive
2021-09-08 08:00:00,18.522404210214926,40.54037089549857,5.533890772470446,0.04623808331703835,3,positive
2021-09-08 09:00:00,22.1070065017269,54.36543582776203,9.307102063649841,0.15107622997538342,3,positive
2021-09-08 10:00:00,24.2339324314685,55.53176947855344,8.279696750662003,0.10007944662270293,3,positive
2021-09-08 11:00:00,24.93066346920035,30.675718128090217,10.024911594623383,0.0,3,positive
2021-09-08 12:00:00,19.836824463236464,41.291973392798724,14.288894754347215,0.06339883713869232,3,positive
2021-09-08 13:00:00,22.09373134175492,1.0,10.583514093242332,0.8383401367906907,3,positive
2021-09-08 14:00:00,33.75949784752985,37.54210806789891,12.998370099359946,0.5329154618801945,3,positive
2021-09-08 15:00:00,9.579940213599565,38.91131576211751,7.83198280021929,0.0,3,positive
2021-09-08 16:00:00,22.67729024586211,76.5115383804839,12.172627736845289,0.0,3,positive
2021-09-08 17:00:00,28.751495132426847,57.191932157782894,7.049641635496275,0.035691706023895126,3,positive
2021-09-08 18:00:00,20.491310935951923,47.17603564994753,3.1509980244246316,0.0,3,positive
2021-09-08 19:00:00,16.465842055981497,57.53043877764696,11.747285077032819,0.055289484737492706,3,positive
2021-09-08 20:00:00,26.97281050496777,34.44126121171809,8.987781412637517,0.1131770335321177,3,positive
2021-09-08 21:00:00,4.5084641699954595,37.25121695517536,9.619951281360722,0.0,3,positive
2021-09-08 22:00:00,34.57068652865894,58.5499772749842,3.0098820335306113,0.0353461813396532,3,positive
2021-09-08 23:00:00,25.842674367051035,72.97857016613267,15.40049601856958,0.0,3,positive
2021-09-09 00:00:00,18.897696355605675,21.75200553267313,11.944539416916196,0.0,3,positive
2021-09-09 01:00:00,20.09250919215758,33.27833076497116,15.96456044561404,0.0,3,positive
2021-09-09 02:00:00,2.4860028914190764,42.56666971493703,4.504890734480368,0.0657889063637041,3,positive
2021-09-09 03:00:00,21.30636239326301,30.894440062733477,11.951702908923519,0.5143030638887947,3,positive
2021-09-09 04:00:00,17.86388620036512,45.26056869676072,4.929576123278158,0.03900792613792625,3,positive
2021-09-09 05:00:00,27.348442746053887,51.84641945662308,7.775023961784968,0.11225160195506881,3,positive
2021-09-09 06:00:00,24.470394214785326,21.688042628867603,2.2008035711651734,0.0,3,positive
2021-09-09 07:00:00,20.53361954858192,25.336876244203275,10.943516391075754,0.4725272077784335,3,positive
2021-09-09 08:00:00,29.841526973374577,39.21759748465219,4.51221396701846,0.3752129887143283,3,positive
2021-09-09 09:00:00,26.60787896331216,22.010901742515713,0.0,0.0,3,positive
2021-09-09 10:00:00,19.163299621989136,1.0,5.321425636152999,0.0,3,positive
2021-09-09 11:00:00,34.60542073736528,9.458320821600353,0.7932460013297309,0.17026607673148617,3,positive
2021-09-09 12:00:00,32.8541052597117,23.825255919115378,4.839570885955446,0.10412697823371789,3,positive
2021-09-09 13:00:00,3.3832016244375183,7.082094732416657,6.59633299574644,0.07877461140824665,3,positive
2021-09-09 14:00:00,18.514159294666083,36.51405187602732,13.66894636282006,0.0,3,positive
2021-09-09 15:00:00,17.3852122148135,34.74744914399861,17.110276106714213,0.0,3,positive
2021-09-09 16:00:00,30.220648564430576,19.725267014581128,8.512361835515783,0.07108240037682315,3,positive
2021-09-09 17:00:00,14.335907194390167,20.253471085125874,9.382071821268772,0.0,3,positive
2021-09-09 18:00:00,20.962110374491974,36.05169738099825,10.855870331455236,0.027661867931873224,3,positive
2021-09-09 19:00:00,27.917540067303385,47.290146455896206,21.01813149375205,0.0,3,positive
2021-09-09 20:00:00,18.33534558665498,46.534488073606184,12.095520844560692,0.0,3,positive
2021-09-09 21:00:00,18.77469858455961,43.116962573270605,3.862078796326693,0.10304317362593321,3,positive
2021-09-09 22:00:00,22.716742138947478,49.93908027233387,4.977006919102296,0.0,3,positive
2021-09-09 23:00:00,6.667220259854313,16.108803999408,1.434161409000314,0.0,3,positive
2021-09-10 00:00:00,12.48895877121916,24.45867560268194,4.129570575089751,0.0,3,positive
2021-09-10 01:00:00,32.58003465218498,44.92921384145775,8.08064707638002,0.6673746162689819,3,positive
2021-09-10 02:00:00,18.53413874701583,39.91619704927924,10.920845366761451,0.5687266872039649,3,positive
2021-09-10 03:00:00,22.291846044913854,4.525706470054594,9.058568920852984,0.26759755483305836,3,positive
2021-09-10 04:00:00,19.759450984953,62.247904942101584,3.593807762819748,0.28410523443458613,3,positive
2021-09-10 05:00:00,21.713402026672355,33.49553498834887,7.428389159976262,0.0,3,positive
2021-09-10 06:00:00,28.783669947709598,55.666043544121166,7.988748777479213,0.0,3,positive
2021-09-10 07:00:00,28.127643621809863,23.570127142595148,13.453299680440661,0.0,3,positive
2021-09-10 08:00:00,21.023328896228865,2.1118476378888715,5.2596353337758845,0.0,3,positive
2021-09-10 09:00:00,26.42461429620196,38.73370398012544,13.043341779774195,0.0,3,positive
2021-09-10 10:00:00,31.74180149960909,48.791355149704785,15.608502263684795,0.2147342364732819,3,positive
2021-09-10 11:00:00,29.242075211951637,30.39309390371322,4.99269594220497,0.0,3,positive
2021-09-10 12:00:00,23.729637410581503,47.07320848793569,8.618700072056951,0.008294005136417898,3,positive
2021-09-10 13:00:00,22.08786314065921,56.53991026651571,10.77620037139712,0.03898769832284865,3,positive
2021-09-10 14:00:00,20.27804434739076,61.73440689057068,6.93101569075022,0.0034953653344473867,3,positive
2021-09-10 15:00:00,37.14439108338035,45.23588764719189,7.649935705935998,0.04082602307092981,3,positive
2021-09-10 16:00:00,30.658815438333882,26.87024899660711,13.741282122579943,0.0,3,positive
2021-09-10 17:00:00,23.9574554038988,37.18272208003393,7.125159816429109,0.0,3,positive
2021-09-10 18:00:00,15.040340215836252,22.019857518472488,0.0,0.0,3,positive
2021-09-10 19:00:00,27.049906624537183,42.2036172876765,10.038641848090194,0.03038095198102181,3,positive
2021-09-10 20:00:00,28.299861635084202,34.31662809868189,5.564432195924109,0.0034723101519812394,3,positive
2021-09-10 21:00:00,38.165117590206656,8.975358769318508,10.498940521478994,0.027388960119990896,3,positive
2021-09-10 22:00:00,21.134133293416212,28.495587722687183,0.0,0.3681719034384967,3,positive
2021-09-10 23:00:00,18.959695502462434,3.5119048615813426,12.197840453871262,0.3848494755626508,3,positive
2021-09-11 00:00:00,33.92099473837258,40.38434660977207,8.230290692885578,0.480779504481334,3,positive
2021-09-11 01:00:00,35.45906868272078,52.003530543134374,3.2923119888509946,0.0,3,positive
2021-09-11 02:00:00,7.523064248662166,42.04040989431161,19.364959129896945,0.0,3,positive
2021-09-11 03:00:00,33.78730465153405,37.74372095193058,7.633908380080893,0.0,3,positive
2021-09-11 04:00:00,15.473386816124538,20.54337219148417,14.331522785846829,0.05416147944944513,3,positive
2021-09-11 05:00:00,14.071149475301198,49.51998206830797,7.565200121969895,0.0,3,positive
2021-09-11 06:00:00,22.66174561490551,56.152429929529035,9.547064198799625,0.0,3,positive
2021-09-11 07:00:00,15.333899267702028,67.37988516057251,10.349124616024831,0.337923398538966,3,positive
2021-09-11 08:00:00,9.134513510307668,22.659469653813485,14.189418439593652,0.0,3,positive
2021-09-11 09:00:00,6.689762121368592,50.57434893475728,5.2810859782363835,0.0,3,positive
2021-09-11 10:00:00,21.297314571170403,38.07060029030795,13.894772892958242,0.06536848653779456,3,positive
2021-09-11 11:00:00,14.057225537328483,32.05252369402839,12.13586399810611,0.0,3,positive
2021-09-11 12:00:00,8.655723200887227,47.35581390565689,4.985108437164982,0.0,3,positive
2021-09-11 13:00:00,7.145516784478673,24.81531028472027,7.962163516844247,0.12344224809999502,3,positive
2021-09-11 14:00:00,15.83015867012289,59.860641803487454,4.577219879100997,0.09028396344292272,3,positive
2021-09-11 15:00:00,34.29886041518242,38.171902285458756,5.239876354942117,0.0,3,positive
2021-09-11 16:00:00,32.82458862033647,56.993042294385226,3.9160341036487205,0.0,3,positive
2021-09-11 17:00:00,22.721254621340584,20.206398342251035,7.7215747367500285,0.15366369228742263,3,positive
2021-09-11 18:00:00,31.121675831493885,53.11137542466801,6.35395300820496,0.1909489728514688,3,positive
2021-09-11 19:00:00,27.314338416445086,26.222173266094828,10.943200758687013,0.0,3,positive
2021-09-11 20:00:00,14.244811378091034,20.6474493068053,15.23529348015551,0.24970141272779564,3,positive
2021-09-11 21:00:00,35.122832751186486,27.29545608927635,9.456026005657467,0.0,3,positive
2021-09-11 22:00:00,13.540906042693766,6.532782501503352,14.432950656436166,0.0,3,positive
2021-09-11 23:00:00,21.83434908715013,26.21122684322623,9.340813904776581,0.026316054863274846,3,positive
2021-09-12 00:00:00,20.56047929693355,41.74722989834801,2.9584555686286897,0.0,3,positive
2021-09-12 01:00:00,19.220937331211747,13.567768486605829,5.887195086006268,0.0,3,positive
2021-09-12 02:00:00,18.803608467292573,30.929352606024132,7.900491645467073,0.0,3,positive
2021-09-12 03:00:00,27.52850052693502,56.53967187202664,5.678098039022758,0.10142084887394956,3,positive
2021-09-12 04:00:00,20.083062756522825,40.482310175577574,15.828897656016272,0.0,3,positive
2021-09-12 05:00:00,7.812683689522554,41.80993447170438,14.164318716545047,0.22749652680484703,3,positive
2021-09-12 06:00:00,29.96507844894266,24.64826688272081,0.5723042023886311,0.0,3,positive
2021-09-12 07:00:00,7.948186234029487,31.403434806596124,14.434211313227514,0.08469096206434204,3,positive
2021-09-12 08:00:00,11.764025632688817,19.519516322576337,7.6834007014452,0.4601851051766236,3,positive
2021-09-12 09:00:00,33.1930910535687,49.31522493637546,10.47636473034299,0.1369752809237015,3,positive
2021-09-12 10:00:00,25.14583821587862,22.070264670299373,12.28605176778306,0.19626041921759887,3,positive
2021-09-12 11:00:00,28.683015951217847,52.792137531782465,9.054323010440436,0.1352420761762306,3,positive
2021-09-12 12:00:00,25.202479266477386,1.0,9.511291092427307,0.0,3,positive
2021-09-12 13:00:00,21.594975095544072,45.59798769346742,7.626155392176361,0.1482043614389156,3,positive
2021-09-12 14:00:00,20.868778633396975,36.01333226121237,8.574669557905064,0.0,3,positive
2021-09-12 15:00:00,30.314952359348425,18.709481704487786,8.87850228082425,0.0,3,positive
2021-09-12 16:00:00,8.123108024502438,37.694700211700805,5.073107490134783,0.0006029910940933136,3,positive
2021-09-12 17:00:00,14.761539974284624,32.456739264493336,17.206278072134523,0.0,3,positive
2021-09-12 18:00:00,12.64311998016938,15.47098144754743,16.637091433140505,0.09842997696642627,3,positive
2021-09-12 19:00:00,21.794887517218605,28.958255883406405,3.277885607984542,0.0,3,positive
2021-09-12 20:00:00,41.66594884589248,55.881063814613825,3.7353109110386384,0.05508739498991966,3,positive
2021-09-12 21:00:00,15.34781781866899,8.354485417306687,13.097554588323147,0.0076350698725659305,3,positive
2021-09-12 22:00:00,30.368418008383195,27.95202126170641,7.166121329990069,0.0,3,positive
2021-09-12 23:00:00,18.850900229623647,10.713922698227531,8.56937597071006,0.2077234776623302,3,positive
2021-09-13 00:00:00,12.419293687726743,44.581390725139656,9.657708475668464,0.00667142928522152,3,positive
2021-09-13 01:00:00,28.97580399775206,24.583021371119706,0.0,0.0,3,positive
2021-09-13 02:00:00,29.11301854021606,26.869941447110435,4.529783380711791,0.22190364682954336,3,positive
2021-09-13 03:00:00,36.02118043640751,47.385704621379645,11.849479906373823,0.0,3,positive
2021-09-13 04:00:00,26.61366689234721,31.335067172307063,7.181179479388992,0.20044150909932787,3,positive
2021-09-13 05:00:00,43.077926035320004,43.338680469491635,5.6809977932428275,0.09453360321814161,3,positive
2021-09-13 06:00:00,13.91304865714946,57.567600778838404,4.694654520964299,0.0,3,positive
2021-09-13 07:00:00,30.527821037945074,40.77152816307489,8.47234995909819,0.0,3,positive
2021-09-13 08:00:00,21.548471224903142,26.349522666087466,5.7525828511514785,0.0,3,positive
2021-09-13 09:00:00,21.131706938518747,23.213055959258405,5.418512015692457,0.027093054766463343,3,positive
2021-09-13 10:00:00,27.404853065315827,43.40493767348386,6.712394005451043,0.0,3,positive
2021-09-13 11:00:00,16.851511000394815,31.105789529813382,12.849022436958727,0.1429587801789224,3,positive
2021-09-13 12:00:00,14.144721232393575,22.167103206371365,8.54351076406705,0.0,3,positive
2021-09-13 13:00:00,6.675478684248047,39.174994093557565,1.1197833421342587,0.0,3,positive
2021-09-13 14:00:00,19.08457265548607,28.692374848446637,5.3310203017039575,0.0,3,positive
2021-09-13 15:00:00,17.717955466955374,13.063139227187712,11.899348062613882,0.0,3,positive
2021-09-13 16:00:00,28.745394480181353,11.888982556038773,9.494590762920755,0.1911843671837207,3,positive
2021-09-13 17:00:00,13.75038345248332,35.13759872273194,7.418666773448171,0.08915145325640561,3,positive
2021-09-13 18:00:00,37.395968296100584,10.034654100046989,20.46963502863995,0.0,3,positive
2021-09-13 19:00:00,29.845386354619407,49.557469712955964,3.021548865790966,0.0,3,positive
2021-09-13 20:00:00,21.139730045871488,43.31495006948586,9.153361511903128,0.0,3,positive
2021-09-13 21:00:00,30.768513864457443,43.70593947287905,11.659066971604439,0.0,3,positive
2021-09-13 22:00:00,13.637897748812208,26.484167851209477,4.895893071597056,0.11838241562273885,3,positive
2021-09-13 23:00:00,29.807872402352416,32.67304565701399,15.154595094121762,0.043412983411676376,3,positive
2021-09-14 00:00:00,23.947191331204316,22.6716234268544,15.876883247177702,0.0,3,positive
2021-09-30 01:00:00,23.009321571447796,29.90592461590147,3.551048368514012,0.47790109269043257,4,positive
2021-09-30 02:00:00,27.062946588458303,23.248984191550694,23.297656144984117,0.06422986857878452,4,positive
2021-09-30 03:00:00,11.94094020014904,42.65208073420162,15.646567394836477,0.03450617875466003,4,positive
2021-09-30 04:00:00,26.577939361498196,7.346788738119354,4.612442271541166,0.0,4,positive
2021-09-30 05:00:00,6.8396332004169516,36.754703510358304,0.0,0.0,4,positive
2021-09-30 06:00:00,17.702449647892657,22.530712460733856,9.982042511035338,0.0,4,positive
2021-09-30 07:00:00,29.150389967483655,46.28575599069017,13.704063946806905,0.5037625079975477,4,positive
2021-09-30 08:00:00,24.427735206533356,42.67270552878787,8.708283486955128,0.2682265898232743,4,positive
2021-09-30 09:00:00,19.34045972528184,22.736624025050517,10.108084149549148,0.0,4,positive
2021-09-30 10:00:00,16.694609994905882,25.066327710131112,1.9480063610860574,0.2019114278827173,4,positive
2021-09-30 11:00:00,22.628941356254302,22.05799970640095,12.042738748010091,0.1517825558417726,4,positive
2021-09-30 12:00:00,10.747994983902139,50.318334338286995,5.314515052169435,0.053063902627155574,4,positive
2021-09-30 13:00:00,22.32944016279342,52.138838341851724,8.100186454331558,0.10965777279377528,4,positive
2021-09-30 14:00:00,26.35101603289744,27.72515413607414,17.43961985764733,0.10245967513875817,4,positive
2021-09-30 15:00:00,4.119716016810671,40.36047458233511,17.72298896130114,0.0,4,positive
2021-09-30 16:00:00,36.647634310052524,19.703597219278045,12.560761979883894,0.018637747916743247,4,positive
2021-09-30 17:00:00,23.794315195335397,15.905713568904012,4.777721175586419,0.07957153939767522,4,positive
2021-09-30 18:00:00,29.18844224114093,47.01078682504483,9.384098646654104,0.0,4,positive
2021-09-30 19:00:00,19.50688452840224,23.808252755859108,12.348378783472455,0.0,4,positive
2021-09-30 20:00:00,30.451084688247064,23.671708708744692,0.0,0.07909782496041184,4,positive
2021-09-30 21:00:00,33.37301582465767,28.98117591020264,4.246376908674438,0.0,4,positive
2021-09-30 22:00:00,32.12127956390661,35.3667308287968,6.532984544680131,0.5664586628063427,4,positive
2021-09-30 23:00:00,23.81730238709973,59.00070921979412,10.112337121186133,0.2537241900526337,4,positive
2021-10-01 00:00:00,31.354160872561373,17.454859984633718,11.774309462370216,0.0,4,positive
2021-10-01 01:00:00,19.375046630400462,1.0,0.0,0.1295665583055474,4,positive
2021-10-01 02:00:00,26.249785828740652,36.706993480104444,8.92183353587832,0.4321815938380634,4,positive
2021-10-01 03:00:00,11.847283081121502,34.588499687244145,9.522177614069077,0.0,4,positive
2021-10-01 04:00:00,22.226613960663528,11.000759988734828,15.04953108637514,0.16390918806581553,4,positive
2021-10-01 05:00:00,38.25120131822803,34.51288514123817,13.140267826995917,0.3191821427026251,4,positive
2021-10-01 06:00:00,21.75404934191576,26.239560001669883,8.595619646831388,0.09253908329185065,4,positive
2021-10-01 07:00:00,15.72593192867856,33.124333762101735,4.949505669714432,0.0,4,positive
2021-10-01 08:00:00,21.282153840707053,58.17848227544839,7.021888345961559,0.12346785880587244,4,positive
2021-10-01 09:00:00,11.429087426837846,28.29391112198203,9.052673353946235,0.0,4,positive
2021-10-01 10:00:00,23.77586222141017,55.75580541789499,11.203645551014601,0.0,4,positive
2021-10-01 11:00:00,21.527662261559556,70.85334065977706,5.5730189854293855,0.06685231859157487,4,positive
2021-10-01 12:00:00,12.319577202487727,69.96537007337105,12.097237863089488,0.0,4,positive
2021-10-01 13:00:00,31.99218157498796,45.315382776766725,17.83063735687795,0.6425660824063807,4,positive
2021-10-01 14:00:00,19.877119133485962,28.062179240857617,0.0,0.0,4,positive
2021-10-01 15:00:00,19.836827553573134,46.094468074798435,19.79885967164806,0.1518923051934886,4,positive
2021-10-01 16:00:00,18.63077613874276,36.77996254585994,12.936236764917048,0.0,4,positive
2021-10-01 17:00:00,16.952307222942956,50.85783905362049,9.893196619190178,0.11051495280062665,4,positive
2021-10-01 18:00:00,17.74922933224919,4.32907605492769,1.8730410026544595,0.1590033176681702,4,positive
2021-10-01 19:00:00,25.2154262646305,23.567061034441267,7.14795171382509,0.0,4,positive
2021-10-01 20:00:00,17.642422656339527,46.036000404202454,1.208683025706053,0.12016597917514257,4,positive
2021-10-01 21:00:00,24.18364603890711,33.50248129256825,10.85929591318355,0.0,4,positive
2021-10-01 22:00:00,24.85702941017057,51.37375429066208,10.434092735746418,0.37494642586809535,4,positive
2021-10-01 23:00:00,21.23293117947223,22.477232708427472,7.640007037801058,0.0,4,positive
2021-10-02 00:00:00,21.047771947199,21.65294015977385,5.538764556173069,0.008065129745810168,4,positive
2021-10-02 01:00:00,19.011888022553226,42.27954924594711,10.614218803745151,0.0,4,positive
2021-10-02 02:00:00,33.38847577812027,49.93788086558541,3.328804679260201,0.028279385625919834,4,positive
2021-10-02 03:00:00,21.393828188321404,28.23236964140878,2.308366365195287,0.03973988959545549,4,positive
2021-10-02 04:00:00,18.20389653104769,24.922283903581913,6.421052569224972,0.11921768242213612,4,positive
2021-10-02 05:00:00,23.593904329993915,72.07713614083204,8.852540930098247,0.0723419879054748,4,positive
2021-10-02 06:00:00,22.033063061238927,38.8473796766531,10.176269785855318,0.0,4,positive
2021-10-02 07:00:00,28.872368465421886,38.11625896421186,0.14451128714691208,0.0,4,positive
2021-10-02 08:00:00,32.14098848643124,22.142353943338556,7.955330660540146,0.5283015831651328,4,positive
2021-10-02 09:00:00,11.929548322525308,50.72044366425879,5.667917469962827,0.0,4,positive
2021-10-02 10:00:00,23.835682915667437,27.163813528534654,5.645891711122319,0.0,4,positive
2021-10-02 11:00:00,12.706133128525227,21.41952180977252,8.770399960744344,0.11102074022183853,4,positive
2021-10-02 12:00:00,31.905282411918797,25.024074194575654,12.686884834598239,0.0,4,positive
2021-10-02 13:00:00,36.6096747752544,17.993434618704075,14.642394053958654,0.48640201515388515,4,positive
2021-10-02 14:00:00,38.105971638356806,43.86981093278727,2.9199173529588904,0.0,4,positive
2021-10-02 15:00:00,28.249449641789933,50.78966626423342,7.646422041377687,0.0,4,positive
2021-10-02 16:00:00,28.066824261152526,36.9769764051623,1.5324757033081209,0.0,4,positive
2021-10-02 17:00:00,23.880959545213322,53.23223624746541,16.07991212081024,0.02154408349455933,4,positive
2021-10-02 18:00:00,24.29832608829091,46.23220828973716,4.666245748965721,0.0,4,positive
2021-10-02 19:00:00,15.406954229284187,16.268860839384327,9.667745058181024,0.09786981671321973,4,positive
2021-10-02 20:00:00,27.501219876072103,43.19167746338671,9.21322135661931,0.18524419354770558,4,positive
2021-10-02 21:00:00,21.65853523018019,41.19337092833601,4.369277986568202,0.10503501281762659,4,positive
2021-10-02 22:00:00,27.347341482288076,24.95477857891695,8.259160494964235,0.0,4,positive
2021-10-02 23:00:00,17.78794642787108,18.12605967346768,14.328874625832778,0.011775526671664982,4,positive
2021-10-03 00:00:00,26.299470833818695,64.58293927915722,7.053771517158042,0.1635936776588939,4,positive
2021-10-03 01:00:00,15.661186314885231,31.587058769551696,9.275966758780083,0.0,4,positive
2021-10-03 02:00:00,24.97860448048244,47.53422391829367,7.43041803473458,0.34646073194192717,4,positive
2021-10-03 03:00:00,23.913194277067685,39.057280791652985,3.455011527431413,0.0,4,positive
2021-10-03 04:00:00,20.927782233525075,25.876404059940697,4.117627959258181,0.0,4,positive
2021-10-03 05:00:00,19.892181998567718,13.145218688280984,4.508892701337137,0.0,4,positive
2021-10-03 06:00:00,26.37333626093188,43.321947825879704,11.383072758882626,0.0,4,positive
2021-10-03 07:00:00,24.723523548012363,21.859108038341326,4.901785084929942,0.2028403159962053,4,positive
2021-10-03 08:00:00,12.492889163213844,50.963142332870135,11.443058504894438,0.0,4,positive
2021-10-03 09:00:00,22.31450452819437,46.652115482977194,0.0,0.0,4,positive
2021-10-03 10:00:00,23.416958640040242,44.406644002237485,9.900116495243065,0.2656306220916337,4,positive
2021-10-03 11:00:00,10.015681796871627,24.31918750725555,10.82458640636456,0.0,4,positive
2021-10-03 12:00:00,11.056461780945098,20.28350948797678,4.383821570295804,0.0,4,positive
2021-10-03 13:00:00,11.103593353178782,13.66922350789801,3.8908235179622306,0.0,4,positive
2021-10-03 14:00:00,12.555245281972075,33.26294735042351,13.292764080709077,0.0,4,positive
2021-10-03 15:00:00,20.348433932715686,50.37135100626159,5.908658048180953,0.0,4,positive
2021-10-03 16:00:00,31.307966514451792,30.406968815426783,13.522475126027839,0.0,4,positive
2021-10-03 17:00:00,25.837524244780244,39.80674270769057,13.10441410501237,0.0,4,positive
2021-10-03 18:00:00,22.329648534252957,34.07726480593044,11.520740708198923,0.0,4,positive
2021-10-03 19:00:00,30.13581638590285,41.99493158255625,1.4153746318352685,0.07740027304513031,4,positive
2021-10-03 20:00:00,39.87274464638185,50.027509543241116,15.134923836132346,0.02283625542731907,4,positive
2021-10-03 21:00:00,8.70796064209192,7.338193232487129,9.275410219338792,0.5992206071774294,4,positive
2021-10-03 22:00:00,14.68338977338119,34.05879974046987,11.077926439306442,0.0,4,positive
2021-10-03 23:00:00,18.40897903775692,57.64806024680473,2.6235580988931266,0.4518636655559729,4,positive
2021-10-04 00:00:00,18.12215390760805,43.18690639774929,13.486637536014335,0.0,4,positive
2021-10-04 01:00:00,29.27327681771101,17.726096998880656,13.568298533706493,0.0,4,positive
2021-10-04 02:00:00,24.076334124572305,38.8736928049584,10.425612794347906,0.23365308384394448,4,positive
2021-10-04 03:00:00,15.249520171802214,14.751988815564257,12.361743399808843,0.0,4,positive
2021-10-04 04:00:00,31.195014727662542,34.32900598718198,0.9741781966151981,0.21278696404659628,4,positive
2021-10-04 05:00:00,19.037035122711146,40.130051861315316,4.762702857602404,0.0,4,positive
2021-10-04 06:00:00,14.987481406534425,29.93855368840738,8.537243513486581,0.0,4,positive
2021-10-04 07:00:00,24.644156228700762,59.17865716201236,5.547689196531447,0.0,4,positive
2021-10-04 08:00:00,0.004516911691556658,34.41606199272739,6.434788570368973,0.7515544175853268,4,positive
2021-10-04 09:00:00,30.651603757028255,30.106344775642576,7.112612564532062,0.0,4,positive
2021-10-04 10:00:00,6.665473025879388,18.020203398845585,12.80546743060108,0.00819324535810137,4,positive
2021-10-04 11:00:00,15.869477203074355,29.004199155653545,16.71810933645783,0.007859608200026569,4,positive
2021-10-04 12:00:00,17.542635783575204,54.567705456733265,4.297420897494401,0.0,4,positive
2021-10-04 13:00:00,11.128982032615875,51.098867476837356,5.969331772645072,0.535546721541555,4,positive
2021-10-04 14:00:00,20.262851095389486,39.16016269580322,5.526257847371439,1.3968197192362866,4,positive
2021-10-04 15:00:00,26.962979151450863,41.63333093054899,7.695384726460325,0.1873140289416185,4,positive
2021-10-04 16:00:00,23.21232636612213,43.253806145505486,18.308995763658043,0.061915903800496525,4,positive
2021-10-04 17:00:00,29.80791959852673,81.32768292290424,10.579792383839221,0.045960567639047656,4,positive
2021-10-04 18:00:00,27.632120594573234,19.865510336176204,5.780491817906219,0.5726652046772586,4,positive
2021-10-04 19:00:00,27.180911817756495,32.38738156668202,8.691117127371514,0.0,4,positive
2021-10-04 20:00:00,28.90520590963311,32.574184954381295,4.650024515608887,0.504471397412163,4,positive
2021-10-04 21:00:00,28.191129447278925,10.906147725569266,6.4342303054585965,0.0,4,positive
2021-10-04 22:00:00,28.23063773696825,48.65152242409657,9.419530005877368,0.07307950673111288,4,positive
2021-10-04 23:00:00,22.51309441902523,24.89222467729159,6.69367804479373,0.0,4,positive
2021-10-05 00:00:00,21.72256599985128,6.716406433347942,6.0125833253528445,0.0,4,positive
2021-10-05 01:00:00,19.749040064754393,31.297643067326213,10.439956854022936,0.03956570190372169,4,positive
2021-10-05 02:00:00,8.97566228839031,29.77745313744988,11.820572027508948,0.0,4,positive
2021-10-05 03:00:00,28.25702591275792,12.976043601967291,6.838163803116144,0.0,4,positive
2021-10-05 04:00:00,23.420728935388738,43.08956829414311,3.4147552676961963,0.06793942866183272,4,positive
2021-10-05 05:00:00,25.362582638209034,47.38506429955489,3.9714091669360396,0.09072600575409276,4,positive
2021-10-05 06:00:00,0.3694585594132782,25.67807048633339,5.377925535144785,0.007441554609578183,4,positive
2021-10-05 07:00:00,23.324897201861212,34.160818519320976,0.0,0.0,4,positive
2021-10-05 08:00:00,14.57340695368778,42.28533438785773,1.5907437613566726,0.3423006860600588,4,positive
2021-10-05 09:00:00,19.73469336890795,39.54652827425495,8.623486388256735,0.0,4,positive
2021-10-05 10:00:00,9.709821487646042,12.841880548084525,5.080565304538905,0.0,4,positive
2021-10-05 11:00:00,17.134016422407065,44.37817895869198,6.603895403941582,0.316311087682307,4,positive
2021-10-05 12:00:00,19.775229656096727,38.387897544748284,9.624423594122922,0.1720120659433452,4,positive
2021-10-05 13:00:00,16.648725279972645,33.897820076143994,10.130619734097131,0.23538463759439002,4,positive
2021-10-05 14:00:00,17.995054832090773,11.761142354836348,5.445827204734922,0.009197643706077868,4,positive
2021-10-05 15:00:00,8.187146551009773,23.064817374941203,2.7645413961677274,0.0,4,positive
2021-10-05 16:00:00,26.80873469931435,21.441810656286876,6.698856847184395,0.1241159909754618,4,positive
2021-10-05 17:00:00,18.04528039853845,40.984728510535184,12.124689448070514,0.0,4,positive
2021-10-05 18:00:00,30.41483888422016,12.264621177297926,1.7618610042810374,0.09999625296498196,4,positive
2021-10-05 19:00:00,35.36896982850598,42.401479822755434,7.7982880673299375,0.29948971372338995,4,positive
2021-10-05 20:00:00,5.820423551652166,36.94114305343803,6.209686652144127,0.0,4,positive
2021-10-05 21:00:00,22.524260646640407,36.72697051261714,12.722079342701363,0.0,4,positive
2021-10-05 22:00:00,31.827154946675076,35.1199104432322,7.42332502596332,0.007943890171600437,4,positive
2021-10-05 23:00:00,14.172472959668525,77.21671179899242,9.87628739083368,0.08452058566843268,4,positive
2021-10-06 00:00:00,26.20076779178078,63.157047129974636,11.962537058363033,0.3339317941079971,4,positive
2021-10-06 01:00:00,33.227763078140036,29.88655130832474,8.535775364196617,0.0,4,positive
2021-10-06 02:00:00,26.209616144991166,25.229385648986717,8.50084818996737,0.0,4,positive
2021-10-06 03:00:00,37.40010241388681,64.73390450218385,8.232565851073707,0.0,4,positive
2021-10-06 04:00:00,19.01245626920388,51.59009437254179,6.355400648333115,0.0,4,positive
2021-10-06 05:00:00,29.828742909319715,26.92551357025026,7.811224827757347,0.0,4,positive
2021-10-06 06:00:00,27.633522760985336,64.11300408772803,11.60612686399896,0.0,4,positive
2021-10-06 07:00:00,15.231182910581353,38.54486423042301,3.284200378153052,0.7962277713268954,4,positive
2021-10-06 08:00:00,28.177691818820037,36.52730919654948,0.9367948869938925,0.0,4,positive
2021-10-06 09:00:00,10.95068854807381,42.37178884909385,18.31947267828334,0.0,4,positive
2021-10-06 10:00:00,6.832118406831485,56.31613907104676,12.682002085073236,0.0,4,positive
2021-10-06 11:00:00,19.57438706631602,51.43283617243714,10.752167554673926,0.0,4,positive
2021-10-06 12:00:00,26.885937246369554,2.9374910587911813,6.8858891212139435,0.12124486846132973,4,positive
2021-10-06 13:00:00,22.147153724570558,27.515936750570813,12.446731268861747,0.055718996649296276,4,positive
2021-10-06 14:00:00,32.4803175429356,48.11513642669581,13.406873969685734,0.0,4,positive
2021-10-06 15:00:00,24.124229192931775,36.342634996457214,6.81370140451299,0.0,4,positive
2021-10-06 16:00:00,14.35750792944153,30.769782770971855,9.207260798012147,0.4228985466878742,4,positive
2021-10-06 17:00:00,21.6656221769959,50.052144363164956,13.396578282160604,0.0,4,positive
2021-10-06 18:00:00,26.75752169096147,31.347079374127077,14.610679470392384,0.06904521230433494,4,positive
2021-10-06 19:00:00,12.476129962493157,37.4228697823077,16.240560809119398,0.0,4,positive
2021-10-06 20:00:00,25.581720240760546,43.18818256608718,2.816885504176998,0.13574480730068053,4,positive
2021-10-06 21:00:00,10.849318783722994,25.61563840397906,13.378614837470959,0.07528627534048346,4,positive
2021-10-06 22:00:00,20.97314577639266,40.35134435462537,6.477610961267365,0.025020746036806624,4,positive
2021-10-06 23:00:00,21.519262017958948,35.1886775352775,11.284092633600688,0.29132460973894003,4,positive
2021-10-07 00:00:00,22.322691244437525,30.315977080900208,0.07198312699872211,0.028273639266099992,4,positive
2024-10-17 10:00:00,34.54565157651066,40.77084971877851,1.3820584929930542,0.0,5,positive
2024-10-17 11:00:00,21.102688799115327,58.417797997647234,7.066209325978237,0.06911067081612116,5,positive
2024-10-17 12:00:00,24.815446166549258,42.06875686768841,1.3213974534771529,0.0,5,positive
2024-10-17 13:00:00,19.320543701811143,47.94638680416362,3.9291500900694345,0.21238145416118323,5,positive
2024-10-17 14:00:00,24.816023631501054,32.689500251362006,10.022725965430784,0.1672390611731759,5,positive
2024-10-17 15:00:00,16.807521975669765,59.08225074190947,13.244764331807211,0.30819006246944736,5,positive
2024-10-17 16:00:00,26.547554444756905,23.859817179482704,2.076576781688379,0.1682094234154782,5,positive
2024-10-17 17:00:00,8.367202994820754,48.902838703648115,6.736388437134708,0.06425578496732431,5,positive
2024-10-17 18:00:00,25.278009756986318,43.71798217991379,3.8682841158554586,0.0,5,positive
2024-10-17 19:00:00,22.906964304201786,16.15917810697943,7.150627582101304,0.0,5,positive
2024-10-17 20:00:00,35.412758385965574,45.76022686413016,2.0482825591581495,0.0,5,positive
2024-10-17 21:00:00,28.806887230873542,45.88561974978083,11.92477144343959,0.0,5,positive
2024-10-17 22:00:00,21.42070128935565,25.87448756143972,0.0,0.0,5,positive
2024-10-17 23:00:00,23.48842274921751,43.36363764237224,1.3122815335355291,0.0,5,positive
2024-10-18 00:00:00,38.43636075696622,36.17675196166867,7.691673403967296,0.1621685654968598,5,positive
2024-10-18 01:00:00,38.2586961976827,19.645283574501637,9.016034666969524,0.0037542505660136394,5,positive
2024-10-18 02:00:00,17.62396223324004,34.25614538177091,14.736616208067794,0.0,5,positive
2024-10-18 03:00:00,25.58513715701365,29.35107915464772,20.463694333192592,0.0,5,positive
2024-10-18 04:00:00,17.430912685122102,8.375854331319097,14.980457846223718,0.0,5,positive
2024-10-18 05:00:00,41.34244428893157,14.157149716728114,15.290854037395547,0.0,5,positive
2024-10-18 06:00:00,28.44880173440109,10.283342883432933,15.340409113326487,0.2211813479544322,5,positive
2024-10-18 07:00:00,21.68871972171026,44.67669031491682,4.172523494788754,0.0,5,positive
2024-10-18 08:00:00,18.29244309099683,7.209082074645828,12.308792471016837,0.021270403130942778,5,positive
2024-10-18 09:00:00,16.389246801889268,40.22304523917228,6.672297626853819,0.0,5,positive
2024-10-18 10:00:00,16.979382070311765,21.748622658685463,13.260374430118713,0.18223363718880972,5,positive
2024-10-18 11:00:00,38.1768716068278,35.6946494719121,3.369609798247539,0.04561952435575428,5,positive
2024-10-18 12:00:00,27.046401313168158,45.903092955446354,13.953003394339593,0.0,5,positive
2024-10-18 13:00:00,20.9819735281177,32.4282525276831,1.5462673154219084,0.1648231056958175,5,positive
2024-10-18 14:00:00,32.691035663014596,38.56007155690771,1.2696933607750616,0.0,5,positive
2024-10-18 15:00:00,35.318208469986175,33.64521484617305,4.762948971491913,0.0,5,positive
2024-10-18 16:00:00,10.181537965461343,56.346427242674295,6.034735312069852,0.46696680251080225,5,positive
2024-10-18 17:00:00,22.41321371557852,56.44297961852659,9.283472495215428,0.0,5,positive
2024-10-18 18:00:00,27.752744368706693,44.34936599377956,9.739672385913552,0.12034034013297798,5,positive
2024-10-18 19:00:00,37.323477532582885,21.39594522356149,8.021538211715798,0.37081121031104236,5,positive
2024-10-18 20:00:00,25.21952602674817,28.557910311582482,9.573731527947938,0.007160519930853565,5,positive
2024-10-18 21:00:00,9.344379860496806,35.143284293852695,2.4971733348492418,0.02773661545751674,5,positive
2024-10-18 22:00:00,23.09498656551508,42.3182501302935,10.633490210522883,0.0,5,positive
2024-10-18 23:00:00,6.539287832475116,14.584746081387959,17.867607184068355,0.0,5,positive
2024-10-19 00:00:00,26.886728249093512,24.695935675012308,8.398363696337823,0.10783044482466428,5,positive
2024-10-19 01:00:00,26.492329236957158,37.051611759750486,5.758551131778832,0.0,5,positive
2024-10-19 02:00:00,24.142193579940088,16.80921801436115,10.137405210604193,0.1968913335751669,5,positive
2024-10-19 03:00:00,32.801360410096095,45.775218303412444,7.571963511294261,0.35909243262051593,5,positive
2024-10-19 04:00:00,11.421708832798526,54.241892841540704,4.0512195993761,0.0,5,positive
2024-10-19 05:00:00,20.67479619452783,19.06930611730168,1.8661563272418187,0.0,5,positive
2024-10-19 06:00:00,14.86776436262371,23.884721303316578,4.09404486926497,0.0,5,positive
2024-10-19 07:00:00,20.142994476037142,32.32142048159219,10.984729486544417,0.0,5,positive
2024-10-19 08:00:00,19.773969852342617,42.05675533355256,11.340989217788156,0.0,5,positive
2024-10-19 09:00:00,22.644862204964173,23.27314655400008,3.6965847841773725,0.0,5,positive
2024-10-19 10:00:00,25.559536500356973,41.82947657624864,9.40427174362761,0.07651435282595581,5,positive
2024-10-19 11:00:00,27.571295126582154,49.026631415341754,12.556140025953237,0.0,5,positive
2024-10-19 12:00:00,33.09594183927071,38.42691022598482,11.161880962828992,0.0,5,positive
2024-10-19 13:00:00,23.976053659873394,23.963720146245205,11.50675419172413,1.312758563590853,5,positive
2024-10-19 14:00:00,19.001639401679334,36.06492073137422,5.768973678263688,0.0,5,positive
2024-10-19 15:00:00,34.35559582494938,24.90543473408803,5.629597633168194,0.022158970367710668,5,positive
2024-10-19 16:00:00,15.939106203662021,9.374001605699785,11.159023496059644,0.0,5,positive
2024-10-19 17:00:00,19.066569650795824,9.99863100514644,12.499998322148667,0.0,5,positive
2024-10-19 18:00:00,32.39477544442832,30.769564283150828,4.840921554586096,0.0,5,positive
2024-10-19 19:00:00,28.062214087489497,31.588690538665155,5.516376486031472,0.0531576214243033,5,positive
2024-10-19 20:00:00,20.841456698758396,15.922172232486727,9.9851580114699,0.0,5,positive
2024-10-19 21:00:00,18.447028365075877,46.39077813246115,9.515241414663585,0.0,5,positive
2024-10-19 22:00:00,21.479634618249527,52.54619271478275,12.62349598384896,0.3042198584461504,5,positive
2024-10-19 23:00:00,29.420366218508345,46.25635331605365,5.802682433265549,0.0,5,positive
2024-10-20 00:00:00,25.36289700674099,43.19133846247143,13.452359955692827,0.0,5,positive
2024-10-20 01:00:00,14.748551525782695,41.898503994616554,7.644165055734566,0.16079434319686228,5,positive
2024-10-20 02:00:00,25.000865310033525,7.2136562751656825,3.273717240633119,0.0,5,positive
2024-10-20 03:00:00,36.59903214245692,16.765154472920575,6.3530423129365285,0.0,5,positive
2024-10-20 04:00:00,36.249815420652546,27.606965782633978,5.615579884833609,0.3262684334388207,5,positive
2024-10-20 05:00:00,19.001686778253937,45.83302563449686,0.6142851744378621,0.10248906660421761,5,positive
2024-10-20 06:00:00,26.96063074452547,10.106047425103931,2.722831095221478,0.21481732711967902,5,positive
2024-10-20 07:00:00,21.6007568713063,30.21341389170538,4.256251880095412,0.10077973584134778,5,positive
2024-10-20 08:00:00,24.40890533680555,49.74374309692642,0.0,0.0012204694787896209,5,positive
2024-10-20 09:00:00,23.272769937512045,33.51705326056571,10.016881212633624,0.0,5,positive
2024-10-20 10:00:00,19.561057096052743,27.097202060192345,6.772492551322495,0.0,5,positive
2024-10-20 11:00:00,18.609200782906743,24.019881006414284,7.685966384280222,0.0,5,positive
2024-10-20 12:00:00,34.482807438995664,30.4953761264553,12.794033280054805,0.16597144292189583,5,positive
2024-10-20 13:00:00,21.489965880074813,31.839215313848563,6.354731639758919,0.0,5,positive
2024-10-20 14:00:00,28.83391888461466,38.46514965883271,9.176448545849347,0.0,5,positive
2024-10-20 15:00:00,14.260079380998125,67.1517023716547,7.110871373556552,0.017052493571679678,5,positive
2024-10-20 16:00:00,33.44879332471438,39.227128230253285,10.890774584322608,0.0,5,positive
2024-10-20 17:00:00,19.450615275385566,32.45620441254064,1.0863091485068663,0.07680386407937759,5,positive
2024-10-20 18:00:00,24.368264616340937,62.756948507656304,8.429995325026077,0.0,5,positive
2024-10-20 19:00:00,21.24811653772303,76.0925619966246,12.331831174925199,0.0,5,positive
2024-10-20 20:00:00,26.728852115444454,23.869798626653896,1.2309624022657122,0.0,5,positive
2024-10-20 21:00:00,22.73221151391089,6.917667463499065,2.2542035473068207,0.18650447859902256,5,positive
2024-10-20 22:00:00,18.734614592088366,40.92216906719136,1.926658363457193,0.40636840059376966,5,positive
2024-10-20 23:00:00,12.52992722351844,59.64101452906445,0.0,0.12627384168189218,5,positive
2024-10-21 00:00:00,25.338966424254632,59.963498772464575,9.575215180580853,0.0,5,positive
2024-10-21 01:00:00,22.14029521338447,19.6040231882721,5.549308258803103,0.16449947676517832,5,positive
2024-10-21 02:00:00,11.770320257785027,41.026233789796194,2.384110089560192,0.0,5,positive
2024-10-21 03:00:00,11.585417982231219,39.445745301751316,5.556587155185188,0.0,5,positive
2024-10-21 04:00:00,24.58975116463252,53.53674339491212,4.221766417874037,0.0,5,positive
2024-10-21 05:00:00,14.151302735069773,28.795921358833727,6.689478886276855,0.054958807786567615,5,positive
2024-10-21 06:00:00,12.27597712923444,13.797240145210207,0.0,0.0,5,positive
2024-10-21 07:00:00,27.019951173374757,11.022522019800757,1.1593857687334745,0.08502500768482904,5,positive
2024-10-21 08:00:00,27.138537172003957,44.937891946719205,0.3884288469597017,0.0,5,positive
2024-10-21 09:00:00,9.054181843852863,71.69476788365485,0.0256236799219991,0.0,5,positive
2024-10-21 10:00:00,13.675193161267963,12.550092849156794,14.762969548782728,0.0,5,positive
2024-10-21 11:00:00,18.19400704549906,15.193652797333847,0.0,0.0,5,positive
2024-10-21 12:00:00,19.46907661470845,25.230558104597833,9.106876269881141,0.0,5,positive
2024-10-21 13:00:00,24.584666063503207,30.25812692047269,2.491890852128691,0.19694720996735285,5,positive
2024-10-21 14:00:00,22.100110075372243,48.325362872519754,11.950377747361156,0.07159978743248568,5,positive
2024-10-21 15:00:00,10.526222340339174,23.666889218892074,2.7186729585466605,0.08181558222878105,5,positive
2024-10-21 16:00:00,24.810477407903342,51.48775990677966,9.982434087054592,0.0,5,positive
2024-10-21 17:00:00,25.757818717880387,36.021514451565785,15.402265169653427,0.0,5,positive
2024-10-21 18:00:00,19.565275160656626,22.432651118335258,11.515127295227057,0.17068784689530983,5,positive
2024-10-21 19:00:00,21.59530078853256,54.61873435669758,0.0,0.22764706245715047,5,positive
2024-10-21 20:00:00,21.67924070316451,24.095084413889793,19.919305189909366,0.0,5,positive
2024-10-21 21:00:00,18.738153827164535,35.38943170150257,0.0,0.28481219336038555,5,positive
2024-10-21 22:00:00,29.865919755563233,25.56581967600838,3.855624185998643,0.1800197558109374,5,positive
2024-10-21 23:00:00,32.72203520761463,42.754857082417125,5.724413329806664,0.19811936940708322,5,positive
2024-10-22 00:00:00,15.566800307400328,20.07840321457033,2.7779175584578386,0.0,5,positive
2024-10-22 01:00:00,13.72223207452204,11.544423221852764,9.09701334876953,0.0,5,positive
2024-10-22 02:00:00,35.60634206742653,24.97492447467946,9.480502948116353,0.008839129311956379,5,positive
2024-10-22 03:00:00,19.969299510995736,46.165003831245144,11.876145934253572,0.0,5,positive
2024-10-22 04:00:00,19.954882359617635,29.637048371681974,1.1612305060147037,0.0,5,positive
2024-10-22 05:00:00,17.023939808786498,18.14042356355849,10.199619833438321,0.1201852988634434,5,positive
2024-10-22 06:00:00,14.7355005413668,39.25162153616956,2.8294443023514493,0.0,5,positive
2024-10-22 07:00:00,16.477363366577794,44.028434729096624,4.606059130789109,0.0,5,positive
2024-10-22 08:00:00,20.034233810702407,25.25594435607754,1.7334736882741844,0.0,5,positive
2024-10-22 09:00:00,29.16174721780944,39.09981884805311,19.19415833207212,0.0,5,positive
2024-10-22 10:00:00,19.539777882263877,30.22958849289396,10.348483597426766,0.3800847371013626,5,positive
2024-10-22 11:00:00,31.330306452259894,40.42400782765375,9.282294554292664,0.0,5,positive
2024-10-22 12:00:00,35.78263906695247,37.56433028281258,7.434798145643079,0.0,5,positive
2024-10-22 13:00:00,29.740403327929084,30.185302394244165,8.0259322432951,0.015576340319580356,5,positive
2024-10-22 14:00:00,24.89450355683986,14.651002235913289,0.2875769609921992,0.0022693666694481307,5,positive
2024-10-22 15:00:00,14.282092455909261,25.342639790412463,11.173553210450022,0.6900690617465438,5,positive
2024-10-22 16:00:00,23.571156840081507,16.635448849366075,5.691788985395274,0.7523617404561268,5,positive
2024-10-22 17:00:00,26.759619665414412,24.13139257718138,8.808311931897768,0.0,5,positive
2024-10-22 18:00:00,21.859216565954895,24.602195807863318,7.131188053189199,0.0,5,positive
2024-10-22 19:00:00,20.790652954475604,34.52967948985248,0.7827660153158016,0.0,5,positive
2024-10-22 20:00:00,20.80531810342802,32.52098044966345,5.169053625699997,0.0,5,positive
2024-10-22 21:00:00,22.488118843313643,48.34120184786788,7.503941323869745,0.0,5,positive
2024-10-22 22:00:00,17.66719758852863,43.581435853977226,9.878651488061784,0.06671070123237982,5,positive
2024-10-22 23:00:00,18.90093754986985,47.98725504769729,11.567302312222438,0.0,5,positive
2024-10-23 00:00:00,21.21266073073776,38.67408840566702,13.317544642257632,0.05046693880771938,5,positive
2024-10-23 01:00:00,16.972737770425077,37.72147096925543,10.076398451327268,0.22675834899830102,5,positive
2024-10-23 02:00:00,21.401899492693534,33.590018386568225,0.0,0.0,5,positive
2024-10-23 03:00:00,20.74145733721227,32.59560585765471,15.079571372886342,0.7610743557807073,5,positive
2024-10-23 04:00:00,15.403019430363099,1.0,5.595416669129296,0.21129832328268153,5,positive
2024-10-23 05:00:00,17.92018258932595,51.6151600922564,12.303087611684816,0.20170904341677756,5,positive
2024-10-23 06:00:00,19.0350955716811,50.39284502160296,7.901210700820742,0.0,5,positive
2024-10-23 07:00:00,8.270010580123587,28.38028259156476,11.773218085863043,0.0,5,positive
2024-10-23 08:00:00,22.49288276951581,23.519667273195438,2.0751739585789304,0.0,5,positive
2024-10-23 09:00:00,7.8830715809258525,43.255176521073324,12.088558031314562,0.030416776941669,5,positive
2024-10-23 10:00:00,20.24270662449154,43.47410980320222,8.8546918556415,0.0,5,positive
2024-10-23 11:00:00,36.803298579000206,29.724809305842257,11.878761502249546,0.0,5,positive
2024-10-23 12:00:00,32.21176706224743,57.031456169818725,8.149168935633192,0.0,5,positive
2024-10-23 13:00:00,26.4681214528605,25.358246455389136,10.735611527196701,0.17257178627439504,5,positive
2024-10-23 14:00:00,17.12994461083739,51.90414714818448,12.873288453501013,0.011123506139222666,5,positive
2024-10-23 15:00:00,16.131389251991674,25.31605096313492,11.663197832327453,0.12481677549604128,5,positive
2024-10-23 16:00:00,24.85370111228762,46.202702159514416,7.5587727485344995,0.0,5,positive
2024-10-23 17:00:00,19.56551864408166,31.792165985091284,3.1137688443407177,0.06702299579705431,5,positive
2024-10-23 18:00:00,15.867836424169038,40.24657726572589,7.6434196643703265,0.6587513467054166,5,positive
2024-10-23 19:00:00,17.127174849413436,55.74308358561101,9.008287713172402,0.0,5,positive
2024-10-23 20:00:00,24.442626298789534,32.80828952608182,25.27023201122091,0.0,5,positive
2024-10-23 21:00:00,18.955001223469083,56.300418766806565,0.0,0.1523582354590057,5,positive
2024-10-23 22:00:00,37.95542795744858,33.25701073460369,0.0,0.0,5,positive
2024-10-23 23:00:00,33.6361443276723,40.64104394481157,3.805719452437411,0.0,5,positive
2024-10-24 00:00:00,17.522397830801495,40.41796826080994,14.690980664693265,0.0,5,positive
2024-10-24 01:00:00,25.648097456873028,15.025328599137751,1.3603374300327937,0.04088446533716619,5,positive
2024-10-24 02:00:00,11.236231216536845,31.616494683970934,9.520752230930885,0.1088403594879053,5,positive
2024-10-24 03:00:00,13.805901325129092,33.58818403148272,10.518251437620268,0.39133847192481264,5,positive
2024-10-24 04:00:00,26.856427478164413,36.104848924882916,4.269026232214753,0.09091146245606019,5,positive
2024-10-24 05:00:00,17.91298329336682,41.149033774708506,9.683118533136714,0.127714025003938,5,positive
2024-10-24 06:00:00,15.714583773859976,53.06761327409234,8.396075239020696,0.18009744445565187,5,positive
2024-10-24 07:00:00,40.84656945278521,34.56587401527853,9.92166979656704,0.0,5,positive
2024-10-24 08:00:00,19.05923627071851,24.086394772679085,18.608374925329702,0.0,5,positive
2024-10-24 09:00:00,28.575497608869412,43.64433787577316,2.9834130481915775,0.0,5,positive
2019-08-22 21:00:00,15.254938735906006,39.24930197225969,0.0,0.04392721002621938,6,positive
2019-08-22 22:00:00,24.546329621224917,22.863510992076378,0.0,0.09388260859218472,6,positive
2019-08-22 23:00:00,38.96064616840631,55.843403878700926,6.713410573671638,0.0,6,positive
2019-08-23 00:00:00,29.101650054271307,51.8319202975236,6.282321405871507,0.2470545816769065,6,positive
2019-08-23 01:00:00,24.40491845411629,43.308144804182476,7.334617789943666,0.0,6,positive
2019-08-23 02:00:00,22.408160315977476,55.697484946315825,14.047603512214431,0.1461867775008102,6,positive
2019-08-23 03:00:00,35.75287256018343,29.203313566603747,16.114867243146904,0.0,6,positive
2019-08-23 04:00:00,48.168208977716716,17.112771098262833,4.553273738913292,0.0,6,positive
2019-08-23 05:00:00,25.177872423831936,64.25208476262527,4.65812658350233,0.0,6,positive
2019-08-23 06:00:00,31.299704037455967,45.56971748330972,3.1950182903783997,0.03348637726195744,6,positive
2019-08-23 07:00:00,31.83459945052331,43.993767796855664,9.021738436044771,0.0,6,positive
2019-08-23 08:00:00,21.37011366208498,44.61177701378963,8.155674264724889,0.0,6,positive
2019-08-23 09:00:00,13.030570687096793,22.27212536971038,2.7570417758620396,0.0,6,positive
2019-08-23 10:00:00,23.777057940395615,34.59566245347189,9.076718966443746,0.013462026877660294,6,positive
2019-08-23 11:00:00,16.98143259266497,56.98490252518022,6.661445864762628,0.0,6,positive
2019-08-23 12:00:00,25.85908989865962,7.452346964373909,4.047327751385403,0.0,6,positive
2019-08-23 13:00:00,8.100624567503115,51.76361295399734,15.555682831795673,0.00012014415258990163,6,positive
2019-08-23 14:00:00,24.334502139410482,51.7863062727654,5.666054059782402,0.017279436707357904,6,positive
2019-08-23 15:00:00,16.630809638954627,27.83596560000231,4.003317678375131,0.0,6,positive
2019-08-23 16:00:00,31.263752420524398,32.23830601824253,1.643754200437984,0.1285724469203898,6,positive
2019-08-23 17:00:00,25.156795370964325,62.66174620091404,9.968624996571988,0.3097412192633908,6,positive
2019-08-23 18:00:00,28.129471734802273,31.407520466198804,6.108573913178968,0.0,6,positive
2019-08-23 19:00:00,33.26759075397085,1.0,11.989296001396347,0.0,6,positive
2019-08-23 20:00:00,18.717274148387098,60.38472734176719,4.429344538999743,0.009792000806645967,6,positive
2019-08-23 21:00:00,20.956846088643758,41.20771078718357,5.790721088535653,0.1973327795486469,6,positive
2019-08-23 22:00:00,15.074414552945877,54.22000784696779,8.373883945677557,0.0,6,positive
2019-08-23 23:00:00,19.908630342615698,25.107534557400957,16.387847249377053,0.0,6,positive
2019-08-24 00:00:00,18.453040963782986,51.44213549533009,4.388198205663073,0.12589388266083276,6,positive
2019-08-24 01:00:00,22.081973472135186,35.0040515613227,9.298056739516072,0.0,6,positive
2019-08-24 02:00:00,24.689985970818963,1.0,9.631494717157805,0.0,6,positive
2019-08-24 03:00:00,22.347600194811662,38.68920964094256,7.856608561626003,0.06726441322548432,6,positive
2019-08-24 04:00:00,26.904353678166288,26.868788042082485,3.2615683218041216,0.013049970372143144,6,positive
2019-08-24 05:00:00,16.273140449750134,36.50214368690115,0.521698745623163,0.0,6,positive
2019-08-24 06:00:00,14.534195594485318,28.362905857249835,13.22532332885562,0.07179033283522412,6,positive
2019-08-24 07:00:00,26.547276196598553,8.431927424122058,17.184475849145066,0.031138600502711444,6,positive
2019-08-24 08:00:00,34.22848651435092,50.32315798972229,10.8866637089234,0.002420016137452602,6,positive
2019-08-24 09:00:00,23.212718758556182,27.936178840327102,8.145197857526458,0.5393296923809306,6,positive
2019-08-24 10:00:00,5.691115947420734,51.82676226476882,7.594464217253194,0.05820155716454095,6,positive
2019-08-24 11:00:00,17.517382137361857,40.376893645501525,3.531218308527639,0.3653545447706572,6,positive
2019-08-24 12:00:00,25.25703842566621,42.78654496935233,7.001840876611835,0.0,6,positive
2019-08-24 13:00:00,22.71148432711428,13.032014475296169,2.863847016561703,0.22474611737988112,6,positive
2019-08-24 14:00:00,28.751512567132448,29.560835743446244,5.760667941117697,0.0947449763874009,6,positive
2019-08-24 15:00:00,24.81969997750971,40.08491765712239,6.151496273956125,0.18778563051208794,6,positive
2019-08-24 16:00:00,4.5087484798627955,49.53110797885337,10.241548528781895,0.0,6,positive
2019-08-24 17:00:00,20.902186385309953,46.04216393391583,0.2264496346007343,0.0,6,positive
2019-08-24 18:00:00,12.909577096859756,61.57263923730119,12.378277659266503,0.41028146259619536,6,positive
2019-08-24 19:00:00,18.220478303420602,15.134266878846674,17.723811188252448,0.0,6,positive
2019-08-24 20:00:00,25.798530582904732,24.61977576151679,11.611370735890013,0.003945298842334549,6,positive
2019-08-24 21:00:00,19.733254610340005,44.1650293973789,0.0,0.0,6,positive
2019-08-24 22:00:00,23.459113717791006,54.214163131706364,2.622901216905908,0.06796918691810966,6,positive
2019-08-24 23:00:00,12.704798227201502,38.754465089972584,8.32991650959123,0.1859153637492826,6,positive
2019-08-25 00:00:00,13.887446456917765,16.001055954037366,7.75758049764672,0.05872469325577126,6,positive
2019-08-25 01:00:00,16.515144061133903,58.20634229197414,7.58837160903633,0.0,6,positive
2019-08-25 02:00:00,17.733982538538427,38.67164425697985,7.722619918718325,0.0,6,positive
2019-08-25 03:00:00,33.426706450111304,32.97269589451376,11.732091098164803,0.0,6,positive
2019-08-25 04:00:00,20.681244947361883,21.99721460114968,14.179992413816967,0.0,6,positive
2019-08-25 05:00:00,24.936428213447105,55.372762206574684,13.781706484495114,0.19978812536730187,6,positive
2019-08-25 06:00:00,10.626181223700298,24.564813207249745,2.980559319943236,0.0,6,positive
2019-08-25 07:00:00,23.365215534000413,14.142313495541078,7.056278934943863,0.08406673511165327,6,positive
2019-08-25 08:00:00,21.574748095441922,10.169412440192229,10.644137466923064,0.014465850815369108,6,positive
2019-08-25 09:00:00,23.4452631436057,63.61922740020322,12.239366447486713,0.0,6,positive
2019-08-25 10:00:00,28.544560746195888,14.035041785822322,3.187636981594573,0.02234456574168525,6,positive
2019-08-25 11:00:00,4.734002698016582,34.442588225991756,2.8986835394078962,0.0,6,positive
2019-08-25 12:00:00,13.378109135621893,41.36372206182783,8.096637118336949,0.023597358610939534,6,positive
2019-08-25 13:00:00,22.05387627281298,23.470357925578007,6.765570720863586,0.06733241369774648,6,positive
2019-08-25 14:00:00,25.24909803764352,43.847753694729086,20.34598018346409,0.0,6,positive
2019-08-25 15:00:00,19.857643410598538,26.363622133426766,9.060568505656121,0.0,6,positive
2019-08-25 16:00:00,21.573001244571913,51.29488875309548,4.915102481226112,0.20777976343322205,6,positive
2019-08-25 17:00:00,26.30798282912866,34.8195512015158,6.425316796214273,0.10441459900631397,6,positive
2019-08-25 18:00:00,15.463930794063366,39.46899765452622,4.248904648789337,0.0,6,positive
2019-08-25 19:00:00,29.09461063039363,24.82475181738284,10.562974967156142,0.005268922874518134,6,positive
2019-08-25 20:00:00,17.86700190420209,46.3724632584226,9.946526955522051,0.0,6,positive
2019-08-25 21:00:00,21.66464231006137,41.465817388994765,9.146938307462298,0.0,6,positive
2019-08-25 22:00:00,35.55012992609994,19.243700849771795,10.138181094398725,0.0,6,positive
2019-08-25 23:00:00,36.0763781555944,21.44776194164239,4.323683691198339,0.0,6,positive
2019-08-26 00:00:00,24.587720407604884,14.404240106470372,5.607357526211169,0.03760027162973048,6,positive
2019-08-26 01:00:00,10.095546048545176,51.28414104461088,1.4616655080753036,0.0,6,positive
2019-08-26 02:00:00,16.391673408097564,59.02357066843139,11.74775269463073,0.06885881697039739,6,positive
2019-08-26 03:00:00,14.66333958231755,44.08287807836465,6.688109346449166,0.0,6,positive
2019-08-26 04:00:00,32.17791089417678,23.769666899450655,8.456468860877273,0.0,6,positive
2019-08-26 05:00:00,28.4729399070848,32.605809987189915,6.555470595736709,0.0,6,positive
2019-08-26 06:00:00,13.550040058678434,39.775388398621004,7.310589055288819,0.0,6,positive
2019-08-26 07:00:00,30.314028877072484,17.190153364065882,6.81909848883675,0.07654397784365843,6,positive
2019-08-26 08:00:00,16.366720499403872,56.47215670891126,12.542934008065737,0.0,6,positive
2019-08-26 09:00:00,36.35385423462869,12.516570805847866,7.961368594471591,0.104788477300186,6,positive
2019-08-26 10:00:00,14.683559625648623,39.510718127265925,2.46708753106061,0.0,6,positive
2019-08-26 11:00:00,30.462678145031255,39.08500101692493,0.0,0.08972302453879691,6,positive
2019-08-26 12:00:00,26.517680025705285,35.31797965268549,0.0,0.1653530727437639,6,positive
2019-08-26 13:00:00,23.09325205003066,22.713880039999324,12.97477798783332,0.0,6,positive
2019-08-26 14:00:00,16.492383059166283,40.37528976521054,16.905192296211474,0.0,6,positive
2019-08-26 15:00:00,24.877691991232854,41.935784882754795,11.957494660424125,0.015454944648742003,6,positive
2019-08-26 16:00:00,27.153186697215858,23.988897977847078,9.592390333982904,0.06518294402363375,6,positive
2019-08-26 17:00:00,26.009666616913716,36.7715519750969,0.0,0.0,6,positive
2019-08-26 18:00:00,27.137223618394103,41.68892522507681,7.487070268957102,0.0,6,positive
2019-08-26 19:00:00,24.49098503297329,41.565099502896594,13.222459470252844,0.24183178685159315,6,positive
2019-08-26 20:00:00,14.815857972686372,1.0,5.614395489909593,0.0,6,positive
2019-08-26 21:00:00,19.175229348657552,47.01767558422594,8.743640879601365,0.14459694662073078,6,positive
2019-08-26 22:00:00,19.63826634303471,42.01422239851532,10.529425322676797,0.0,6,positive
2019-08-26 23:00:00,8.346901549325777,28.123875881702638,12.242580526942518,0.0,6,positive
2019-08-27 00:00:00,23.920572101136642,30.609437533677696,11.785591843372224,0.0,6,positive
2019-08-27 01:00:00,19.122706570661542,39.95460968266319,13.902636312059848,0.08832534236431028,6,positive
2019-08-27 02:00:00,27.940839673882337,35.662083449983896,7.729624119810459,0.006078799833298454,6,positive
2019-08-27 03:00:00,21.0746172601644,37.84460748533582,2.710618677345626,0.0,6,positive
2019-08-27 04:00:00,12.878522182810572,28.518323593204812,8.48796630425907,0.09646893298925321,6,positive
2019-08-27 05:00:00,18.618536121181382,25.009762790594053,5.245915413331031,0.0,6,positive
2019-08-27 06:00:00,-0.49877594804816994,19.958929817771196,21.656443545797757,0.0,6,positive
2019-08-27 07:00:00,13.15212040528624,34.37123026737843,8.337272830339309,0.0,6,positive
2019-08-27 08:00:00,36.716016022580504,40.82827521918823,5.301058484935196,0.0,6,positive
2019-08-27 09:00:00,16.413978425097113,19.49993756016456,0.0,0.1107858544650647,6,positive
2019-08-27 10:00:00,14.828438751005825,17.333153484486935,9.566182636873586,0.016720985985541725,6,positive
2019-08-27 11:00:00,-3.1493304161979516,19.341323381158013,5.640701761392903,0.0,6,positive
2019-08-27 12:00:00,34.15619743447348,25.79686161066275,12.404617315995988,0.0,6,positive
2019-08-27 13:00:00,21.66156219461921,22.469295667279447,7.706086742096164,0.0,6,positive
2019-08-27 14:00:00,23.360194514036564,31.456255510644677,3.2768603340419986,0.0,6,positive
2019-08-27 15:00:00,25.4147238401714,28.27905898786628,8.72746523517655,0.0,6,positive
2019-08-27 16:00:00,15.059272501893808,36.05744343531746,4.8949412259631275,0.3221973996864155,6,positive
2019-08-27 17:00:00,9.017861357867801,29.62088969692054,10.834853297918617,0.0,6,positive
2019-08-27 18:00:00,42.16566953726375,48.28528480479098,14.521650663302392,0.04816380135875889,6,positive
2019-08-27 19:00:00,36.82291979950858,23.19497024791187,0.0,0.14989362293701566,6,positive
2019-08-27 20:00:00,26.465748604380302,37.272754576219675,9.377363054838918,0.0,6,positive
2019-08-27 21:00:00,25.056460595699996,46.983693913865324,3.3021862907362056,0.0,6,positive
2019-08-27 22:00:00,34.9129113841959,36.51352302720602,4.883854082769325,0.0,6,positive
2019-08-27 23:00:00,16.80701502689394,24.365614684312376,1.5842609869817013,0.5553018210304782,6,positive
2019-08-28 00:00:00,20.439964978764646,26.10611194519401,13.535796427216475,0.8571542247886946,6,positive
2019-08-28 01:00:00,24.122541440623866,23.85319388668324,7.3948579211001215,0.0,6,positive
2019-08-28 02:00:00,30.63299023459367,35.119839633619144,11.964235592588398,0.09921765283537015,6,positive
2019-08-28 03:00:00,7.499293067450866,39.025384820277836,11.626620315733128,0.09412429392062738,6,positive
2019-08-28 04:00:00,25.37749329149952,29.77119551067519,3.966268742772039,0.0,6,positive
2019-08-28 05:00:00,25.4115793295862,26.586513637342605,13.547120945960284,0.0,6,positive
2019-08-28 06:00:00,17.331812969671677,59.54637818512498,12.342909688669565,0.0,6,positive
2019-08-28 07:00:00,24.299045677148403,37.32188366785758,0.0,0.09016291590988132,6,positive
2019-08-28 08:00:00,21.59322706312575,29.65082785161041,9.235512824152103,0.149737944369062,6,positive
2019-08-28 09:00:00,19.42771372276858,19.135178058157027,9.624258292555226,0.0,6,positive
2019-08-28 10:00:00,20.75149199342478,30.623394212703822,19.209189000054927,0.234063409417867,6,positive
2019-08-28 11:00:00,18.89332877493883,34.94466461527412,4.094287538586106,0.2043842666010224,6,positive
2019-08-28 12:00:00,28.506061429757114,34.28368072267189,6.646631223281529,0.0,6,positive
2019-08-28 13:00:00,21.161706770817514,33.82440457811356,7.060004492416002,0.3027933253447793,6,positive
2019-08-28 14:00:00,28.025696518622922,16.54609778602135,2.7466805038342557,0.0,6,positive
2019-08-28 15:00:00,28.931179202860797,38.754849397856944,10.526337579663853,0.06545079355271982,6,positive
2019-08-28 16:00:00,36.279584983041104,25.867236377819637,8.841029035556279,0.0,6,positive
2019-08-28 17:00:00,14.104161953631426,26.80513462231,8.895858873004372,0.0024013452737792484,6,positive
2019-08-28 18:00:00,24.408997942816193,59.095417259460774,14.028365725959777,0.0,6,positive
2019-08-28 19:00:00,10.015117266815624,59.01312685515638,9.000026541091277,0.08941296121815265,6,positive
2019-08-28 20:00:00,27.231582567383523,31.4446419044035,11.575029054967867,0.22255159591244325,6,positive
2019-08-28 21:00:00,11.55214101769914,33.92831895428592,8.157828336449574,0.06594943071688941,6,positive
2019-08-28 22:00:00,31.818329173137542,22.246889372914133,9.565828036661747,0.2103482148243416,6,positive
2019-08-28 23:00:00,9.546272382911333,15.214547244972316,8.059555081243158,0.0,6,positive
2019-08-29 00:00:00,26.634158495190487,9.115477622830507,0.0,0.012650429659135987,6,positive
2019-08-29 01:00:00,21.23029213657441,52.11898954265554,3.596410396442792,0.12633572318916478,6,positive
2019-08-29 02:00:00,28.7693877042229,28.288045426902773,5.869572148844673,0.0,6,positive
2019-08-29 03:00:00,25.269534698858934,43.14014519840493,7.928329977440446,0.0,6,positive
2019-08-29 04:00:00,18.30451848586376,15.074071918053356,17.8848768405659,0.39169452917251113,6,positive
2019-08-29 05:00:00,17.45246333025802,34.01295018391723,8.335905548269906,0.0,6,positive
2019-08-29 06:00:00,21.86052882440793,34.40356652857739,8.874096635104035,0.0,6,positive
2019-08-29 07:00:00,37.04701045606279,32.79067529698164,10.903113097234927,0.2610241007577202,6,positive
2019-08-29 08:00:00,18.231997910005997,24.91526200519378,15.348618822542726,0.020987034740502536,6,positive
2019-08-29 09:00:00,28.06463989552073,25.243693209902073,5.73690530173028,0.02866728682079228,6,positive
2019-08-29 10:00:00,32.2707610146344,6.652210114548222,1.4216822236278368,0.0,6,positive
2019-08-29 11:00:00,13.299983041908398,22.82599923211839,0.0,0.0,6,positive
2019-08-29 12:00:00,5.88228415253268,19.73016914348478,14.002101999551002,0.0,6,positive
2019-08-29 13:00:00,23.49974137738022,19.958321655813283,0.31957520477637935,0.0,6,positive
2019-08-29 14:00:00,21.65432138483188,48.022651695900024,12.511837085676602,0.0,6,positive
2019-08-29 15:00:00,16.09954508745645,35.36824748605982,6.393287349813771,0.0,6,positive
2019-08-29 16:00:00,38.297023175678504,8.569996444945811,6.826615920388695,0.0,6,positive
2019-08-29 17:00:00,10.272868039731694,25.343788621006244,5.354807512161802,0.5301802357091734,6,positive
2019-08-29 18:00:00,9.232342723150262,43.92929090507059,11.33143641256572,0.026417255912439958,6,positive
2019-08-29 19:00:00,15.037010605671348,36.297661861809424,3.5027988021545626,0.09849035921984536,6,positive
2019-08-29 20:00:00,39.22774341736702,36.43543066394384,2.062367120064133,0.08510837316581146,6,positive
2023-10-03 15:00:00,11.185632591493523,17.014844112274822,2.7943843202560457,0.0,7,positive
2023-10-03 16:00:00,29.495751964713612,43.67597297025259,10.614976641236641,0.039111070877385884,7,positive
2023-10-03 17:00:00,17.66948515651481,39.08001660324783,4.858400073057935,0.0,7,positive
2023-10-03 18:00:00,25.530869540239596,29.76840978198047,9.130297945510126,0.3403117804523367,7,positive
2023-10-03 19:00:00,20.625129608104018,52.69006714578809,10.79685033653679,0.0,7,positive
2023-10-03 20:00:00,13.182903765891806,22.496061753951555,3.7258254153360832,0.3297225228038386,7,positive
2023-10-03 21:00:00,26.917152384654578,53.827376250570836,9.540875443625412,0.0,7,positive
2023-10-03 22:00:00,5.342070050961006,36.05884363126007,8.128850968474957,0.007538587339813774,7,positive
2023-10-03 23:00:00,38.84992238162666,53.60894819289608,11.92530459124993,0.0,7,positive
2023-10-04 00:00:00,17.89604200642605,33.57733089607247,4.1229643799482325,0.0,7,positive
2023-10-04 01:00:00,24.855270793725637,18.675383104179613,13.984083545480622,0.15148509681472225,7,positive
2023-10-04 02:00:00,8.16743082606199,34.22985712482546,9.406032279614525,0.0,7,positive
2023-10-04 03:00:00,19.30018877498707,47.419074011708105,8.93570993385108,0.0,7,positive
2023-10-04 04:00:00,10.67866581213989,51.83839805224023,13.979920891908845,0.0,7,positive
2023-10-04 05:00:00,33.96565376944023,50.8491477356241,11.418143647398605,0.41462878671643577,7,positive
2023-10-04 06:00:00,35.851430008258745,43.04452148312409,6.070806126941892,0.36021592017888326,7,positive
2023-10-04 07:00:00,24.054270252110854,9.934113727423178,11.498366376764313,0.0,7,positive
2023-10-04 08:00:00,24.964864870594294,27.175694939627608,6.677906436376482,0.3120578875415242,7,positive
2023-10-04 09:00:00,20.71016455055359,63.34069319026031,14.925298135243203,0.0,7,positive
2023-10-04 10:00:00,21.79764587548038,47.663017860393275,13.649851970537782,0.0,7,positive
2023-10-04 11:00:00,21.38048905894238,7.670626556478794,13.615510551304475,0.04873688936085738,7,positive
2023-10-04 12:00:00,22.640660996984685,3.1248481264547543,11.044452582885155,0.0,7,positive
2023-10-04 13:00:00,16.69320446668432,44.39864584686506,9.272770627563622,0.2648158610717761,7,positive
2023-10-04 14:00:00,16.803154939186683,36.88754082831249,5.952672237438163,0.33081037691977,7,positive
2023-10-04 15:00:00,19.33949454817312,40.09388934882776,7.109482665901833,0.020927706727542433,7,positive
2023-10-04 16:00:00,29.912516971004315,1.0,5.768174224857824,0.16102554215554324,7,positive
2023-10-04 17:00:00,23.18543102297132,43.42492711704103,13.633824041305177,0.11176741555170025,7,positive
2023-10-04 18:00:00,26.692658698667856,37.93727581822192,0.0,0.0,7,positive
2023-10-04 19:00:00,10.489798982078405,41.29245908464573,9.94979972098874,0.21401227536857834,7,positive
2023-10-04 20:00:00,18.04338494270714,47.408789767107535,0.1981626302845223,0.0942069236586818,7,positive
2023-10-04 21:00:00,17.48900258758033,24.840530868994527,10.14373893726773,0.0,7,positive
2023-10-04 22:00:00,19.25395390530507,46.71021634888666,8.248703327222993,0.12276645998894983,7,positive
2023-10-04 23:00:00,19.93638325407149,30.507711638125777,4.5167004374727675,0.16204871967072035,7,positive
2023-10-05 00:00:00,23.877169501638075,11.140254525958728,0.0,0.0,7,positive
2023-10-05 01:00:00,15.477708569643724,39.53061732650486,11.904657890545941,0.053897049579121004,7,positive
2023-10-05 02:00:00,10.70770196339052,60.11647523592943,9.757853914812294,0.0,7,positive
2023-10-05 03:00:00,14.528476378829891,27.343387266390806,2.047138319433449,0.0,7,positive
2023-10-05 04:00:00,15.785990771149432,51.403018823244004,5.9968554011499435,0.09668744292392259,7,positive
2023-10-05 05:00:00,18.58958729588959,1.0,7.396157116629965,0.056745974945413474,7,positive
2023-10-05 06:00:00,28.59794197238374,6.705426080249307,13.80933180431774,0.0,7,positive
2023-10-05 07:00:00,32.0163485095893,34.20917935993794,13.069484170513778,0.14774883968905964,7,positive
2023-10-05 08:00:00,27.704380521636264,23.43255856850082,0.0,0.01439336874585831,7,positive
2023-10-05 09:00:00,22.044249109034165,22.635511876735947,9.880367658478999,0.0,7,positive
2023-10-05 10:00:00,4.983219651073107,55.58581151215364,12.519000647007172,0.47106785020496333,7,positive
2023-10-05 11:00:00,21.976002852235684,50.29260590301986,10.096003041453027,0.0,7,positive
2023-10-05 12:00:00,30.761232650500776,24.039312871981693,8.155892243323143,0.21799239437738924,7,positive
2023-10-05 13:00:00,19.81790361863166,29.15291732868872,8.364341189142454,0.0,7,positive
2023-10-05 14:00:00,13.612578859723794,47.026938648506714,3.118073961168709,0.0,7,positive
2023-10-05 15:00:00,19.637756218239588,40.371554189888236,0.0,0.19360035233008502,7,positive
2023-10-05 16:00:00,16.58407721910269,53.299449421655815,5.609175377419228,0.24426920492798707,7,positive
2023-10-05 17:00:00,37.310288320547386,30.839926868094974,14.194249423367294,0.30558621333683367,7,positive
2023-10-05 18:00:00,25.32335064234792,36.049378841170615,12.23925813150062,0.0,7,positive
2023-10-05 19:00:00,14.127611815846517,25.421357144344675,8.498551881620456,0.0,7,positive
2023-10-05 20:00:00,27.682199011769413,54.5709754973228,3.1208083138249574,0.0,7,positive
2023-10-05 21:00:00,10.510084653497168,65.45559486138656,9.523347495609134,0.010114219353712539,7,positive
2023-10-05 22:00:00,11.278332919751614,34.98245016489688,10.546239922065427,0.0,7,positive
2023-10-05 23:00:00,30.605644998611155,69.67746688464244,3.2646858645302412,0.0,7,positive
2023-10-06 00:00:00,14.977951475771388,59.09298740024736,13.211776585148423,0.0,7,positive
2023-10-06 01:00:00,22.292477315206995,22.75184560704918,12.45013578871592,0.06628745751378143,7,positive
2023-10-06 02:00:00,19.919387684360004,44.131846572938855,7.060025309583894,0.3641875986268356,7,positive
2023-10-06 03:00:00,22.0846016442326,46.93033120689615,16.232465377419167,0.10344273117545053,7,positive
2023-10-06 04:00:00,28.426513788994136,32.00218906848313,4.461010684156415,0.0,7,positive
2023-10-06 05:00:00,23.36992659680457,13.660570268753762,6.35965188287201,0.2549248243444756,7,positive
2023-10-06 06:00:00,17.91633706377217,57.22603391813191,10.399195184511083,0.032835802006411785,7,positive
2023-10-06 07:00:00,24.107402093217278,36.22081754637617,3.3170109119487545,0.26758489749982084,7,positive
2023-10-06 08:00:00,22.10443140540352,14.493291739486502,5.302362651148026,0.0,7,positive
2023-10-06 09:00:00,25.307836352445772,41.92025167978559,5.0934075901739755,0.0,7,positive
2023-10-06 10:00:00,20.543368565211864,1.0,5.576489840242289,0.0,7,positive
2023-10-06 11:00:00,8.545553946978563,36.6903680062331,15.926306070926437,0.0,7,positive
2023-10-06 12:00:00,22.017192643421488,15.439756141581181,16.136155708317858,0.0,7,positive
2023-10-06 13:00:00,22.373014742352144,55.314506982584334,11.307391973227405,0.03927430826365033,7,positive
2023-10-06 14:00:00,16.821776607301473,42.42396956784948,4.8793947246853,0.35979882221099635,7,positive
2023-10-06 15:00:00,21.57407361088738,12.796810083127859,16.08140876781863,0.11618286496932748,7,positive
2023-10-06 16:00:00,14.758599546051396,24.520513780063194,0.0,0.0,7,positive
2023-10-06 17:00:00,30.130585620325594,68.47679218238588,11.631982565994793,0.43331813330518876,7,positive
2023-10-06 18:00:00,18.544324994768665,20.652562796354566,18.2988294966987,0.0,7,positive
2023-10-06 19:00:00,38.925038640500034,55.902792644150914,0.0,0.3987211028124116,7,positive
2023-10-06 20:00:00,16.64763900660942,33.80230453841391,7.698428734431233,0.0,7,positive
2023-10-06 21:00:00,23.83175948531512,44.24761613701705,7.992139977654019,0.0,7,positive
2023-10-06 22:00:00,13.641528845547302,36.59729291904023,10.55699498087186,0.36412938217672886,7,positive
2023-10-06 23:00:00,26.561607231296733,56.189118509543476,12.684832709571708,0.20815183834010018,7,positive
2023-10-07 00:00:00,12.625933184933777,25.99992087933321,6.901844240412924,0.0,7,positive
2023-10-07 01:00:00,18.17333790800484,20.964002012234726,2.059006554398314,0.026352363267425627,7,positive
2023-10-07 02:00:00,20.12039436980345,12.955018368945424,2.9973715792130395,0.0,7,positive
2023-10-07 03:00:00,11.31266152486853,40.69628282748045,11.701115318028435,0.04984828961011026,7,positive
2023-10-07 04:00:00,18.503781539119984,43.06144655208616,4.430024513826605,0.0,7,positive
2023-10-07 05:00:00,31.571987825490325,48.262816080691806,11.007750011719597,0.0,7,positive
2023-10-07 06:00:00,6.1817701970610965,55.30753320189661,9.96031058291871,0.0,7,positive
2023-10-07 07:00:00,25.0972942329309,35.73387237020234,6.623453938189727,0.0015728943931975492,7,positive
2023-10-07 08:00:00,19.506016728763584,48.01814150097668,0.06771677723899838,0.22998059112914068,7,positive
2023-10-07 09:00:00,38.35858598781317,25.608793046414114,6.80658138468261,0.0,7,positive
2023-10-07 10:00:00,24.68676538308659,23.956026647867077,7.07194532596475,0.420601270504396,7,positive
2023-10-07 11:00:00,16.409892649481474,46.82916678897831,12.111146577801783,0.05751970980328755,7,positive
2023-10-07 12:00:00,23.12432795934432,83.61888615465179,13.27266848271041,0.0,7,positive
2023-10-07 13:00:00,14.99260468734612,33.54411311188789,15.13163488450017,0.0,7,positive
2023-10-07 14:00:00,33.82663280352183,46.77788460094429,1.7216989685221407,0.034114809439610067,7,positive
2023-10-07 15:00:00,12.068780975576018,12.687932099288624,9.195793422886194,0.0,7,positive
2023-10-07 16:00:00,29.227016787846438,42.45704360579141,10.657929928713742,0.0,7,positive
2023-10-07 17:00:00,21.160186522522668,12.393248215482682,0.0,0.0,7,positive
2023-10-07 18:00:00,15.975004849672331,48.087477532145805,13.541737889400194,0.043698340344947906,7,positive
2023-10-07 19:00:00,26.72248875644239,25.082649070795377,0.0,0.0,7,positive
2023-10-07 20:00:00,18.233008962273914,28.398664841193025,17.87671558922763,0.025051186522009494,7,positive
2023-10-07 21:00:00,25.06296908297177,20.07789144282873,12.541307046336621,0.0,7,positive
2023-10-07 22:00:00,25.034754793444908,20.826655735966103,4.172060433558383,0.0,7,positive
2023-10-07 23:00:00,36.166381773820504,42.20461725836281,3.5128963961428363,0.0,7,positive
2023-10-08 00:00:00,41.41977635470087,36.536342160783676,15.309204296967998,0.1065373935214026,7,positive
2023-10-08 01:00:00,21.663311586908907,44.29347809188314,9.98664154131432,0.0,7,positive
2023-10-08 02:00:00,15.523860342955203,49.824266046539876,13.957754063250725,0.0,7,positive
2023-10-08 03:00:00,36.431443866022946,37.01929154483895,6.444003778842033,0.3004734041334265,7,positive
2023-10-08 04:00:00,27.70455425481269,20.26317111998613,2.831821672405443,0.0,7,positive
2023-10-08 05:00:00,21.78856036207442,51.088000470652915,11.79518572492518,0.1237005419166238,7,positive
2023-10-08 06:00:00,6.547711149013068,38.800968758318014,11.473442611986034,0.0,7,positive
2023-10-08 07:00:00,16.760834869520224,22.392722565066215,8.10849085529958,0.0,7,positive
2023-10-08 08:00:00,38.180715237319205,22.785686703900765,10.63278625246787,0.2128726706305196,7,positive
2023-10-08 09:00:00,25.101006172117984,40.984694521088514,9.51871251225664,0.0,7,positive
2023-10-08 10:00:00,30.81973211494446,19.09769153602599,11.978605404402746,0.10848354548597458,7,positive
2023-10-08 11:00:00,24.51973829721431,51.97136555754094,8.940370171495186,0.0,7,positive
2023-10-08 12:00:00,22.969924357416346,4.726338713004967,7.59800803047063,0.0,7,positive
2023-10-08 13:00:00,12.508416174459542,56.51027427109284,10.52103759267229,0.0,7,positive
2023-10-08 14:00:00,17.48157319118059,39.442543769431104,12.957180466587566,0.2843954368265865,7,positive
2023-10-08 15:00:00,21.96137302178712,48.020997482767584,0.0,0.5101431391677228,7,positive
2023-10-08 16:00:00,18.565669035619692,32.992552133674494,5.491857218140485,0.5668248323157581,7,positive
2023-10-08 17:00:00,37.389017763381744,30.141162891071737,9.458555045470533,0.0,7,positive
2023-10-08 18:00:00,17.599875373019557,62.22013023393454,8.026615033135537,0.09135433363249726,7,positive
2023-10-08 19:00:00,28.001608999570553,39.60662543873632,7.671846590567068,0.0,7,positive
2023-10-08 20:00:00,22.606332399714823,48.46042188530036,7.9344428450166475,0.48853555300361984,7,positive
2023-10-08 21:00:00,33.10518626556078,30.250657924072136,6.746087329111136,0.0519120454214054,7,positive
2023-10-08 22:00:00,31.801291640798844,24.992742293474443,4.657060712762552,0.0,7,positive
2023-10-08 23:00:00,34.22025651805804,52.1898546246884,1.7407389391004422,0.0,7,positive
2023-10-09 00:00:00,14.555171562483903,30.987312171271128,16.022049980176774,0.0829832299529093,7,positive
2023-10-09 01:00:00,9.049077653758479,22.571687698495964,9.436553012879964,0.20944313512646542,7,positive
2023-10-09 02:00:00,25.499587478892266,52.635281048465245,0.0,0.37276293981953756,7,positive
2023-10-09 03:00:00,19.503237439629668,45.972414647073016,1.3828728661839778,1.158333588689803,7,positive
2023-10-09 04:00:00,23.89016616471211,52.33626556247627,0.07372688696117358,0.0,7,positive
2023-10-09 05:00:00,13.318117670862856,42.582440663124125,11.88608268228063,0.0,7,positive
2023-10-09 06:00:00,17.719764365533003,48.90839728533186,14.804507937385265,0.42746677946984535,7,positive
2023-10-09 07:00:00,26.898759360787604,49.37766880670159,6.7063680680628135,0.0,7,positive
2023-10-09 08:00:00,29.543646048877306,17.00736758663365,7.108242827445489,0.09753186991770987,7,positive
2023-10-09 09:00:00,27.724304413631994,25.600526607312013,4.577081555860724,0.0,7,positive
2023-10-09 10:00:00,30.051123820957994,69.31175000979721,0.4625940011061278,0.0,7,positive
2023-10-09 11:00:00,13.307719790125665,50.28216864810114,3.3072772634538348,0.06678961366366162,7,positive
2023-10-09 12:00:00,17.28583312748803,33.857015919202944,9.615987984293538,0.0,7,positive
2023-10-09 13:00:00,21.953859630537735,15.05163466339128,11.638930751550946,0.0,7,positive
2023-10-09 14:00:00,31.293878320117592,24.38391830780095,0.0,0.22696429556434886,7,positive
2023-10-09 15:00:00,32.36762150627412,37.41413204924076,7.001651004135717,0.4276117484281816,7,positive
2023-10-09 16:00:00,36.06213173344658,19.55596107672831,4.3730287118588,0.0,7,positive
2023-10-09 17:00:00,7.151834480905682,54.118859980720096,11.120965571086778,0.05149120126725851,7,positive
2023-10-09 18:00:00,26.46493609559723,32.583147238154446,2.684256449222886,0.0,7,positive
2023-10-09 19:00:00,14.198109505978922,42.29232965114575,12.033899152740508,0.0,7,positive
2023-10-09 20:00:00,24.974141124422907,48.868630348927795,6.514276313849289,0.28925516536848617,7,positive
2023-10-09 21:00:00,25.789375126534413,29.20290690924637,9.345928944138288,0.0,7,positive
2023-10-09 22:00:00,14.94697854018959,44.531139515274354,12.43345037703048,0.05672924028790735,7,positive
2023-10-09 23:00:00,27.364914484051365,27.00896490447088,8.08252588100155,0.0,7,positive
2023-10-10 00:00:00,28.45989787218359,46.938079820332895,17.543951792284833,0.0,7,positive
2023-10-10 01:00:00,14.113000200059634,24.16816594657114,6.727494732966925,0.17272461374550044,7,positive
2023-10-10 02:00:00,20.340574106425517,26.831439021576323,11.918798836988994,0.040713596358977644,7,positive
2023-10-10 03:00:00,17.194426977845303,43.84941268044356,11.616315299118849,0.0,7,positive
2023-10-10 04:00:00,18.055805956940652,1.6195521935302608,2.546700128153576,0.5832760495739895,7,positive
2023-10-10 05:00:00,22.593329412848174,20.81925980960277,5.432740064754455,0.0,7,positive
2023-10-10 06:00:00,23.368911188250166,41.38571891877361,10.011826742099112,0.0,7,positive
2023-10-10 07:00:00,9.671416027988846,25.700695041607236,5.963466638407578,0.0,7,positive
2023-10-10 08:00:00,22.59984974391869,56.38312058556528,12.060481063422998,0.0,7,positive
2023-10-10 09:00:00,27.42722300237307,44.60453551498604,3.9696626352421758,0.17089625255209298,7,positive
2023-10-10 10:00:00,20.716986912437893,13.850697649783328,10.276013623185708,0.0,7,positive
2023-10-10 11:00:00,20.178578966513378,34.43820372525051,4.40457260555769,0.0949508647317521,7,positive
2023-10-10 12:00:00,21.652394923928593,37.49673265922342,9.785709622144363,0.0,7,positive
2023-10-10 13:00:00,14.845735824943585,1.8508331057568626,10.823711292452035,0.6953599055807678,7,positive
2023-10-10 14:00:00,23.060557679165218,40.564823374093294,11.0117641944626,0.43433717237686165,7,positive
2020-09-04 10:00:00,21.478707054874473,60.05420631181624,16.571573399921583,0.06065824719698082,8,positive
2020-09-04 11:00:00,24.699945110550715,19.923404167319337,11.593108126955265,0.0,8,positive
2020-09-04 12:00:00,26.484226202182754,25.507348177218248,7.135334435800356,0.036625984233912556,8,positive
2020-09-04 13:00:00,23.970224731950868,42.405840716903725,5.104025077375503,0.0,8,positive
2020-09-04 14:00:00,34.99828031919836,72.33881253535037,10.237103556011894,0.10434042118040895,8,positive
2020-09-04 15:00:00,15.814439065256986,42.63676353576454,14.705578058406429,0.0,8,positive
2020-09-04 16:00:00,21.00533743320879,37.938980966659535,12.322892256429373,0.0,8,positive
2020-09-04 17:00:00,9.489482469424603,44.31796339179353,13.623979825856189,0.40733438983480674,8,positive
2020-09-04 18:00:00,25.24192073045145,27.88263155859394,3.7711360263705282,0.0,8,positive
2020-09-04 19:00:00,25.099966782515686,42.35552899102824,15.510575739973065,0.0,8,positive
2020-09-04 20:00:00,17.58378985472462,37.369000232520435,5.17843381119379,0.0,8,positive
2020-09-04 21:00:00,20.500806232768127,20.112007887542156,8.328858375938308,0.0,8,positive
2020-09-04 22:00:00,29.477456503170643,40.89711354721136,10.305731956799178,0.019625423453170893,8,positive
2020-09-04 23:00:00,20.494219829664555,24.25671327333103,9.44419175829688,0.0,8,positive
2020-09-05 00:00:00,35.51858096352812,55.13273442159828,11.164195661758042,0.38390759046169853,8,positive
2020-09-05 01:00:00,21.296327592150583,16.083144029792972,6.919138883390172,0.0,8,positive
2020-09-05 02:00:00,23.835651795557297,42.04304550523739,12.606650989388426,0.0,8,positive
2020-09-05 03:00:00,16.53539514232791,56.76285019614738,11.854907945965742,0.0,8,positive
2020-09-05 04:00:00,21.142310648382107,33.45929079987652,8.157870611406915,0.0,8,positive
2020-09-05 05:00:00,42.27994196879865,37.846348417439785,11.312990752126254,0.0,8,positive
2020-09-05 06:00:00,18.12080005776932,53.432225040749074,10.01157695678308,0.2504645960244395,8,positive
2020-09-05 07:00:00,29.801100372645863,8.349668483565303,11.370116011580983,0.0,8,positive
2020-09-05 08:00:00,6.032739311041654,57.79081513468269,0.0,0.39822098545795415,8,positive
2020-09-05 09:00:00,21.930810991902078,1.0,10.230689136198933,0.0,8,positive
2020-09-05 10:00:00,24.911096030572587,43.772414555894194,5.941619438304691,0.0,8,positive
2020-09-05 11:00:00,27.534912178696516,61.24630879169443,13.647904271137296,0.0,8,positive
2020-09-05 12:00:00,9.88084474231253,22.310483873039892,0.0351227435992838,0.0,8,positive
2020-09-05 13:00:00,25.147326441444182,13.546200751364488,11.885642296377641,0.0,8,positive
2020-09-05 14:00:00,17.614727001250376,32.41217021024024,0.0,0.630303433363247,8,positive
2020-09-05 15:00:00,22.059079793042606,37.531213928422844,9.89438456010087,0.07702334991962256,8,positive
2020-09-05 16:00:00,19.885250421874638,39.29292413831475,13.010159966551239,0.19301093300242353,8,positive
2020-09-05 17:00:00,24.540759126653413,32.207434060038224,4.766205417602143,0.0,8,positive
2020-09-05 18:00:00,17.55819244663836,40.79220351488286,8.141276857550228,0.12193032033979526,8,positive
2020-09-05 19:00:00,19.374857342826715,27.378185113764697,0.0,0.05865547586574277,8,positive
2020-09-05 20:00:00,23.852374602226565,47.745053786727404,5.342715488466025,0.08995451785160272,8,positive
2020-09-05 21:00:00,18.962112417202935,21.87335536707956,3.031575400786676,0.0,8,positive
2020-09-05 22:00:00,34.261023139145024,55.56601086152993,11.00372581442379,0.5137793350335533,8,positive
2020-09-05 23:00:00,36.490141452472955,29.72421257717516,6.654870843866738,0.0,8,positive
2020-09-06 00:00:00,27.271284675846978,68.0165470813189,9.243611301595099,0.27566361792159755,8,positive
2020-09-06 01:00:00,17.105560932321634,7.295057342140595,6.607021135968978,0.0,8,positive
2020-09-06 02:00:00,26.790673381248553,35.30462009840609,3.025327780918354,0.0,8,positive
2020-09-06 03:00:00,30.102509641562985,41.46078884704977,8.833675848166795,0.6793782074822655,8,positive
2020-09-06 04:00:00,28.937454512896103,1.0,9.914228544325725,0.0,8,positive
2020-09-06 05:00:00,21.936712079002188,28.061257789151345,13.181871212794897,0.0,8,positive
2020-09-06 06:00:00,23.218402980378553,46.959088417539206,8.08375354535871,0.17355626436295266,8,positive
2020-09-06 07:00:00,23.210775469253928,37.92923147734557,0.0,0.044162966384858754,8,positive
2020-09-06 08:00:00,31.179021454398477,14.968147244601912,0.0,0.0,8,positive
2020-09-06 09:00:00,32.96595605979982,35.635718430441884,6.319376986868282,0.0,8,positive
2020-09-06 10:00:00,25.618032981617546,44.919126633245675,0.0,0.0,8,positive
2020-09-06 11:00:00,28.125564207136872,51.98473913821018,10.91762545916671,0.0,8,positive
2020-09-06 12:00:00,26.16576718961391,48.027084822517935,0.0,0.0,8,positive
2020-09-06 13:00:00,16.11193679848183,33.0526974249117,9.940684616540898,0.1315415886993079,8,positive
2020-09-06 14:00:00,30.93684649164825,52.22742947870526,3.638074458531036,0.0,8,positive
2020-09-06 15:00:00,15.217347618225293,32.1762944246965,9.608956845242474,0.0,8,positive
2020-09-06 16:00:00,41.289952317117475,43.496130160962124,5.02148362293297,0.19684255934300862,8,positive
2020-09-06 17:00:00,19.220550636110445,36.98779078742086,5.564420948011864,0.039326954383973156,8,positive
2020-09-06 18:00:00,21.160122349552957,37.242261511092636,14.018910765127231,0.0,8,positive
2020-09-06 19:00:00,21.565215478927424,51.65586458536194,20.69241614713976,0.16437277625822103,8,positive
2020-09-06 20:00:00,22.93408070298053,37.55940625428622,14.552147504157588,0.0,8,positive
2020-09-06 21:00:00,19.773459522306712,11.938355763100382,2.0806606868001314,0.04960953492093795,8,positive
2020-09-06 22:00:00,21.552504047516617,61.53624988655179,10.679964024626122,0.0,8,positive
2020-09-06 23:00:00,16.17615611708708,55.62123024845982,13.633051743145963,0.0,8,positive
2020-09-07 00:00:00,18.45978827568934,51.87399253556964,3.033364366376568,0.0,8,positive
2020-09-07 01:00:00,40.18127192714665,38.08033523377186,4.1219526036919785,0.013909346089168856,8,positive
2020-09-07 02:00:00,18.23993024787722,14.088262343698783,11.505180134360533,0.0,8,positive
2020-09-07 03:00:00,19.512746623419417,29.3414648885559,3.1921730443908523,0.0,8,positive
2020-09-07 04:00:00,17.50105293661447,19.834509699451168,17.46084415199803,0.008913760330770876,8,positive
2020-09-07 05:00:00,26.57916086423482,48.2509935339864,11.855181083799026,0.0,8,positive
2020-09-07 06:00:00,24.18042098377174,30.964542736090095,10.1923181238833,0.0,8,positive
2020-09-07 07:00:00,18.938717913086386,15.060519156173012,8.73118528482754,0.0,8,positive
2020-09-07 08:00:00,6.877022018329933,42.61492653333076,12.826710561213877,0.0,8,positive
2020-09-07 09:00:00,18.87041997343471,26.919321551763986,2.452894847803793,0.1190002593218901,8,positive
2020-09-07 10:00:00,23.61854544446684,22.830554978198762,7.125350589980799,0.02122225431476174,8,positive
2020-09-07 11:00:00,21.722749188696167,13.599598680533312,5.088232002692133,0.0,8,positive
2020-09-07 12:00:00,21.90967322431336,42.19598773283768,15.195375417431102,0.0,8,positive
2020-09-07 13:00:00,29.69731634516996,56.691561649147076,10.848539407613487,0.0,8,positive
2020-09-07 14:00:00,30.072895250040443,51.09513928942485,11.242829189830177,0.0,8,positive
2020-09-07 15:00:00,15.26831877524282,30.877188439542742,11.898105103679496,0.0,8,positive
2020-09-07 16:00:00,31.094949067604507,54.72854943116422,13.99585234338603,0.05135341581833466,8,positive
2020-09-07 17:00:00,13.704048762730254,42.239532491836634,4.962354795222918,0.31321174117607187,8,positive
2020-09-07 18:00:00,19.70023094355331,54.87105448440877,10.303710050592318,0.0,8,positive
2020-09-07 19:00:00,23.417841162144892,71.71704130389361,8.887606127585256,0.1087281175397797,8,positive
2020-09-07 20:00:00,11.76487929662803,51.658441104391514,5.489374355297605,0.21871351831767058,8,positive
2020-09-07 21:00:00,32.24984451010057,52.37334003193936,13.660256836053394,0.94769678111588,8,positive
2020-09-07 22:00:00,21.592193077557987,34.10218403456223,11.912590903361991,0.391186317485409,8,positive
2020-09-07 23:00:00,24.945172441587257,64.62336628036037,12.485972090165308,0.0,8,positive
2020-09-08 00:00:00,28.6296912490318,60.589104180631594,17.991444916706673,0.5235245518968042,8,positive
2020-09-08 01:00:00,26.608556028491126,60.10961742906569,10.168845611072257,0.0,8,positive
2020-09-08 02:00:00,22.41118283453674,30.08163406053181,7.189327466780411,0.06997596565532757,8,positive
2020-09-08 03:00:00,35.744799969918574,31.404293322037972,8.263060379556903,0.06478559411011472,8,positive
2020-09-08 04:00:00,27.733048531785244,55.50018768077424,16.12248922978378,0.0,8,positive
2020-09-08 05:00:00,26.594834266233885,32.69674516744943,10.640093398472612,0.0,8,positive
2020-09-08 06:00:00,25.61537826714919,30.587713477316537,6.787516039609834,0.0,8,positive
2020-09-08 07:00:00,43.68437415077106,16.934495771989344,1.7026439781197062,0.29458714735604485,8,positive
2020-09-08 08:00:00,21.17369267969156,48.436707665558856,10.95626471024136,0.0,8,positive
2020-09-08 09:00:00,26.231484375663193,24.618707650574457,6.779386141236905,0.05751246753504169,8,positive
2020-09-08 10:00:00,9.326269289025179,17.58034692916106,2.392169693611705,0.0,8,positive
2020-09-08 11:00:00,23.96283958857933,44.16591800110915,0.0,0.0,8,positive
2020-09-08 12:00:00,27.305723522051963,1.0,14.123146787999023,0.03022339317406844,8,positive
2020-09-08 13:00:00,28.746759135399827,21.67123062864556,13.244518575857914,0.108397464852547,8,positive
2020-09-08 14:00:00,3.814578959030996,45.430657217909726,0.0,0.0,8,positive
2020-09-08 15:00:00,20.34582269158485,36.94673483692765,3.441568618358815,0.0,8,positive
2020-09-08 16:00:00,10.413137296236952,53.624558943481105,5.9537484669490865,0.8272397961153338,8,positive
2020-09-08 17:00:00,34.75949458672559,33.989860207862705,17.53817985221013,0.0,8,positive
2020-09-08 18:00:00,15.614834361708521,33.72515298594877,8.605189698317872,0.08828238845342232,8,positive
2020-09-08 19:00:00,25.50014170693692,37.64438931644689,7.0006020645084615,0.0,8,positive
2020-09-08 20:00:00,32.436736685426595,35.05558026196211,6.025013643509126,0.11594198800253461,8,positive
2020-09-08 21:00:00,17.569878769310705,13.968560059358524,4.248123458367605,0.0,8,positive
2020-09-08 22:00:00,20.347205915460027,45.566175028341476,0.0,0.0371628042143162,8,positive
2020-09-08 23:00:00,20.70917836504709,27.77839965664237,8.90479978710566,0.09587665526562986,8,positive
2020-09-09 00:00:00,5.009000640893152,48.83371911757906,9.215087806740964,0.0,8,positive
2020-09-09 01:00:00,14.270517023420501,12.952137258392973,9.119463535340287,0.0,8,positive
2020-09-09 02:00:00,23.625331813928305,14.258575908607611,9.125583635192013,0.40807960601878435,8,positive
2020-09-09 03:00:00,28.912349008593843,44.100997661175896,0.0,0.32003451718678455,8,positive
2020-09-09 04:00:00,13.97216472396733,13.674068878269516,7.057632948132182,0.0,8,positive
2020-09-09 05:00:00,8.874123117705405,45.56864625586327,11.816694237657998,0.0,8,positive
2020-09-09 06:00:00,15.059010958183611,20.30932993716062,13.129660657901137,0.02227729552118088,8,positive
2020-09-09 07:00:00,30.515763686553427,32.52201261304345,7.520827501785714,0.15429008687014925,8,positive
2020-09-09 08:00:00,20.826266958971306,44.20378274017064,1.3179495607400948,0.0,8,positive
2020-09-09 09:00:00,22.71209802943218,25.343665792515395,12.273365432456522,0.36210621472214377,8,positive
2020-09-09 10:00:00,24.77344598994967,59.291527371099384,15.199715695503308,0.0,8,positive
2020-09-09 11:00:00,19.586553790953232,25.462961651785537,6.485371030471789,0.28003588348168584,8,positive
2020-09-09 12:00:00,15.54204955632467,46.36135727075572,18.665802590016618,0.0,8,positive
2020-09-09 13:00:00,11.244841573733558,14.828828805253806,11.882827758557877,0.0,8,positive
2020-09-09 14:00:00,29.014647168512425,26.99548626260976,12.153117737699159,0.0,8,positive
2020-09-09 15:00:00,16.139967557408408,28.985022817964232,2.014728222883818,0.0,8,positive
2020-09-09 16:00:00,26.969256179864896,44.66771133023294,5.315654335646004,0.20291164284772087,8,positive
2020-09-09 17:00:00,20.12895591265652,51.517888000687975,5.396341043008582,0.5225434877595942,8,positive
2020-09-09 18:00:00,23.243713954953147,42.48533901076616,16.214240844265916,0.0,8,positive
2020-09-09 19:00:00,27.15194142824988,45.78912855380482,2.2349230903368484,0.0,8,positive
2020-09-09 20:00:00,13.328829683154797,15.017813664625315,11.977299374352018,0.0,8,positive
2020-09-09 21:00:00,22.635968504731597,1.0,18.277384293093093,0.15118789111478872,8,positive
2020-09-09 22:00:00,38.41450204751166,13.26137779023026,3.937994207217315,0.10526359463446741,8,positive
2020-09-09 23:00:00,24.89699980754158,18.481147687831516,2.634999229508229,0.0,8,positive
2020-09-10 00:00:00,28.218840501902903,45.67195477351321,17.060169455393925,0.0,8,positive
2020-09-10 01:00:00,23.750554968374402,15.659972038970725,6.32480488632341,0.08390721725585529,8,positive
2020-09-10 02:00:00,25.715599659963367,50.255327096272865,12.9553334541575,0.28470880707381274,8,positive
2020-09-10 03:00:00,29.987743236983995,34.33872294338305,6.3770155205149255,0.0,8,positive
2020-09-10 04:00:00,17.520513645107584,61.1347076929435,9.537053832470118,0.15957869403666305,8,positive
2020-09-10 05:00:00,19.902025131704427,71.68967917157042,14.525052444232124,0.0,8,positive
2020-09-10 06:00:00,19.811079562363005,31.786331849436344,8.729359891412997,0.16548035986462187,8,positive
2020-09-10 07:00:00,25.510532186893574,56.781321980589716,1.4318594549791834,0.0,8,positive
2020-09-10 08:00:00,18.134731557621546,28.448066598382553,17.992329373729653,0.0,8,positive
2020-09-10 09:00:00,29.554578816946112,31.034514597298994,6.568432966065929,0.0,8,positive
2020-09-10 10:00:00,28.253921824382537,42.365819072131785,14.429986823391419,0.07029485167075655,8,positive
2020-09-10 11:00:00,20.865766830396826,37.550682928409536,12.459487877535476,0.0,8,positive
2020-09-10 12:00:00,27.888449069906997,34.69256656740754,2.706813660231518,0.0,8,positive
2020-09-10 13:00:00,20.908210304973174,56.71569474911105,16.373423333706974,0.38947548797728926,8,positive
2020-09-10 14:00:00,37.69604531073798,34.355883755648826,12.766517758213904,0.48121632709304796,8,positive
2020-09-10 15:00:00,17.88320928572681,24.837363246790453,0.0,0.0,8,positive
2020-09-10 16:00:00,16.86694048689587,22.978418303672054,2.100141591936622,0.1427404576710639,8,positive
2020-09-10 17:00:00,36.10793848447794,66.40668276234076,0.0,0.0,8,positive
2020-09-10 18:00:00,13.725137839250412,49.8250661181728,9.432967736469633,0.40739084895019506,8,positive
2020-09-10 19:00:00,22.58058464472815,27.83872067888437,16.071230471874483,0.0,8,positive
2020-09-10 20:00:00,21.465690569369514,66.24816438588552,14.630645350183421,0.5530047848721525,8,positive
2020-09-10 21:00:00,19.492593338531247,16.97720801121918,16.55550780181435,0.07952507420442212,8,positive
2020-09-10 22:00:00,15.857635522148513,35.512369153111834,0.0,0.05675643888433962,8,positive
2020-09-10 23:00:00,22.291549806610476,47.68513052679984,0.0,0.0,8,positive
2020-09-11 00:00:00,30.077485908150575,13.228200134400918,9.145914173920865,0.0,8,positive
2020-09-11 01:00:00,35.715042562852815,31.547957103325434,7.141997008124648,0.055867066482297306,8,positive
2020-09-11 02:00:00,11.389210655605243,31.68675190173712,5.721374945797447,0.19946762067874105,8,positive
2020-09-11 03:00:00,28.787251591702706,43.312422276232596,4.256588457356619,0.0,8,positive
2020-09-11 04:00:00,33.92353291280419,22.529514518040422,8.725833901985062,0.0846298477431982,8,positive
2020-09-11 05:00:00,21.495959873305786,10.54013566625899,15.053814271561022,0.0,8,positive
2020-09-11 06:00:00,30.20857576122826,25.679350879287334,4.872476740521199,0.21591280090877754,8,positive
2020-09-11 07:00:00,29.951076827823393,38.129988484459744,11.8057527490316,0.0,8,positive
2020-09-11 08:00:00,21.93305897824888,25.075634113042714,12.520324746501299,0.16374890860650335,8,positive
2020-09-11 09:00:00,33.88125075950282,30.262487475202633,8.102542820081672,0.0,8,positive
2019-08-02 13:00:00,22.190915369516656,30.531375285720348,7.849882760957643,0.052155480231185686,9,positive
2019-08-02 14:00:00,16.697182222906356,33.10644489090103,8.051433636687376,0.0,9,positive
2019-08-02 15:00:00,21.201237009028507,62.12448641740583,7.217307111424525,0.0590543127048041,9,positive
2019-08-02 16:00:00,20.631743027058146,15.250378570129847,2.816365766206575,0.0,9,positive
2019-08-02 17:00:00,31.08663879080104,34.50310910956985,5.576779051921467,0.0,9,positive
2019-08-02 18:00:00,34.409417063138086,53.830736913616406,3.7345500138242116,0.6910192242839713,9,positive
2019-08-02 19:00:00,36.50988856251775,38.61709538000033,6.661864675519607,0.0,9,positive
2019-08-02 20:00:00,30.0583925388649,26.428256436076033,9.097199793099657,0.019087465575905377,9,positive
2019-08-02 21:00:00,12.717702832321175,35.185181861392095,2.4280517347464237,0.0,9,positive
2019-08-02 22:00:00,17.495199380157565,42.15679306819206,6.389886856809326,0.0,9,positive
2019-08-02 23:00:00,22.412436506599676,17.795559076003556,10.14401608916955,0.0,9,positive
2019-08-03 00:00:00,21.366367672095908,31.960265100496876,9.867201766077848,0.0,9,positive
2019-08-03 01:00:00,26.294539652782937,81.52828705617296,7.386618894426398,0.4058633290570792,9,positive
2019-08-03 02:00:00,27.948856000797466,59.679990022969434,12.874839222170674,0.0,9,positive
2019-08-03 03:00:00,26.507190701301976,73.57895217862512,11.112205233797326,0.0,9,positive
2019-08-03 04:00:00,24.25463699534891,15.789691229883996,14.164018446344297,0.1953165431109181,9,positive
2019-08-03 05:00:00,22.593949077536184,22.133299970122287,5.267759712260045,0.15494276177510938,9,positive
2019-08-03 06:00:00,22.82765731914958,26.6119628941142,2.2738601455663865,0.0,9,positive
2019-08-03 07:00:00,11.989754931818506,36.679388621665666,12.901168843613318,0.0,9,positive
2019-08-03 08:00:00,34.56434880575212,24.237493666576597,6.809941385600603,0.0,9,positive
2019-08-03 09:00:00,29.926093876542847,66.46265921066852,0.0,0.0,9,positive
2019-08-03 10:00:00,32.11823877640028,13.29581717861598,10.833419534855432,0.0,9,positive
2019-08-03 11:00:00,22.625830514854698,43.25394606410199,16.804511930638036,0.09033405011266132,9,positive
2019-08-03 12:00:00,21.504262295724136,27.0143322605115,3.4000994446315174,0.0021844857926883454,9,positive
2019-08-03 13:00:00,11.025795537672254,31.211389430131966,8.51344885477233,0.17529899000385904,9,positive
2019-08-03 14:00:00,24.23856212015299,73.46769977439138,7.3920070482672875,0.15666822937883976,9,positive
2019-08-03 15:00:00,30.122654595054822,38.59375466218283,15.19667885605688,0.0,9,positive
2019-08-03 16:00:00,20.012614336231735,8.244126678581669,0.0,0.04152175093216026,9,positive
2019-08-03 17:00:00,25.034713330273917,14.566257801988105,14.277886829596914,0.0,9,positive
2019-08-03 18:00:00,20.046504647186648,22.34217387193493,11.11129374135103,0.0,9,positive
2019-08-03 19:00:00,14.116975967440954,52.825248809080236,9.773105803875113,0.0,9,positive
2019-08-03 20:00:00,27.131463877869734,35.13397809666048,9.915065752258418,0.0,9,positive
2019-08-03 21:00:00,38.56318887128498,26.305700484856622,15.780081634749886,0.0,9,positive
2019-08-03 22:00:00,28.456776925239698,46.01335248539205,13.734258775750227,0.024552694713767947,9,positive
2019-08-03 23:00:00,30.605083210230895,62.696597763671605,6.706535103790714,0.02135170666594502,9,positive
2019-08-04 00:00:00,17.812426860158766,29.803456217223502,16.55711399466245,0.1848963872514459,9,positive
2019-08-04 01:00:00,14.463049425193823,59.16351404621565,11.12274212944181,0.0,9,positive
2019-08-04 02:00:00,18.396490897393175,36.89421705856354,4.6966152811409785,0.16402057396697986,9,positive
2019-08-04 03:00:00,7.80722642172557,45.27431834982512,9.61737041746169,0.0,9,positive
2019-08-04 04:00:00,18.87708540320268,21.578690189478507,11.638564560163806,0.48579009352260427,9,positive
2019-08-04 05:00:00,26.095167296393946,66.11677092214185,15.427607443221492,0.27418764265246665,9,positive
2019-08-04 06:00:00,17.706095517253576,41.321761108330065,7.648590389928249,0.6433307797778867,9,positive
2019-08-04 07:00:00,25.08252761178793,34.84974657325551,17.571627043018907,0.17656886873426383,9,positive
2019-08-04 08:00:00,31.344027082612726,15.993673953050365,2.8599535105174585,0.0,9,positive
2019-08-04 09:00:00,30.669846244858995,20.639109108884114,8.120387032419558,0.3932403634252337,9,positive
2019-08-04 10:00:00,20.550241389556163,47.55384178436189,5.825207504319276,0.0,9,positive
2019-08-04 11:00:00,12.961636813631586,25.274623795626113,16.790554581071692,0.0,9,positive
2019-08-04 12:00:00,13.981537866795215,30.278420751230126,0.012861894167189192,0.0,9,positive
2019-08-04 13:00:00,32.882717912371625,32.862763634200924,17.453650880506032,0.0,9,positive
2019-08-04 14:00:00,21.71217043046803,44.613412378131855,0.0,0.0,9,positive
2019-08-04 15:00:00,21.608108095512385,57.29058340272721,12.823396970818086,0.11238559277393376,9,positive
2019-08-04 16:00:00,31.937108949020644,31.065282116285072,3.477733868519775,0.0,9,positive
2019-08-04 17:00:00,20.377845154689453,58.07697971042786,9.70311014245605,0.0,9,positive
2019-08-04 18:00:00,29.20517666284352,51.39307427139068,11.918025471486496,0.0,9,positive
2019-08-04 19:00:00,26.869459303310308,37.514771970900526,14.195860310440146,0.0,9,positive
2019-08-04 20:00:00,22.26597213075729,60.82365375945372,16.109620639776157,0.0,9,positive
2019-08-04 21:00:00,18.371587381555067,56.94760250312748,12.00209178957607,0.0,9,positive
2019-08-04 22:00:00,19.425018318480443,39.97544868071891,7.891457700561487,0.0,9,positive
2019-08-04 23:00:00,23.032338628697882,38.981360684594115,6.1230246653988445,0.1964652947306403,9,positive
2019-08-05 00:00:00,32.310659138487914,49.54846540483119,6.618758073930026,0.0,9,positive
2019-08-05 01:00:00,22.62369117968032,16.463810321510724,11.363646892488728,0.0,9,positive
2019-08-05 02:00:00,42.74838401655446,56.8590629491784,11.55575078467262,0.010688456045719413,9,positive
2019-08-05 03:00:00,23.309778040464145,19.944658945503384,0.0,0.004094006340712247,9,positive
2019-08-05 04:00:00,21.618263854636556,3.4169108268652373,5.278391038636254,0.0,9,positive
2019-08-05 05:00:00,20.276587572116338,25.07414602717783,6.2924309280929975,0.49400150697164424,9,positive
2019-08-05 06:00:00,27.297162251924824,26.595488346527752,7.658261058190184,0.0,9,positive
2019-08-05 07:00:00,15.856356530078791,23.46304673384218,13.052620101633565,0.0,9,positive
2019-08-05 08:00:00,13.242428903753028,34.352894838958356,8.590048765645617,0.12539586617639795,9,positive
2019-08-05 09:00:00,21.674029137462455,48.01969901522391,10.256146927609166,0.0,9,positive
2019-08-05 10:00:00,32.00887585849743,56.7340103712628,22.00042967957163,0.0,9,positive
2019-08-05 11:00:00,23.30456166346161,49.60610440146998,5.203817833025031,0.0,9,positive
2019-08-05 12:00:00,16.81817885537349,40.96976836344322,4.740454559900899,0.0,9,positive
2019-08-05 13:00:00,25.307786344844036,32.93432838829149,0.0,0.2795683326846068,9,positive
2019-08-05 14:00:00,12.821868068308293,21.755421408290385,10.072116647393191,0.213462857340984,9,positive
2019-08-05 15:00:00,30.52223497359359,46.292027344126566,13.35951478091329,0.0,9,positive
2019-08-05 16:00:00,23.677434472731917,51.49027613431483,12.597063958700499,0.0,9,positive
2019-08-05 17:00:00,32.16857496688114,1.0,6.547684129297751,0.2609560762835196,9,positive
2019-08-05 18:00:00,31.221463019852564,58.57092495426154,0.749103148948687,0.0,9,positive
2019-08-05 19:00:00,12.628438511789849,17.88177131658766,6.828571488363177,0.2842001714621406,9,positive
2019-08-05 20:00:00,9.532661762264988,44.7481696023885,11.39701212363301,0.3501977868859617,9,positive
2019-08-05 21:00:00,18.53235736177708,34.40625927541327,7.847864175486786,0.0,9,positive
2019-08-05 22:00:00,-0.6739582610657457,20.64583476516345,8.02770421395899,0.0,9,positive
2019-08-05 23:00:00,19.93343714183106,33.10886695445136,4.711569456037656,0.0,9,positive
2019-08-06 00:00:00,27.025194222062506,31.45600332453497,5.734026330156322,0.0,9,positive
2019-08-06 01:00:00,21.940509226835285,8.89520651998367,10.307769589806394,0.005311163452954515,9,positive
2019-08-06 02:00:00,32.09228059848841,43.86580213463712,13.850332021098275,0.0,9,positive
2019-08-06 03:00:00,19.028906870500588,16.363122688138862,4.47404395535337,0.0,9,positive
2019-08-06 04:00:00,33.89992462337996,17.778000577933103,5.708611658413583,0.0,9,positive
2019-08-06 05:00:00,26.684845134478252,8.602846046952614,0.0,0.0,9,positive
2019-08-06 06:00:00,6.407691448656605,28.298038907916947,8.810459042794204,0.0,9,positive
2019-08-06 07:00:00,20.866255235649344,29.513649214287042,12.222854298582398,0.0,9,positive
2019-08-06 08:00:00,16.82386702438832,35.56584345023357,9.915845113280964,0.005443553099221288,9,positive
2019-08-06 09:00:00,28.290589346332634,53.218352839309155,4.94696301850185,0.403705895787276,9,positive
2019-08-06 10:00:00,20.11696005749608,32.84641030042754,2.9598752109855484,0.0,9,positive
2019-08-06 11:00:00,29.066813102070334,30.414832080477392,11.208553245069268,0.16352658279648177,9,positive
2019-08-06 12:00:00,27.758623847451,14.83539314711555,7.2716946340128255,0.0,9,positive
2019-08-06 13:00:00,26.98913679689321,25.573435982268002,0.0,0.05855306519926484,9,positive
2019-08-06 14:00:00,21.51161611431274,35.95826338254997,16.41874061312492,0.0,9,positive
2019-08-06 15:00:00,22.652242233851915,34.514130848278434,13.520916910848465,0.38721421518467647,9,positive
2019-08-06 16:00:00,20.87772969807521,18.661128197925475,15.09453024347652,0.09043327350995692,9,positive
2019-08-06 17:00:00,16.339813631968433,33.28317484522538,10.548253816031401,0.0,9,positive
2019-08-06 18:00:00,17.724235026299194,25.18589471023503,9.694809496205574,0.19756855510357194,9,positive
2019-08-06 19:00:00,18.36993812189803,14.959073674168913,8.388202882635849,0.8529206027826403,9,positive
2019-08-06 20:00:00,19.42681321086428,37.98156016233078,11.740011313679489,0.12106399939639231,9,positive
2019-08-06 21:00:00,26.4218280071981,31.38994582046418,5.16500832029379,0.00948410090777635,9,positive
2019-08-06 22:00:00,17.254747941295342,35.294751427048546,4.0685693917375865,0.07985119943856012,9,positive
2019-08-06 23:00:00,14.276346576705086,10.085121664894668,12.097030604323976,0.1724322909271677,9,positive
2019-08-07 00:00:00,15.303730774208871,18.592292880538423,10.115179873652002,0.0,9,positive
2019-08-07 01:00:00,18.775409111950843,31.766549380061274,13.35815919944536,0.04195576897192535,9,positive
2019-08-07 02:00:00,37.734949143301336,71.66150453489554,0.0,0.08479900288558731,9,positive
2019-08-07 03:00:00,16.248423745043493,31.02842343642899,5.9080746519203835,0.0,9,positive
2019-08-07 04:00:00,21.099440744256075,21.33639178700065,7.139074193524379,0.0,9,positive
2019-08-07 05:00:00,12.530229377877745,10.306494665450295,17.9637140041766,0.29905329790677604,9,positive
2019-08-07 06:00:00,20.901176104643817,29.03306891261641,10.74043852041071,0.24689973167426563,9,positive
2019-08-07 07:00:00,26.639470733834273,12.224522786900135,1.079382864957351,0.0,9,positive
2019-08-07 08:00:00,19.854134403733866,9.170730956800991,12.096704600872203,0.16070601910435936,9,positive
2019-08-07 09:00:00,33.946412497006044,62.30948895808581,6.758732336839113,0.0,9,positive
2019-08-07 10:00:00,12.144422223326387,44.35514489718672,5.509037882828149,0.0,9,positive
2019-08-07 11:00:00,19.685320093976127,28.013779873919557,6.3742029849812285,0.0,9,positive
2019-08-07 12:00:00,15.717539258914139,61.02534499660814,1.374701835873232,0.08016149320191704,9,positive
2019-08-07 13:00:00,13.86791502474645,34.984801511950764,5.549019432609901,0.08956299159793779,9,positive
2019-08-07 14:00:00,28.41085789084439,57.497401958432164,13.952623524778211,0.050372414021739836,9,positive
2019-08-07 15:00:00,23.474041779236426,23.268831894974568,3.042248437126526,0.00503246154722356,9,positive
2019-08-07 16:00:00,18.499413544126966,38.744084465224134,0.0,0.04151100950586076,9,positive
2019-08-07 17:00:00,34.128200996396195,51.828666036111876,5.074079617366671,0.07357495274300574,9,positive
2019-08-07 18:00:00,25.678642451718613,1.0,13.550770579413387,0.0,9,positive
2019-08-07 19:00:00,36.650402564619206,9.095517716353012,12.590731126039167,0.0,9,positive
2019-08-07 20:00:00,19.351595748223357,14.452348021817834,10.978739533558581,0.0,9,positive
2019-08-07 21:00:00,36.281022415727115,50.120753942908884,5.030523355221325,0.0,9,positive
2019-08-07 22:00:00,11.05206853182091,57.098365184592055,4.109128578610671,0.13018316760190649,9,positive
2019-08-07 23:00:00,26.20057632689653,39.94854322390941,6.465658437198509,0.054643651604176224,9,positive
2019-08-08 00:00:00,21.876233897305582,29.461800627967843,11.480023933241,0.009952752631496559,9,positive
2019-08-08 01:00:00,15.613321770089385,43.99740163190977,7.680071721857174,0.0,9,positive
2019-08-08 02:00:00,18.36912113316651,16.86318042978566,16.675369812571375,0.02307246556393905,9,positive
2019-08-08 03:00:00,29.07027969009569,29.182839719385903,6.498410134194637,0.32382531591933683,9,positive
2019-08-08 04:00:00,19.169359699460696,25.51165945479054,17.361173378182265,0.0,9,positive
2019-08-08 05:00:00,36.14740262811077,14.02412133964997,10.590924413922508,0.0006261760204637756,9,positive
2019-08-08 06:00:00,22.238005957270897,31.039932615983055,2.161240412007902,0.11657933035437176,9,positive
2019-08-08 07:00:00,15.838975338874501,33.57787160915017,1.8274886010369427,0.49835402727083333,9,positive
2019-08-08 08:00:00,31.23908248580546,34.52622876180303,2.2292553220653595,0.03605991149917201,9,positive
2019-08-08 09:00:00,19.072546183622823,18.42192738773722,0.0,0.919519797396866,9,positive
2019-08-08 10:00:00,10.362895019760483,25.65768745215763,11.722043668488576,0.0,9,positive
2019-08-08 11:00:00,24.845547056909687,24.14998010701652,8.325845331821156,0.09517537043216462,9,positive
2019-08-08 12:00:00,19.21211137578483,40.76644156429488,0.17236386265780812,0.0,9,positive
2019-08-08 13:00:00,18.182346968441077,50.758004748597514,7.384098521205473,0.0,9,positive
2019-08-08 14:00:00,27.368099417688004,28.213394907309244,13.45953217880926,0.11402816958550069,9,positive
2019-08-08 15:00:00,28.223473760220344,29.146920587502034,9.7477897431603,0.0,9,positive
2019-08-08 16:00:00,22.399807797652766,18.879594474623495,9.237784923443972,0.0,9,positive
2019-08-08 17:00:00,17.67877156742022,34.17458050414556,8.67002238083955,0.14399253016768018,9,positive
2019-08-08 18:00:00,20.969931394162646,19.916720886576186,19.72866519480504,0.0,9,positive
2019-08-08 19:00:00,24.184752845052408,52.58169391215043,0.0,0.2433455946088767,9,positive
2019-08-08 20:00:00,18.80567150600075,14.321537845968365,6.816972377758354,0.053429245869619474,9,positive
2019-08-08 21:00:00,29.363315986724892,17.926040235871795,9.998153430800357,0.0,9,positive
2019-08-08 22:00:00,24.780074479464677,27.203420738696003,14.9156756993106,0.0,9,positive
2019-08-08 23:00:00,36.19345778803015,23.144170194766644,11.714136699777768,0.020874412482422777,9,positive
2019-08-09 00:00:00,19.37806066666589,44.4847301070132,6.504132604052052,0.0,9,positive
2019-08-09 01:00:00,31.842067663037568,63.3101141938392,7.912358758589113,0.38063510967669945,9,positive
2019-08-09 02:00:00,18.643329258791987,35.17136773041969,2.9648088785744537,0.0,9,positive
2019-08-09 03:00:00,39.9160230371499,42.17421051095266,7.945681266509021,0.0,9,positive
2019-08-09 04:00:00,34.37147116924841,36.144602162735694,6.5541780079469385,0.2677663004371562,9,positive
2019-08-09 05:00:00,17.314307768086515,37.20312759682728,0.7876657457717,0.0,9,positive
2019-08-09 06:00:00,31.270406885072095,31.982957332375708,7.319001456080108,0.13489011596281805,9,positive
2019-08-09 07:00:00,28.078055784145146,21.862400689653626,5.567888134003857,0.0,9,positive
2019-08-09 08:00:00,22.96979346951485,9.408545896733614,6.845970672559917,0.0,9,positive
2019-08-09 09:00:00,18.97329572380878,31.629023686800174,8.812030254213633,0.0,9,positive
2019-08-09 10:00:00,13.755875980899164,34.454808144996434,12.97036585002948,0.0,9,positive
2019-08-09 11:00:00,19.004144884113455,14.275530140973842,12.706909752451725,0.33016764812194754,9,positive
2019-08-09 12:00:00,15.198402931153094,36.38398400214766,1.9819989255227366,0.0,9,positive
2022-09-02 00:00:00,10.318931761185755,18.998311436639,14.786687919999032,0.11483065988200733,10,positive
2022-09-02 01:00:00,25.72980098121183,22.455478700661175,11.797668728816095,0.0,10,positive
2022-09-02 02:00:00,22.313823422094053,35.79276964803423,19.639026682132958,0.0,10,positive
2022-09-02 03:00:00,17.25676788536581,45.27573445475771,18.69087235242604,0.1536987025077652,10,positive
2022-09-02 04:00:00,15.260143659450186,31.446536613300594,5.914558864290244,0.0,10,positive
2022-09-02 05:00:00,11.566141875254056,56.05934080325018,0.8869570076169033,0.0,10,positive
2022-09-02 06:00:00,30.366644734085583,34.54722714281221,3.103029165486155,0.0,10,positive
2022-09-02 07:00:00,20.16000643177774,23.644556512243003,9.02615545851489,0.5861894033302402,10,positive
2022-09-02 08:00:00,28.504285895100974,36.73324284746697,8.949181971762386,0.0,10,positive
2022-09-02 09:00:00,18.497636013025073,24.11274957900164,5.261181858265634,0.251446117548199,10,positive
2022-09-02 10:00:00,21.27228084166937,22.539533950973404,0.0,0.19230721032875228,10,positive
2022-09-02 11:00:00,24.87860533029512,37.043874593802386,13.997772349129136,0.19605745172376718,10,positive
2022-09-02 12:00:00,28.074670171667748,55.73780963612339,11.8338714613156,0.17053365042768523,10,positive
2022-09-02 13:00:00,36.80682907433014,49.267477561683904,11.531900732122928,0.13525421522011513,10,positive
2022-09-02 14:00:00,21.66930175228872,29.93244002974607,11.10625805447528,0.4909381584252769,10,positive
2022-09-02 15:00:00,20.47115032176072,1.0,16.615449473862547,0.0,10,positive
2022-09-02 16:00:00,25.644643498692616,56.86680042067104,9.501467187205899,0.0,10,positive
2022-09-02 17:00:00,12.066097502789065,70.96064884396553,13.43555099244383,0.1499671771782152,10,positive
2022-09-02 18:00:00,33.400634661003565,17.47047671015942,6.5569256061525305,0.0,10,positive
2022-09-02 19:00:00,7.063518552840282,43.406866624382076,10.660880799225769,0.14657893190661828,10,positive
2022-09-02 20:00:00,9.336356642222109,59.14446585547449,5.202646284255486,0.0,10,positive
2022-09-02 21:00:00,12.223964904321655,18.68221943799612,10.017611737269611,0.0,10,positive
2022-09-02 22:00:00,27.922274669223324,25.055509295453696,1.934830970756762,0.0,10,positive
2022-09-02 23:00:00,24.693657534050445,30.83970107103471,8.171050591663992,0.0,10,positive
2022-09-03 00:00:00,30.659371612935587,30.348570371158537,2.778889922119207,0.0,10,positive
2022-09-03 01:00:00,25.765196688832575,13.089120410420744,3.546958514962075,0.11190861146601896,10,positive
2022-09-03 02:00:00,20.33742249023699,23.58449144559821,11.535203625484499,0.20245846666773462,10,positive
2022-09-03 03:00:00,9.362250422444603,29.991667827328065,7.121735979300716,0.24928469874659617,10,positive
2022-09-03 04:00:00,17.146009258819483,28.98434273871366,6.033510264889272,0.0,10,positive
2022-09-03 05:00:00,16.707368924611504,57.1675445001241,10.44102319866786,0.0,10,positive
2022-09-03 06:00:00,22.756091946940582,36.86022977908407,14.073607372488905,0.0,10,positive
2022-09-03 07:00:00,28.138709581764587,35.627817136737164,15.457832582243832,0.07635034537354038,10,positive
2022-09-03 08:00:00,23.575834436740802,31.06576068475909,10.533029548397279,0.0,10,positive
2022-09-03 09:00:00,35.442456847826676,36.17705117265518,5.971786837435814,0.4738613422987742,10,positive
2022-09-03 10:00:00,12.295715318410341,43.34838692139984,3.899943986802487,0.12530525851834454,10,positive
2022-09-03 11:00:00,11.656519567987415,36.90862173459875,13.751118792487269,0.0,10,positive
2022-09-03 12:00:00,38.14612435033749,28.62072204202836,8.705476910810697,0.009239937199615494,10,positive
2022-09-03 13:00:00,27.809032448924427,39.10825907389523,12.986922918531839,0.0,10,positive
2022-09-03 14:00:00,36.08704912025843,42.83491314281896,17.823177599415438,0.0,10,positive
2022-09-03 15:00:00,7.553998993853899,74.16654017581762,5.128279457613906,0.0,10,positive
2022-09-03 16:00:00,22.21434754495551,50.9163538640387,4.5576054456710295,0.051740239295246904,10,positive
2022-09-03 17:00:00,19.97447563684476,58.68504667384833,10.193340837085046,0.12421104851980322,10,positive
2022-09-03 18:00:00,4.687385028215438,33.71640980317062,10.05275817529148,0.2834866240187851,10,positive
2022-09-03 19:00:00,29.689257709742805,29.51143632293818,8.243935525173153,0.037685351252881194,10,positive
2022-09-03 20:00:00,3.770487972437145,43.84025752457512,6.330575870032233,0.0,10,positive
2022-09-03 21:00:00,24.69235379420784,53.41176945212983,13.195719157420905,0.2863216267104337,10,positive
2022-09-03 22:00:00,29.00592771008759,48.021018476687665,7.563143647534166,0.11138330158384654,10,positive
2022-09-03 23:00:00,16.91812775102136,47.567800233022055,7.789265931436547,0.3370526378543143,10,positive
2022-09-04 00:00:00,8.521097315927001,47.47747178144569,5.2661078886788815,0.0,10,positive
2022-09-04 01:00:00,31.91765525655299,15.366132847197722,7.774313097435775,0.0,10,positive
2022-09-04 02:00:00,25.037943005023685,53.58739997630652,1.3527409266879609,0.0,10,positive
2022-09-04 03:00:00,30.25219019994961,32.20434404064826,7.312765035534382,0.173338925411576,10,positive
2022-09-04 04:00:00,24.758536623118307,43.73528911050684,10.806402632006083,0.0,10,positive
2022-09-04 05:00:00,29.92213198163955,52.50174743285358,8.930414468451492,0.11667015745592732,10,positive
2022-09-04 06:00:00,21.082034351999276,37.91608815410852,2.276998811065914,0.3572113253516854,10,positive
2022-09-04 07:00:00,10.725044899531666,44.10938337479666,8.829776574510257,0.0896215832815504,10,positive
2022-09-04 08:00:00,24.811718892655843,34.152365789145634,10.582071413772024,0.0069809151115027,10,positive
2022-09-04 09:00:00,15.588164794055807,23.4373306031329,5.309148917257977,0.0,10,positive
2022-09-04 10:00:00,23.183667723398337,32.139201832878456,5.883402255017405,0.0,10,positive
2022-09-04 11:00:00,42.06179828405546,23.43912272752687,5.210139957269037,0.4705241473264259,10,positive
2022-09-04 12:00:00,25.36810641968442,14.300290011444563,12.213436019886316,0.0,10,positive
2022-09-04 13:00:00,29.272492062440776,31.835565809439778,5.801020752552963,0.02331304644609547,10,positive
2022-09-04 14:00:00,26.53121082127396,49.59484156173811,10.174598397599732,0.0,10,positive
2022-09-04 15:00:00,26.890835362065665,53.13823089026691,8.673690217587767,0.0,10,positive
2022-09-04 16:00:00,28.80389762561527,38.179738246574175,9.25743265508909,0.0,10,positive
2022-09-04 17:00:00,11.990089715240067,33.64891706287092,9.105932426705836,0.0,10,positive
2022-09-04 18:00:00,24.70141614963756,35.31961235532667,11.868459455493841,0.0,10,positive
2022-09-04 19:00:00,23.33722630067873,14.491806630470027,16.953613693405853,0.06589622733891301,10,positive
2022-09-04 20:00:00,21.352908370438946,29.862187269509185,5.557941719672318,0.5087400626416015,10,positive
2022-09-04 21:00:00,33.088354563088636,41.66590105366506,7.462499227846373,0.2467782419182755,10,positive
2022-09-04 22:00:00,22.59037585415498,32.146656225153514,9.690529607531651,0.0,10,positive
2022-09-04 23:00:00,24.01811411202746,38.06331388432453,11.014680106289623,0.0,10,positive
2022-09-05 00:00:00,27.681090823012326,21.40532760574242,5.1371667418938065,0.2942495423196253,10,positive
2022-09-05 01:00:00,13.423585821010574,50.234934250784946,3.154737619051014,0.023822519201483316,10,positive
2022-09-05 02:00:00,32.043261683893135,26.44125947219524,7.059286574309517,0.0,10,positive
2022-09-05 03:00:00,28.66360966098148,47.70104366286598,11.694729520617233,0.0,10,positive
2022-09-05 04:00:00,22.588712888155815,27.134349995930233,3.9251534666698955,0.0,10,positive
2022-09-05 05:00:00,28.11843417381272,24.600436591993635,8.199158841115672,0.0,10,positive
2022-09-05 06:00:00,12.974314354353998,37.664770649319536,5.922536678804021,0.0,10,positive
2022-09-05 07:00:00,10.166939566865905,11.542947496914934,6.142869361526802,0.1378502204785432,10,positive
2022-09-05 08:00:00,14.997593518701471,44.76109141485841,7.672267291085189,0.0,10,positive
2022-09-05 09:00:00,20.536713678498337,23.193235471893413,8.57058785569307,0.009583317088216858,10,positive
2022-09-05 10:00:00,26.315508165093185,20.942761902302994,12.591162632667245,0.9119603468203722,10,positive
2022-09-05 11:00:00,30.500268130479334,18.16065217117527,4.611151496355898,0.24806208479027178,10,positive
2022-09-05 12:00:00,31.363976747414043,59.99913362472383,8.206830818404363,0.04070066778403783,10,positive
2022-09-05 13:00:00,19.682683601396555,51.48151433544459,3.2890950152034737,0.0,10,positive
2022-09-05 14:00:00,3.2664556731484353,18.176134825203142,10.333383990403824,0.3113245729776375,10,positive
2022-09-05 15:00:00,29.251664966498907,27.480197109225827,3.1552352216290096,0.1902246345855311,10,positive
2022-09-05 16:00:00,14.273501446526517,33.481796629761234,8.510453124440408,0.17050609323125157,10,positive
2022-09-05 17:00:00,35.39487392149457,24.20894270469537,14.95716589627656,0.3388845347979468,10,positive
2022-09-05 18:00:00,22.58222055953239,52.74658112822104,13.65678576126659,0.0,10,positive
2022-09-05 19:00:00,26.440557760570762,41.31768625496339,5.3003041070363,0.0,10,positive
2022-09-05 20:00:00,17.175657706062204,44.239249057221116,17.312460860261865,0.0,10,positive
2022-09-05 21:00:00,26.530851032565366,45.08232467301061,0.6951169632242973,0.17857146385654224,10,positive
2022-09-05 22:00:00,13.86592340129178,26.151695889533002,18.809708905942514,0.14250356720529858,10,positive
2022-09-05 23:00:00,16.078607165646183,52.28873868352088,3.261614985788116,0.12626909405234685,10,positive
2022-09-06 00:00:00,31.992417343889336,35.64151347961939,0.1920147743673537,0.0,10,positive
2022-09-06 01:00:00,18.82827294362793,58.097772297953675,4.969065261829332,0.17435195669971168,10,positive
2022-09-06 02:00:00,36.20558425892571,22.23585164282644,7.033934896209036,0.0,10,positive
2022-09-06 03:00:00,15.141233979566604,39.05442420061746,6.875398562470038,0.24793141759263362,10,positive
2022-09-06 04:00:00,22.391507141664892,36.06897073367846,8.8194038453802,0.12804523858585778,10,positive
2022-09-06 05:00:00,17.558626205201975,33.22118616762754,7.776211793821024,0.0,10,positive
2022-09-06 06:00:00,24.591517136688147,7.778573769872047,4.347668705455241,0.0,10,positive
2022-09-06 07:00:00,15.15107850375516,59.437970222133366,8.094309233624758,0.07273496740920929,10,positive
2022-09-06 08:00:00,18.134154336276314,34.76331619440558,1.9237326784863304,0.0,10,positive
2022-09-06 09:00:00,14.503932571233953,30.838946228657562,0.0,0.13495144841807974,10,positive
2022-09-06 10:00:00,33.71141123611467,47.455966236613136,14.595196679576157,0.0,10,positive
2022-09-06 11:00:00,27.38389939331582,28.206969719312976,2.8137452686718865,0.0,10,positive
2022-09-06 12:00:00,22.516543795099125,72.4103422457286,6.174510119946229,0.0,10,positive
2022-09-06 13:00:00,20.74566567443396,55.04072895888051,16.483458686162272,0.0,10,positive
2022-09-06 14:00:00,18.120015373673052,19.505311614522036,1.850277558708882,0.4010917288767045,10,positive
2022-09-06 15:00:00,20.426973038007826,35.78549484785204,10.7811956748664,0.0,10,positive
2022-09-06 16:00:00,32.29412803165644,29.76358754990124,10.662006531189288,0.0368652722877682,10,positive
2022-09-06 17:00:00,32.96637248611073,33.427139183254496,0.0,0.0,10,positive
2022-09-06 18:00:00,23.60565486529281,19.48608711289824,8.737453272164693,0.0,10,positive
2022-09-06 19:00:00,11.257968405739916,45.07227342513926,5.181374245511019,0.008409761124480802,10,positive
2022-09-06 20:00:00,18.299369221703323,53.5321789619622,7.795419191133038,0.03120786135576012,10,positive
2022-09-06 21:00:00,18.474910764908824,41.94300233382358,14.746590242253358,0.0,10,positive
2022-09-06 22:00:00,27.49493569067885,44.09345308826518,1.0987867834441838,0.08473338445189965,10,positive
2022-09-06 23:00:00,20.36010085120699,24.112039362601617,2.6773148762200103,0.0,10,positive
2022-09-07 00:00:00,11.227766294926871,31.152116639860996,7.652868165905578,0.0,10,positive
2022-09-07 01:00:00,22.63140170146581,28.492495386374355,13.452867936869241,0.13067384831738324,10,positive
2022-09-07 02:00:00,27.570647051213722,38.048206434420386,0.9896448037797256,0.0,10,positive
2022-09-07 03:00:00,12.115007205370532,33.37818742674618,4.274345913846554,0.0,10,positive
2022-09-07 04:00:00,11.26116530027039,35.22052737919156,10.86207791281597,0.05136801925875975,10,positive
2022-09-07 05:00:00,15.886657936926216,35.26626458310763,8.920734864557868,0.2747015706556396,10,positive
2022-09-07 06:00:00,44.43569994188864,30.90354074066038,0.0,0.0,10,positive
2022-09-07 07:00:00,-0.1509857717148968,38.6138106868423,12.048923801391094,0.179486351828294,10,positive
2022-09-07 08:00:00,18.234208621987946,48.85481233053369,0.0,0.0008626924401677061,10,positive
2022-09-07 09:00:00,20.175078546274882,23.714977437997725,6.530665512632061,0.1366271662863444,10,positive
2022-09-07 10:00:00,23.71450788737206,32.76150372230017,10.745952471165165,0.0,10,positive
2022-09-07 11:00:00,23.653520579968188,13.305389682048293,10.462957758224361,0.0,10,positive
2022-09-07 12:00:00,20.667213538803058,50.723965645862144,4.402822217415524,0.0,10,positive
2022-09-07 13:00:00,33.555802394984745,46.291766560465575,3.09689594616289,0.7227799467763895,10,positive
2022-09-07 14:00:00,30.63067931407953,36.6707759199662,4.274012645892688,0.0,10,positive
2022-09-07 15:00:00,15.107528952977525,28.63767112653586,10.62445182158497,0.24842778887324982,10,positive
2022-09-07 16:00:00,21.12415272314346,51.337057758700425,9.05555371810565,0.0,10,positive
2022-09-07 17:00:00,31.068818864047984,35.11607501632429,0.0,0.31852276470842233,10,positive
2022-09-07 18:00:00,28.106672899075917,11.746228695720696,6.3665370570652495,0.17199972687741286,10,positive
2022-09-07 19:00:00,33.75656556609208,26.37470455318379,4.7825614545843536,0.0,10,positive
2022-09-07 20:00:00,24.80730375848082,32.68629758905859,13.246341744429053,0.050405439460777496,10,positive
2022-09-07 21:00:00,22.96128746703235,41.678190653705286,5.998835950470717,0.0,10,positive
2022-09-07 22:00:00,23.191668329938796,46.832685697284106,8.97052054024416,0.0,10,positive
2022-09-07 23:00:00,16.940865945205157,25.538424422131648,14.121982399643883,0.0,10,positive
2022-09-08 00:00:00,13.816278670220786,37.71295136982247,0.0,0.0,10,positive
2022-09-08 01:00:00,29.688221412959248,33.12281616933261,8.589563348330156,0.1788965839836709,10,positive
2022-09-08 02:00:00,18.861971054910786,40.074083357408185,10.326449376991699,0.0,10,positive
2022-09-08 03:00:00,20.317937985812573,32.51516281063776,1.3394128529506881,0.0,10,positive
2022-09-08 04:00:00,11.907399500817611,7.281948202918748,2.574103149447108,0.1622350807966039,10,positive
2022-09-08 05:00:00,19.835510387893788,38.29816044535049,5.43251874400972,0.34119696430245094,10,positive
2022-09-08 06:00:00,29.488904999437658,2.4170279021661685,5.226036616041708,0.0,10,positive
2022-09-08 07:00:00,17.120883758426857,38.457344651447826,4.367651977355651,0.0,10,positive
2022-09-08 08:00:00,15.591253661316493,23.768630185705064,4.134532524224598,0.0,10,positive
2022-09-08 09:00:00,12.291177774886862,39.514689116572384,8.791485186089579,0.2280240870182332,10,positive
2022-09-08 10:00:00,20.93494502610455,46.86696450796338,7.13889930952951,0.0,10,positive
2022-09-08 11:00:00,9.976471302022075,1.0,9.887734267829266,0.000775113986792475,10,positive
2022-09-08 12:00:00,25.80401866521506,27.126012278679813,15.448611261051862,0.0,10,positive
2022-09-08 13:00:00,25.367032157378958,43.91954337506118,16.59370079874555,0.09182552408160297,10,positive
2022-09-08 14:00:00,16.774456750166777,12.527819233770153,15.761835033312366,0.0,10,positive
2022-09-08 15:00:00,25.624488847154417,81.7505636198588,9.625223705931496,0.0,10,positive
2022-09-08 16:00:00,20.43277140005619,20.378263867270203,6.020658027086138,0.04657126426606331,10,positive
2022-09-08 17:00:00,17.303804871463605,14.100762419669046,15.962508168361481,0.29634959569472563,10,positive
2022-09-08 18:00:00,20.196223722398095,46.364567442736146,10.355336374246955,0.0,10,positive
2022-09-08 19:00:00,27.479984582134612,37.00902115637985,11.351107284957957,0.0,10,positive
2022-09-08 20:00:00,23.301749880262424,31.694082597558264,15.651989007269544,0.0,10,positive
2022-09-08 21:00:00,25.130508803418767,41.208626161085995,4.952210738681822,0.0,10,positive
2022-09-08 22:00:00,19.169183833041192,27.616747202365882,0.7093471918056728,0.05480610498068189,10,positive
2022-09-08 23:00:00,24.1297838770765,53.98915376222898,10.771956675868166,0.0,10,positive
2024-09-08 18:00:00,27.130429718058622,26.62772321156423,10.265400373438816,0.0,11,positive
2024-09-08 19:00:00,20.458498991305376,33.46646408056788,7.8878784586511,0.0,11,positive
2024-09-08 20:00:00,21.8427185033193,51.283041997718,12.699529329228286,0.0,11,positive
2024-09-08 21:00:00,7.70704943896258,51.7494898424241,5.71049352932206,0.0019084351156863355,11,positive
2024-09-08 22:00:00,14.219737334076692,17.223889350451163,17.881943684155996,0.0,11,positive
2024-09-08 23:00:00,31.168853112413977,36.77630482154782,5.899399708199143,0.25136743550228724,11,positive
2024-09-09 00:00:00,11.59124402774951,34.79368430586154,2.586298430520203,0.03268254216869679,11,positive
2024-09-09 01:00:00,29.402396511756606,38.81286014836486,0.589147505597392,0.2663968721043948,11,positive
2024-09-09 02:00:00,21.94320190472686,26.867220973859922,11.733381519544654,0.051141636411344005,11,positive
2024-09-09 03:00:00,12.674709280754298,62.71714567174406,7.913562785545062,0.280138450439278,11,positive
2024-09-09 04:00:00,18.75915862615528,52.69948609186384,5.3756074592897996,0.1998279774960691,11,positive
2024-09-09 05:00:00,16.570578704832172,54.90161900682189,12.160660807285588,0.06285291054070441,11,positive
2024-09-09 06:00:00,32.98604113312379,46.219133432328235,6.667053181826967,0.0,11,positive
2024-09-09 07:00:00,24.634541855563473,22.521695755042764,8.022525327546754,0.0,11,positive
2024-09-09 08:00:00,8.504270091131682,32.16019516148153,6.484719073171559,0.20257974303146056,11,positive
2024-09-09 09:00:00,7.244024049511728,29.277409704444338,5.591226763177065,0.0,11,positive
2024-09-09 10:00:00,21.65162744508086,61.941419684785544,11.311066909531933,0.07435355045019365,11,positive
2024-09-09 11:00:00,23.91726957247167,29.688967859458128,12.2969804524521,0.7848419561324423,11,positive
2024-09-09 12:00:00,15.410432187429333,41.83534877832382,14.128782243618105,0.6320967536069634,11,positive
2024-09-09 13:00:00,32.995769727923324,32.897973073579905,0.0,0.0958150961093939,11,positive
2024-09-09 14:00:00,9.764911473533763,34.70442716231897,7.670509810955577,0.0,11,positive
2024-09-09 15:00:00,17.604102579512293,18.379391803307435,5.9345680616955345,0.0,11,positive
2024-09-09 16:00:00,23.84618235964222,23.162529510913913,12.507233501676797,0.014175526476119582,11,positive
2024-09-09 17:00:00,15.042261101400769,26.864127357975654,13.374200878513037,0.0,11,positive
2024-09-09 18:00:00,16.443891975441826,48.891616256728156,18.713742699743733,0.30259956223475737,11,positive
2024-09-09 19:00:00,31.870739686923468,50.54116925862184,4.971801241708335,0.0,11,positive
2024-09-09 20:00:00,11.739642962368102,31.925866004575475,4.86904815437138,0.0,11,positive
2024-09-09 21:00:00,16.000839748957308,30.693547877066493,10.661163431324571,0.06967367836709096,11,positive
2024-09-09 22:00:00,7.085014417956915,23.80819152652271,0.403003237208738,0.0,11,positive
2024-09-09 23:00:00,26.0265389124335,38.84822332781248,4.062978033503063,0.012451491897816275,11,positive
2024-09-10 00:00:00,18.239085953849,17.926618253746213,11.709649598544651,0.0,11,positive
2024-09-10 01:00:00,29.591163848668046,25.87477099951316,13.896811563465395,0.1548501894225676,11,positive
2024-09-10 02:00:00,27.228010572308104,27.33631007349987,6.8800891812711455,0.0,11,positive
2024-09-10 03:00:00,19.584694284664675,36.36634950177541,5.9497519131808065,0.2580188290657116,11,positive
2024-09-10 04:00:00,12.700271317397789,26.54628144344111,3.475636950070734,0.0038467931597717386,11,positive
2024-09-10 05:00:00,30.25130450352564,57.170476914904455,4.496036945405291,0.11452158710101332,11,positive
2024-09-10 06:00:00,12.74297081124868,54.59428079778955,13.605022034581513,0.0,11,positive
2024-09-10 07:00:00,10.83120642954496,15.400061518156221,8.853147251922966,0.0,11,positive
2024-09-10 08:00:00,5.470841559830813,30.18035134193176,16.091479447786917,0.1411922712779138,11,positive
2024-09-10 09:00:00,33.91710472632499,44.73569193433526,2.5786019958232114,0.03798718744211457,11,positive
2024-09-10 10:00:00,20.970446091642376,20.7123264785974,3.150659885945294,0.05238742575229485,11,positive
2024-09-10 11:00:00,14.181115042456387,51.176541146130205,5.817577608174918,0.0,11,positive
2024-09-10 12:00:00,26.49475534590858,26.02161990642982,10.839521567472666,0.0,11,positive
2024-09-10 13:00:00,25.517659107317094,1.0,6.865766366507712,0.0,11,positive
2024-09-10 14:00:00,26.978362448467006,15.523842815570884,2.151678019532415,0.023777978991898874,11,positive
2024-09-10 15:00:00,23.48972689886508,4.521002149344447,7.933882120757209,0.031186624613282282,11,positive
2024-09-10 16:00:00,19.73570255303213,42.879814520795776,9.11862079163102,0.0,11,positive
2024-09-10 17:00:00,6.510485117924079,37.001196223562346,3.234623173850111,0.48316357613356187,11,positive
2024-09-10 18:00:00,25.832993743704687,56.260000751515264,7.809699382789955,0.0,11,positive
2024-09-10 19:00:00,10.444165270776875,38.682853714925514,7.700470311614188,0.0,11,positive
2024-09-10 20:00:00,17.676332191769948,31.375435742564438,13.294072335663973,0.0,11,positive
2024-09-10 21:00:00,13.129268949701851,73.27449909935184,2.6070361833163336,0.017884341084256822,11,positive
2024-09-10 22:00:00,24.773505248204906,39.01426263546672,7.051281479968006,0.0,11,positive
2024-09-10 23:00:00,20.120545069696355,18.26099212112942,18.751096072113643,0.09611823004917391,11,positive
2024-09-11 00:00:00,26.775447942584766,29.980207134775917,6.226181638222583,0.0,11,positive
2024-09-11 01:00:00,9.601233696085995,32.59068289818846,5.964961728402849,0.4772695271283285,11,positive
2024-09-11 02:00:00,12.426399059323877,26.342792336677174,3.507797666229589,0.0,11,positive
2024-09-11 03:00:00,15.04473244116263,43.43449767089205,12.850807367029901,0.0,11,positive
2024-09-11 04:00:00,10.985511992476253,14.537692118544644,12.298820323980397,0.03268244839390139,11,positive
2024-09-11 05:00:00,25.1362128884793,36.71523664730894,9.885662421555136,0.04243160674269189,11,positive
2024-09-11 06:00:00,14.530633724656786,20.367077314778882,11.574635670502012,0.0,11,positive
2024-09-11 07:00:00,-0.0011879360411874984,44.731329468257975,2.8186935596561584,0.0,11,positive
2024-09-11 08:00:00,33.142574794535754,35.25143685892922,12.978829158317655,0.01636507431789161,11,positive
2024-09-11 09:00:00,34.69943462512918,19.068393368643406,7.958925097917551,0.0,11,positive
2024-09-11 10:00:00,20.476705943919637,52.283284949790044,5.839802302446097,0.0,11,positive
2024-09-11 11:00:00,38.97758003417796,39.2310799434095,10.763005901773084,0.07194969228568229,11,positive
2024-09-11 12:00:00,12.502420808261066,15.319999781333141,14.282094569288173,0.15610179701115703,11,positive
2024-09-11 13:00:00,20.187958032161685,35.16684954321742,0.0,0.031382283967121755,11,positive
2024-09-11 14:00:00,15.975626086454211,48.771074504226235,12.97515389192003,0.0,11,positive
2024-09-11 15:00:00,25.163669190393133,12.539798769195983,10.953215399984371,0.052784486225013416,11,positive
2024-09-11 16:00:00,31.96154123014984,66.77314718645296,0.0,0.0,11,positive
2024-09-11 17:00:00,16.061866902738842,37.58760782577611,8.067009291090194,0.0936056188956963,11,positive
2024-09-11 18:00:00,30.22083489120939,18.478786832288247,2.7943926630369695,0.02322112836956941,11,positive
2024-09-11 19:00:00,19.117379300592106,16.571146761322307,7.7571425560036475,0.35069053819074547,11,positive
2024-09-11 20:00:00,15.70787908800736,48.106493810842935,7.7024973585663155,0.0,11,positive
2024-09-11 21:00:00,20.439601190364545,34.63707667652968,5.1860879765914465,0.0,11,positive
2024-09-11 22:00:00,27.69785044905637,28.829986515945528,10.592059812673321,0.0,11,positive
2024-09-11 23:00:00,28.072404524177678,26.301412590321092,12.258399366145252,0.0,11,positive
2024-09-12 00:00:00,34.16762986712851,17.688984106186865,0.6191161334406585,0.0,11,positive
2024-09-12 01:00:00,10.923112415725495,14.258976583575837,11.10775380229938,0.0,11,positive
2024-09-12 02:00:00,18.16255218636593,29.195561040418518,5.013811678368302,0.16656437812016953,11,positive
2024-09-12 03:00:00,16.11595433885571,15.167991528750512,11.980253087431638,0.11130726614544048,11,positive
2024-09-12 04:00:00,38.31018951054308,27.106915418087972,12.22992089878396,0.0,11,positive
2024-09-12 05:00:00,17.82931334238397,23.856188481364462,11.706832654654523,0.0,11,positive
2024-09-12 06:00:00,10.715119194312587,18.07346545542919,0.0,0.2448594512704659,11,positive
2024-09-12 07:00:00,19.905382454914037,32.56774368537077,0.0,0.021958779781284715,11,positive
2024-09-12 08:00:00,18.17632869945947,24.915115997782685,8.589180377588157,0.0,11,positive
2024-09-12 09:00:00,30.923221304775566,22.55040834530338,0.0,0.04904237978647938,11,positive
2024-09-12 10:00:00,9.218226257006068,35.22009750753655,4.097729377456674,0.8363201799784321,11,positive
2024-09-12 11:00:00,35.888201166881416,26.9365743034193,0.0,0.023300815850167994,11,positive
2024-09-12 12:00:00,16.17108509968572,51.35249050535993,4.333028326609753,0.06382197580010221,11,positive
2024-09-12 13:00:00,24.758653675816372,43.89829071056165,11.842418686702992,0.0,11,positive
2024-09-12 14:00:00,26.22893377243667,46.18442910385131,9.00284569283425,0.18723655763546435,11,positive
2024-09-12 15:00:00,10.437640414150959,43.98761235169983,8.210868495705755,0.0,11,positive
2024-09-12 16:00:00,32.22213090873328,13.582495506300265,16.22018157682443,0.0,11,positive
2024-09-12 17:00:00,24.540145428023187,29.074338282045936,0.0,0.2811110562272998,11,positive
2024-09-12 18:00:00,24.67795925514234,45.143381696038915,7.009834007805493,0.049194138801774506,11,positive
2024-09-12 19:00:00,9.666709243338996,65.78029435644942,2.5373200811394216,0.0,11,positive
2024-09-12 20:00:00,14.527306100659235,32.26316135408199,11.126041297999521,0.0,11,positive
2024-09-12 21:00:00,34.73772108607243,36.13592537102616,10.30425423149835,0.0,11,positive
2024-09-12 22:00:00,27.269762296136726,58.681891097747936,7.343570311883928,0.2457497616265453,11,positive
2024-09-12 23:00:00,17.107233532967058,46.46144059027565,10.445571681215249,0.0,11,positive
2024-09-13 00:00:00,23.710477637098656,35.110489067755594,3.734039118615774,0.0,11,positive
2024-09-13 01:00:00,23.17031636886814,33.91119579039175,7.657112654706576,0.0,11,positive
2024-09-13 02:00:00,19.058403030029382,37.097511425224724,4.780428938181098,0.004506754313513911,11,positive
2024-09-13 03:00:00,24.53265339772424,13.860001318020263,5.076319613827705,0.4294814134346021,11,positive
2024-09-13 04:00:00,38.323947314596296,15.197980250337512,10.12961148993055,0.16810837474442517,11,positive
2024-09-13 05:00:00,24.668818437396386,53.545147439164104,14.079146798735442,0.0,11,positive
2024-09-13 06:00:00,23.552139595951928,7.038469517717839,8.495465042609645,0.3153601930311748,11,positive
2024-09-13 07:00:00,20.508940592315867,9.719422027749577,10.024361433595377,0.0,11,positive
2024-09-13 08:00:00,23.186276854332693,16.602416104661756,3.7517948243205765,0.07166701900867592,11,positive
2024-09-13 09:00:00,34.477817060010324,23.407419392903527,15.494858312204359,0.0,11,positive
2024-09-13 10:00:00,27.968802676359225,27.59993428100043,3.348499286803418,0.04440695530921035,11,positive
2024-09-13 11:00:00,29.559612201353705,48.72902579969817,9.07429944447396,0.0,11,positive
2024-09-13 12:00:00,26.21493268559922,39.55646113275787,10.706779197929901,0.07563446557559744,11,positive
2024-09-13 13:00:00,28.74227059605091,10.591882901743581,7.343632624568069,0.0,11,positive
2024-09-13 14:00:00,24.21361614083908,59.62895263780547,5.629576090265157,0.0276690963087656,11,positive
2024-09-13 15:00:00,28.051893719373112,3.9841560235021305,5.389447589279062,0.03404618497136283,11,positive
2024-09-13 16:00:00,-1.1759578052582,20.34787260387543,13.504289866906447,0.0,11,positive
2024-09-13 17:00:00,24.994545818960802,48.232964599147664,9.075521172107319,0.0,11,positive
2024-09-13 18:00:00,19.47477032927509,36.73719024383139,4.838148067920889,0.0,11,positive
2024-09-13 19:00:00,34.172475276017614,55.6986920104561,5.9594561916106885,0.0,11,positive
2024-09-13 20:00:00,23.548066295969065,20.69338940952369,14.384868303750816,0.0,11,positive
2024-09-13 21:00:00,24.62867473218914,25.495518725822816,10.128319063183824,0.30500031070633427,11,positive
2024-09-13 22:00:00,27.072498848632257,55.68330049409316,16.15522771953976,0.0,11,positive
2024-09-13 23:00:00,10.943827603031027,37.959951964190324,18.698408720288565,0.4197364674987154,11,positive
2024-09-14 00:00:00,21.526547416718262,56.20286527701466,11.085669610367926,0.0,11,positive
2024-09-14 01:00:00,16.137044934171293,20.153663213887672,14.12062717917587,0.13406208512579795,11,positive
2024-09-14 02:00:00,20.42585608945971,34.01530182710635,13.17994736692961,0.0,11,positive
2024-09-14 03:00:00,25.6565193134149,28.963536831474997,14.075020095409716,0.0,11,positive
2024-09-14 04:00:00,30.268131932560003,45.20673205534881,11.456410494614579,0.0,11,positive
2024-09-14 05:00:00,11.617096232062716,25.4377782602427,6.93144883026348,0.0,11,positive
2024-09-14 06:00:00,21.871377323785214,61.67024115210931,14.23583458684617,0.026056797895291972,11,positive
2024-09-14 07:00:00,12.333760442673116,55.060514643536195,7.754728632693178,0.0,11,positive
2024-09-14 08:00:00,27.69944094794429,50.38530026350198,0.0,0.6113379049850377,11,positive
2024-09-14 09:00:00,21.116367909538287,46.01766366962926,5.421267076879143,0.0,11,positive
2024-09-14 10:00:00,27.81735399744226,27.975164400287614,10.710273252743486,0.0,11,positive
2024-09-14 11:00:00,11.181335846108812,46.329037363555955,9.262599551586069,0.0,11,positive
2024-09-14 12:00:00,17.739255992628465,23.073420462803824,14.803594437704554,0.0,11,positive
2024-09-14 13:00:00,32.011685673445,54.80757061223575,12.300447571330377,0.2095236419051035,11,positive
2024-09-14 14:00:00,15.467809306197125,31.849163405027006,1.5248016158430033,0.12168117449441948,11,positive
2024-09-14 15:00:00,27.157874332072367,44.74023671336236,2.752125867325219,0.0,11,positive
2024-09-14 16:00:00,25.63442644591845,57.648293818656555,10.845682209337607,0.07411367075536318,11,positive
2024-09-14 17:00:00,25.81662072744169,49.69893664545782,1.5644142171611248,0.0,11,positive
2024-09-14 18:00:00,21.68813785417976,31.343750795970763,10.219433151583628,0.0,11,positive
2024-09-14 19:00:00,25.138056616569187,32.34584178167993,4.321349600774376,0.0,11,positive
2024-09-14 20:00:00,24.79786253291068,19.720792124008874,7.031562291751881,0.0,11,positive
2024-09-14 21:00:00,22.282964914779544,32.02430086102106,5.127665248223311,0.15954983585272722,11,positive
2024-09-14 22:00:00,12.750767043663101,45.59589427523503,18.933540804659366,0.0,11,positive
2024-09-14 23:00:00,21.747689743217865,17.988970408650086,1.189689117077723,0.18540377478356349,11,positive
2024-09-15 00:00:00,16.503994128688735,24.206796365628016,6.36843272264378,0.0,11,positive
2024-09-15 01:00:00,25.88169558116237,16.43305670806356,4.58878101933475,0.1486066128019413,11,positive
2024-09-15 02:00:00,20.436118452613847,62.54635561120134,9.161232963619288,0.0,11,positive
2024-09-15 03:00:00,25.345450892694117,43.18495584115968,7.37435985877631,0.13758109352446338,11,positive
2024-09-15 04:00:00,36.064437562507706,18.951741296281142,11.303861032079666,0.0,11,positive
2024-09-15 05:00:00,26.80648439223816,60.60286886250995,10.808194360705176,0.0,11,positive
2024-09-15 06:00:00,30.847938201023688,25.533508249338205,8.817790056976339,0.31354007236811154,11,positive
2024-09-15 07:00:00,13.73375018130598,35.7708000565428,9.84043354290436,0.15649254762379264,11,positive
2024-09-15 08:00:00,25.978298944005314,22.708565351025538,14.398440078355833,0.0,11,positive
2024-09-15 09:00:00,13.011021843600114,36.137068369388786,3.418824994606373,0.3290441100784465,11,positive
2024-09-15 10:00:00,22.004241660264796,32.7248506536007,10.95900509465504,0.0,11,positive
2024-09-15 11:00:00,11.686770757371887,41.12527369162456,2.501646459955955,0.1545116013161477,11,positive
2024-09-15 12:00:00,28.6940482497671,42.8759616497591,1.730852287735443,0.0,11,positive
2024-09-15 13:00:00,14.770147552429439,61.6447894706087,12.530052137853042,0.504521522185717,11,positive
2024-09-15 14:00:00,26.60955751474794,14.657207211037562,4.636769244052536,0.0,11,positive
2024-09-15 15:00:00,25.617845993167304,33.53811311729834,9.24006755357113,0.0,11,positive
2024-09-15 16:00:00,20.69138078382146,30.557816117136596,5.868675636611079,0.16320145516005904,11,positive
2024-09-15 17:00:00,25.28652471359565,37.97538750978251,2.1070147499947023,0.0,11,positive
2023-10-06 18:00:00,25.191054447584538,57.07509951006317,8.762077307793776,0.0,12,positive
2023-10-06 19:00:00,23.794723643542206,17.94767866229857,14.544715782682317,0.0,12,positive
2023-10-06 20:00:00,16.644342294315614,32.49806800860687,5.364818839681922,0.48837825762196685,12,positive
2023-10-06 21:00:00,20.382079284423526,37.33048619173389,10.868632283256458,0.3142684726879391,12,positive
2023-10-06 22:00:00,23.549675729081258,39.116533540913146,0.22960589489689465,0.0,12,positive
2023-10-06 23:00:00,21.633903480454887,36.94949438173995,8.178148567452833,0.04357139218342257,12,positive
2023-10-07 00:00:00,32.69874580540926,17.307388818723357,6.2892383224979,0.0,12,positive
2023-10-07 01:00:00,25.847406941823287,41.891083300131264,21.767886078366686,0.03478630515428846,12,positive
2023-10-07 02:00:00,31.0475023700402,30.393919117212373,3.0354381305135893,0.0,12,positive
2023-10-07 03:00:00,27.695681370747234,41.10241782243763,10.016256852994399,0.46499061750488235,12,positive
2023-10-07 04:00:00,19.009579049496196,32.30214133560083,11.622377250826064,0.0,12,positive
2023-10-07 05:00:00,13.950066802630179,46.43513839147174,4.746393846218852,0.11569743114972855,12,positive
2023-10-07 06:00:00,20.464274060300095,58.48682823858476,5.909626855094272,0.0,12,positive
2023-10-07 07:00:00,26.852745260475423,21.89061724815677,7.635714722865274,0.0,12,positive
2023-10-07 08:00:00,17.889492132752213,28.404154977751404,13.560072990683972,0.4225602301549529,12,positive
2023-10-07 09:00:00,26.531263061372847,39.71892503046716,1.0150994211241215,0.17813635731338065,12,positive
2023-10-07 10:00:00,10.691894321938445,44.4213774224774,5.46404178434576,0.0,12,positive
2023-10-07 11:00:00,11.64576040298929,36.83573485407224,12.634752089853098,0.004477867251703682,12,positive
2023-10-07 12:00:00,17.14266331084791,41.819315353512344,10.398091618234696,0.05168409455864642,12,positive
2023-10-07 13:00:00,38.123250910262186,42.92830225322497,11.484593312264808,0.0,12,positive
2023-10-07 14:00:00,7.157171931582042,45.1208309187536,5.174059858845569,0.1020350857008748,12,positive
2023-10-07 15:00:00,20.109632910287104,31.717983946059068,9.190196895581888,0.015518208382455212,12,positive
2023-10-07 16:00:00,28.915111541431454,17.174314408134922,19.22784712669595,0.0,12,positive
2023-10-07 17:00:00,35.061596683732084,54.13218478661766,7.577258208831795,0.0,12,positive
2023-10-07 18:00:00,21.230588013790978,11.697236866320395,15.516007070153439,0.0,12,positive
2023-10-07 19:00:00,21.749287138756518,16.622236140032747,5.068996617105131,0.21983555157170262,12,positive
2023-10-07 20:00:00,29.560646820943816,10.950365497037296,9.434154350733381,0.256756539583466,12,positive
2023-10-07 21:00:00,10.586372440004187,38.57532639917858,6.3310030734398435,0.012206269616893889,12,positive
2023-10-07 22:00:00,11.859157850170345,23.640280317892667,0.0,0.0,12,positive
2023-10-07 23:00:00,36.3855392798281,66.25397366149504,8.463631026119764,0.0,12,positive
2023-10-08 00:00:00,19.612408596079145,48.10361303729546,5.428054900889769,0.2839601488919853,12,positive
2023-10-08 01:00:00,21.89795159615,26.46780994875713,5.369036270040644,0.0,12,positive
2023-10-08 02:00:00,14.184894908900468,41.77594018435274,5.64210520175409,0.0,12,positive
2023-10-08 03:00:00,33.07170052934847,32.477119321595715,12.599021700959963,0.0,12,positive
2023-10-08 04:00:00,18.237095890875242,35.41532931614109,17.616653396032294,0.0,12,positive
2023-10-08 05:00:00,21.230321104857786,56.85033276374395,4.0748979736656405,0.0,12,positive
2023-10-08 06:00:00,24.653911880444316,37.767628305841704,15.82885237727207,0.0,12,positive
2023-10-08 07:00:00,32.62218316411375,29.59987464035133,4.297372943748517,0.031403974408365426,12,positive
2023-10-08 08:00:00,12.727175253059187,42.252675443151425,6.070609436223771,0.0,12,positive
2023-10-08 09:00:00,25.989267276968015,17.844263330385672,11.852511069278972,0.0,12,positive
2023-10-08 10:00:00,31.272771552753472,29.108936326556492,11.15954833278962,0.0,12,positive
2023-10-08 11:00:00,27.951214989715893,36.64920338221441,0.0,0.0,12,positive
2023-10-08 12:00:00,21.29853662033674,46.84274116032219,11.451232384344284,0.0,12,positive
2023-10-08 13:00:00,14.681636758597625,44.83032652173506,6.483754852947431,0.0,12,positive
2023-10-08 14:00:00,20.574392457095815,50.35114666172432,10.11652242104551,0.0,12,positive
2023-10-08 15:00:00,19.007910410077805,38.486414210922746,13.964263574763546,0.22992060312183607,12,positive
2023-10-08 16:00:00,26.249395549470844,35.69540114374559,8.62302021372711,0.0,12,positive
2023-10-08 17:00:00,31.613840248316407,36.19105722793577,9.072270439680171,0.48183330295557936,12,positive
2023-10-08 18:00:00,20.616227629880374,39.64096681322923,12.25306794784564,0.0,12,positive
2023-10-08 19:00:00,13.125927552763917,49.65474096017947,7.556131603112235,0.06531008176771982,12,positive
2023-10-08 20:00:00,32.69107789945537,56.9491849510693,9.318734911703302,0.0,12,positive
2023-10-08 21:00:00,28.139593669955456,55.936582292183765,11.640342627158626,0.0,12,positive
2023-10-08 22:00:00,38.07846199176902,50.984853342200644,5.4523789736361765,0.43429259793077624,12,positive
2023-10-08 23:00:00,26.03850744323267,30.826099424486312,9.649976769994796,0.0,12,positive
2023-10-09 00:00:00,25.086547742975824,26.999182170845398,8.730478928661991,0.0,12,positive
2023-10-09 01:00:00,19.9825382042029,45.72427836559995,11.029662538233984,0.0,12,positive
2023-10-09 02:00:00,22.12610951801434,43.41549195529113,10.025875700962755,0.04239706481305622,12,positive
2023-10-09 03:00:00,24.382595539892826,57.535332069139926,9.025723436545139,0.4648257871560415,12,positive
2023-10-09 04:00:00,23.62560270480514,65.65935456818914,1.5630459344220222,0.0,12,positive
2023-10-09 05:00:00,20.189316535742925,36.43824438912596,8.971260765768859,0.04572821198848681,12,positive
2023-10-09 06:00:00,22.678266291206484,54.158893358180705,7.4117217060675875,0.0,12,positive
2023-10-09 07:00:00,16.646536135691154,7.743694563197707,9.3789070596292,0.09527150709547227,12,positive
2023-10-09 08:00:00,25.66588381828689,45.30121031242519,5.934843374927725,0.0,12,positive
2023-10-09 09:00:00,29.877131906666097,65.1304046043473,15.439739678984099,0.0,12,positive
2023-10-09 10:00:00,22.281204635124073,38.14578371400985,4.232463402858729,0.0,12,positive
2023-10-09 11:00:00,12.985613137920472,35.747000517829065,6.540038692866614,0.0,12,positive
2023-10-09 12:00:00,21.70141296760211,30.223545133010827,2.1357557235795985,0.0,12,positive
2023-10-09 13:00:00,19.432375994269247,25.750442901133,12.633350823879699,0.36085533808135817,12,positive
2023-10-09 14:00:00,6.11360807431223,35.04928676673638,8.48063594696153,0.0,12,positive
2023-10-09 15:00:00,21.94147093844042,28.376327969780057,15.75535702327847,0.28992129491381746,12,positive
2023-10-09 16:00:00,21.574518786263376,72.13127209396913,7.026198866346565,0.043476120075961605,12,positive
2023-10-09 17:00:00,27.170475467090824,45.97102465577322,9.447436327056263,0.0,12,positive
2023-10-09 18:00:00,22.80267431869693,26.3600914664934,9.627594014196342,0.03291701590487697,12,positive
2023-10-09 19:00:00,31.68545527170846,39.55877033336955,12.27914899052995,0.5135887139659422,12,positive
2023-10-09 20:00:00,19.91590276640225,49.21774766276083,15.435835967290958,0.06565552091990684,12,positive
2023-10-09 21:00:00,18.131293524614744,67.72063690817805,8.481306248844863,0.0,12,positive
2023-10-09 22:00:00,23.65485853820634,38.692704234881525,6.472545561700513,0.0,12,positive
2023-10-09 23:00:00,32.862220402432,19.474966547886993,6.237747238897816,0.019499355368224253,12,positive
2023-10-10 00:00:00,20.963610897725378,27.599217972001846,13.04771076934701,0.425058374152363,12,positive
2023-10-10 01:00:00,18.40286327462289,38.185497919819184,1.957626020478835,0.12052611899114027,12,positive
2023-10-10 02:00:00,22.99332185706704,35.47110181369765,3.1656195413468273,0.01380180707687595,12,positive
2023-10-10 03:00:00,13.479645040355525,41.82589785369816,0.0,0.0,12,positive
2023-10-10 04:00:00,7.096467617341432,41.28530905786971,0.0,0.0,12,positive
2023-10-10 05:00:00,35.11619212597939,60.10150971906353,0.0,0.0,12,positive
2023-10-10 06:00:00,14.088229628956363,17.102959464346128,7.43265022804963,0.038050157960512976,12,positive
2023-10-10 07:00:00,26.797270993762865,24.27288607275679,11.525169987050013,0.0,12,positive
2023-10-10 08:00:00,15.976433612534077,22.64162682948124,8.391603458694656,0.15537036106507232,12,positive
2023-10-10 09:00:00,20.86823125104092,32.37920704840792,8.112036204945435,0.0,12,positive
2023-10-10 10:00:00,23.194648208819064,30.734722750931624,10.008741399023911,0.1758468328261277,12,positive
2023-10-10 11:00:00,17.551792874218965,34.10895903990986,13.80953281523293,0.127150504242969,12,positive
2023-10-10 12:00:00,11.286760202083396,29.81953083192895,3.2490500156199396,0.0,12,positive
2023-10-10 13:00:00,17.973199769222784,27.487382652072007,6.146256300300404,0.0,12,positive
2023-10-10 14:00:00,19.372465768763913,33.00669793066401,0.0,0.0,12,positive
2023-10-10 15:00:00,22.14245297189316,50.5785319611859,14.545304741397011,0.0,12,positive
2023-10-10 16:00:00,28.529832653391644,18.476468293327905,11.836711713480522,0.0,12,positive
2023-10-10 17:00:00,12.522420254959561,32.21616982693924,15.002362235988896,0.21602076425797537,12,positive
2023-10-10 18:00:00,33.97190518142704,23.769009292762938,13.239255522739949,0.0,12,positive
2023-10-10 19:00:00,23.802629371913625,38.25024242989122,11.307458669620864,0.009603499338647792,12,positive
2023-10-10 20:00:00,16.086523697425463,48.204604281388455,16.65828297162697,0.5644336036254768,12,positive
2023-10-10 21:00:00,7.318143388439742,42.48979352530683,6.344098029739255,0.0,12,positive
2023-10-10 22:00:00,26.449422045848095,28.15411355261602,6.655740143281643,0.0,12,positive
2023-10-10 23:00:00,33.75803150388013,35.451044061703726,1.8216320959251995,0.0,12,positive
2023-10-11 00:00:00,23.11383937327681,18.058579989635316,0.1884825653791964,0.0,12,positive
2023-10-11 01:00:00,27.475987222949158,29.4779519915922,9.468296455758544,0.0,12,positive
2023-10-11 02:00:00,26.819355087752683,44.07124855909699,0.0,0.0,12,positive
2023-10-11 03:00:00,26.143233505425066,28.843151134414782,8.181013196299133,0.0,12,positive
2023-10-11 04:00:00,22.647401866017297,57.618791258523004,13.634931261405605,0.15374966662745063,12,positive
2023-10-11 05:00:00,20.415630634201772,1.0,6.3674890155473705,0.14095976115052414,12,positive
2023-10-11 06:00:00,23.769836336004982,37.293060666800024,11.479278780133889,0.0,12,positive
2023-10-11 07:00:00,21.789844562624253,69.20624467884794,9.16225722609952,0.0,12,positive
2023-10-11 08:00:00,17.50342499911904,29.40879949538267,10.960635755766894,0.0,12,positive
2023-10-11 09:00:00,19.616192937524833,32.5843957880587,5.759395961722282,0.0,12,positive
2023-10-11 10:00:00,27.130571107722847,52.49850702655938,6.344874094444002,0.05182681999302399,12,positive
2023-10-11 11:00:00,11.088023312183633,14.174235485152142,1.9309915695439335,0.0,12,positive
2023-10-11 12:00:00,31.619024932622047,25.967868790405547,5.616532975177814,0.0,12,positive
2023-10-11 13:00:00,26.582624987101237,27.835620449681393,5.332915210417493,0.0,12,positive
2023-10-11 14:00:00,17.426231110583032,52.66192629402999,8.454630042392383,0.0,12,positive
2023-10-11 15:00:00,31.889151781831472,26.22179746909719,15.099777897412327,0.0,12,positive
2023-10-11 16:00:00,22.44809301099735,12.521757089424685,19.447503076728776,0.0,12,positive
2023-10-11 17:00:00,19.40890380223528,49.34191872162584,11.511513935106736,0.22917718995231132,12,positive
2023-10-11 18:00:00,16.70121769056083,39.777101191615884,2.070648848775315,0.4096767174372804,12,positive
2023-10-11 19:00:00,21.8164370429825,39.21513883230218,7.268251380797649,0.060651980114111714,12,positive
2023-10-11 20:00:00,15.054150607882288,46.856453220263504,15.448520183707188,0.19324854095336144,12,positive
2023-10-11 21:00:00,26.42832403976876,41.48275436990363,8.040489056744294,0.2550865855878497,12,positive
2023-10-11 22:00:00,11.58722119111526,23.285270732726442,0.0,0.0,12,positive
2023-10-11 23:00:00,24.94162583343771,34.550584274013175,0.0,0.09641574467793404,12,positive
2023-10-12 00:00:00,21.981268894504332,64.55734948225965,4.506779020634591,0.0,12,positive
2023-10-12 01:00:00,18.160780738600312,35.828588889333,14.07341924446466,0.25885707404126357,12,positive
2023-10-12 02:00:00,16.479160735582933,56.27105831187146,8.227789105567977,0.17026464898939322,12,positive
2023-10-12 03:00:00,16.518008852922506,56.10011313441464,9.368136372673055,0.0,12,positive
2023-10-12 04:00:00,23.053034491433397,27.417875270052477,7.991585947525142,0.011076183291006458,12,positive
2023-10-12 05:00:00,29.676368501158287,31.954142493970064,0.5174638610305022,0.0,12,positive
2023-10-12 06:00:00,8.186254781436604,44.26956136330912,2.2424784431327787,0.0,12,positive
2023-10-12 07:00:00,23.092596139931306,34.02937107635334,10.192026016911846,0.0,12,positive
2023-10-12 08:00:00,0.3221620577524007,30.145621387272648,10.125515670317155,0.0,12,positive
2023-10-12 09:00:00,35.49166093265998,14.552742296221151,6.251373503436135,0.10812573306045073,12,positive
2023-10-12 10:00:00,34.159080600880664,50.19284312222826,9.752939434315874,0.0,12,positive
2023-10-12 11:00:00,33.04504880279579,53.16987792140208,13.790223483280606,0.23348609070835305,12,positive
2023-10-12 12:00:00,19.2061736038867,46.50687248026336,12.080209526275572,0.6613878720542505,12,positive
2023-10-12 13:00:00,19.190008649326067,51.99969904337315,16.32058054384803,0.8516029160002433,12,positive
2023-10-12 14:00:00,19.892986596416204,40.26399614682047,10.432994988743053,0.09773845029542341,12,positive
2023-10-12 15:00:00,37.068165042752355,41.33142898317757,10.656917042352765,0.027743615447877096,12,positive
2023-10-12 16:00:00,18.40750699804328,33.673521853365834,1.7333888548918557,0.0,12,positive
2023-10-12 17:00:00,10.088579808517098,46.21774031289758,10.099983750349962,0.037876407128406286,12,positive
2023-10-12 18:00:00,21.196610337457216,46.42199622783485,2.32101956555051,0.16462123833038342,12,positive
2023-10-12 19:00:00,27.596078451669957,8.265888838891374,11.424690028510096,0.0,12,positive
2023-10-12 20:00:00,21.05924412918774,17.549133438571605,15.156232896450074,0.22797686251442664,12,positive
2023-10-12 21:00:00,8.79848086427694,37.000282123944736,5.931485099895886,0.1454896110952418,12,positive
2023-10-12 22:00:00,6.068007500402565,19.456385411253123,5.1239086478960765,0.1774661557059756,12,positive
2023-10-12 23:00:00,32.363746936105215,51.54173370991359,7.233631047688836,1.1390972042581602,12,positive
2023-10-13 00:00:00,33.76458991379691,53.506856117203526,10.3147450487186,0.0,12,positive
2023-10-13 01:00:00,17.79754397097268,64.00721598118511,0.9163523266793314,0.0,12,positive
2023-10-13 02:00:00,29.540412409322272,28.53261132791708,2.0912243889768902,0.0,12,positive
2023-10-13 03:00:00,25.68844782516112,29.272982534342326,2.271125820502423,0.0,12,positive
2023-10-13 04:00:00,21.80438545002714,55.95992093704241,12.468167723047198,0.0,12,positive
2023-10-13 05:00:00,17.896471080081753,56.69472346900879,15.31258666309989,0.0,12,positive
2023-10-13 06:00:00,26.39824208785754,33.1817779291457,2.8333841853074695,0.0,12,positive
2023-10-13 07:00:00,11.203225672108845,28.0031696803085,4.007631336150162,0.16947995509725663,12,positive
2023-10-13 08:00:00,21.428172050704074,19.766500071417703,15.865895144366489,0.0,12,positive
2023-10-13 09:00:00,36.35650422705644,32.598800463829704,5.256050188514455,0.09067522093966762,12,positive
2023-10-13 10:00:00,17.37552208100812,32.32561967016313,11.600237052486573,0.19576547312387307,12,positive
2023-10-13 11:00:00,27.6903574783492,43.75020599246904,14.346626590189164,0.0,12,positive
2023-10-13 12:00:00,32.39982682302057,33.34367149237385,3.6866484064646974,0.0,12,positive
2023-10-13 13:00:00,9.786435075824265,13.602303816892881,10.825640202544157,0.056092743185025745,12,positive
2023-10-13 14:00:00,23.51640676731332,49.98955549553309,0.0,0.21215851884372314,12,positive
2023-10-13 15:00:00,7.008417542853927,46.7061643734299,0.2638433670549274,0.1680324934803715,12,positive
2023-10-13 16:00:00,26.11220163969122,50.927365280265946,7.205159458853917,0.0,12,positive
2023-10-13 17:00:00,20.276585124460222,18.579417756706267,10.824457034423212,0.0,12,positive
2023-09-07 10:00:00,29.15219522472207,39.68099636118346,2.157500432603368,0.0,13,positive
2023-09-07 11:00:00,21.98895135817327,27.758938335149853,6.5268208140314385,0.22746844517248285,13,positive
2023-09-07 12:00:00,29.110750230835432,13.728278996299693,3.0325703259679084,0.0,13,positive
2023-09-07 13:00:00,34.910006785911996,50.81420823639273,0.0,0.0,13,positive
2023-09-07 14:00:00,32.79536173586947,17.389875109660355,0.0,0.0,13,positive
2023-09-07 15:00:00,30.979395274398577,58.868929547003034,3.6458636781937486,0.0,13,positive
2023-09-07 16:00:00,4.17654083346639,29.479240792560688,5.913946653921264,0.0,13,positive
2023-09-07 17:00:00,32.38641972751824,49.31335483150093,1.2472497562705271,0.0,13,positive
2023-09-07 18:00:00,26.072335748747935,9.931484220806137,0.0,0.0,13,positive
2023-09-07 19:00:00,20.559205592166045,15.722268613176869,6.959140356456157,0.0,13,positive
2023-09-07 20:00:00,21.337190986659625,11.720207703108706,17.427784517820548,0.0,13,positive
2023-09-07 21:00:00,19.31698038661226,30.573580161465685,9.79743697356588,0.0,13,positive
2023-09-07 22:00:00,24.58141149229575,15.039013447088514,7.64732891577417,0.30439907341487926,13,positive
2023-09-07 23:00:00,13.055328141386283,59.685839204273144,8.29612947142277,0.0,13,positive
2023-09-08 00:00:00,5.9089611113494165,26.04497362218428,10.306060593521735,0.0,13,positive
2023-09-08 01:00:00,4.767761429170356,38.10706874985622,9.832794017748446,0.0,13,positive
2023-09-08 02:00:00,16.758151048493257,1.3689691979649368,3.016146240974223,0.7123331318576602,13,positive
2023-09-08 03:00:00,27.893671022239793,1.0,5.758217699636889,0.3989665690177526,13,positive
2023-09-08 04:00:00,22.05769970266908,48.44475224264636,0.0,0.20951342676554238,13,positive
2023-09-08 05:00:00,33.49793966276187,36.518230486358796,8.51637181104572,0.0,13,positive
2023-09-08 06:00:00,22.80625383160185,17.810936474898554,13.93435224452825,0.10285762374894522,13,positive
2023-09-08 07:00:00,16.92042891630765,1.0,0.0,0.0,13,positive
2023-09-08 08:00:00,13.766465253831415,29.43747677470232,11.276629872895892,0.5628478534446876,13,positive
2023-09-08 09:00:00,22.57296822808547,25.58543275041174,5.130903983535225,0.05099147640476301,13,positive
2023-09-08 10:00:00,23.48233214267589,66.97407959837875,10.194244083177148,0.0,13,positive
2023-09-08 11:00:00,13.429718586214952,42.87735935045407,4.385093266994705,0.018226162316282296,13,positive
2023-09-08 12:00:00,27.508116784918727,35.748032660022105,20.036628607373963,0.2365734588726179,13,positive
2023-09-08 13:00:00,31.417962662632775,46.46429288555021,16.816804088650223,0.278355164614853,13,positive
2023-09-08 14:00:00,32.96226494392461,20.131335320007157,5.178304404666352,0.04470563617835757,13,positive
2023-09-08 15:00:00,31.86576132408579,17.69635052477057,5.437275611611345,0.022910620355056838,13,positive
2023-09-08 16:00:00,20.509071962434287,47.810480918527816,25.1796380799226,0.0,13,positive
2023-09-08 17:00:00,16.11842849470147,15.552375040415068,6.373730432071972,0.4419017672237405,13,positive
2023-09-08 18:00:00,25.740398335803384,41.780324536763395,5.684158977375217,0.42916376225506914,13,positive
2023-09-08 19:00:00,16.116421446080846,33.20853398152739,11.195813329449088,0.0,13,positive
2023-09-08 20:00:00,32.2206121723456,41.42744718489858,13.254563503939984,0.0,13,positive
2023-09-08 21:00:00,29.344655682803058,48.57093725234599,15.56443337376768,0.15239097894211798,13,positive
2023-09-08 22:00:00,14.742535075191462,47.34711454050953,0.0,0.0,13,positive
2023-09-08 23:00:00,17.38899801959648,28.54714999832132,2.629313263800481,0.2943780617620443,13,positive
2023-09-09 00:00:00,18.059451984305937,24.757380883017177,4.311609111077516,0.0,13,positive
2023-09-09 01:00:00,19.735165474751028,63.11197849791585,6.029074284414949,0.09522160085670675,13,positive
2023-09-09 02:00:00,17.384936268189588,26.15606336237814,0.0,0.0,13,positive
2023-09-09 03:00:00,12.344013762776003,37.75545252140106,13.380868276422927,0.0012722989631089587,13,positive
2023-09-09 04:00:00,17.607385589209464,14.496639359744773,6.6786145293322505,0.0,13,positive
2023-09-09 05:00:00,18.424940787136197,34.28724541700455,15.27614198196157,0.0,13,positive
2023-09-09 06:00:00,15.919265153465584,37.38372928753588,3.862254942988546,0.03590006352836686,13,positive
2023-09-09 07:00:00,26.122721232582073,14.49260449252321,8.875747086928868,0.0,13,positive
2023-09-09 08:00:00,26.357419177376894,47.470205765287005,10.387248020623025,0.0,13,positive
2023-09-09 09:00:00,29.466640166912,21.904058355346226,1.3973900331525027,0.18284101749434586,13,positive
2023-09-09 10:00:00,25.309334019980604,33.947885723942676,3.8922678025328237,0.2543025476820705,13,positive
2023-09-09 11:00:00,6.230180847645059,25.2923217365075,10.351349529322427,0.12704816019333118,13,positive
2023-09-09 12:00:00,25.274053988902896,26.644661073979393,7.835958451100012,0.31446869649274045,13,positive
2023-09-09 13:00:00,29.622376184922505,36.387386169809105,3.9299485256062754,0.0,13,positive
2023-09-09 14:00:00,27.095642904695666,19.6811962477609,7.109667016798971,0.6007431307488392,13,positive
2023-09-09 15:00:00,21.173105733448285,19.860762061259344,0.0,0.0,13,positive
2023-09-09 16:00:00,29.71305138790919,8.117375637527651,9.84463080463108,0.06955580503991368,13,positive
2023-09-09 17:00:00,26.767288374098584,28.749947319859004,3.2825181512462116,0.25281316542156296,13,positive
2023-09-09 18:00:00,23.982280470775045,36.43711266733848,7.099326849412171,0.5149767988852612,13,positive
2023-09-09 19:00:00,25.381506330470813,42.06281741620286,9.004110627308359,0.35177997179931975,13,positive
2023-09-09 20:00:00,35.43399590196884,25.634318231399057,14.40717548728328,0.0,13,positive
2023-09-09 21:00:00,30.871604583651425,53.500513251208154,6.534743982990587,0.0,13,positive
2023-09-09 22:00:00,25.752287093968715,21.840913382891486,6.129217028053954,0.026740297413763492,13,positive
2023-09-09 23:00:00,29.3845176150132,19.12939397931064,7.303713439047514,0.20590386886912473,13,positive
2023-09-10 00:00:00,17.93916328739513,70.36699585062078,9.168318717026628,0.040420208316334416,13,positive
2023-09-10 01:00:00,31.52680835406472,29.521796977417477,13.037138053086615,0.213145219407991,13,positive
2023-09-10 02:00:00,18.37076763003547,50.736056275658704,15.850988602948355,0.0,13,positive
2023-09-10 03:00:00,14.881426910250813,43.51169645555689,4.884830525411436,0.0,13,positive
2023-09-10 04:00:00,29.011240197897262,26.838467275789817,0.0,0.2681731739918136,13,positive
2023-09-10 05:00:00,22.079644685762247,7.048652772906731,6.514197913513397,0.1959644560224196,13,positive
2023-09-10 06:00:00,35.11951205492478,67.47713892148509,2.7090144882896574,0.0,13,positive
2023-09-10 07:00:00,14.316770144025181,30.36026596918233,17.017346639779028,0.0,13,positive
2023-09-10 08:00:00,19.71170030210309,20.862060991584546,13.730946888324317,0.0,13,positive
2023-09-10 09:00:00,18.457621427747032,34.31170858796812,4.694613350745428,0.0,13,positive
2023-09-10 10:00:00,31.616218271763792,13.819407306807278,18.467433268854023,0.0,13,positive
2023-09-10 11:00:00,32.30904545340673,37.247415478035414,5.481494514430927,0.0,13,positive
2023-09-10 12:00:00,21.73189767471749,38.126267927956725,3.399228243142373,0.0,13,positive
2023-09-10 13:00:00,15.834617416579242,16.774257093891908,3.9134414877105144,0.06336036257788089,13,positive
2023-09-10 14:00:00,18.63876069799585,41.48712358202623,8.603551770889812,0.0,13,positive
2023-09-10 15:00:00,4.316375890240664,42.040114493212826,8.032101192621761,0.37654586270822143,13,positive
2023-09-10 16:00:00,27.73172163448327,32.525123747972344,8.863256424283778,0.014810730807378242,13,positive
2023-09-10 17:00:00,26.909439834835634,6.816859218159486,11.884132193246586,0.2516776597343866,13,positive
2023-09-10 18:00:00,18.10350369735129,31.512002008299106,7.204018827058096,0.45616699528779336,13,positive
2023-09-10 19:00:00,47.8679493059881,53.298062362255735,5.173371070551219,0.0,13,positive
2023-09-10 20:00:00,27.386633328459872,21.122589163291696,1.696003513896592,0.0,13,positive
2023-09-10 21:00:00,28.461660821611478,10.822875985978573,4.39551066172797,0.0,13,positive
2023-09-10 22:00:00,22.333788906164642,56.24410430898493,0.9431627296182832,0.2551178849380751,13,positive
2023-09-10 23:00:00,9.696060451443364,4.562544217576093,7.705436102513465,0.4450711938884383,13,positive
2023-09-11 00:00:00,21.689954687640967,33.89409681568,7.0211289394628436,0.1215159364245473,13,positive
2023-09-11 01:00:00,25.461249220637526,30.239943278492454,13.518324353773817,0.13464746526595336,13,positive
2023-09-11 02:00:00,14.282820617067284,9.684341722349217,7.139452842758143,0.0,13,positive
2023-09-11 03:00:00,11.200305167961776,42.911859637204806,0.0,0.024428751370768442,13,positive
2023-09-11 04:00:00,23.277731075164322,34.342360534625584,2.82617029724707,0.0,13,positive
2023-09-11 05:00:00,21.976760531220837,24.70855035888797,8.999123483257945,0.642892434166864,13,positive
2023-09-11 06:00:00,8.91738294760689,18.197208720483825,9.747636338048569,0.0,13,positive
2023-09-11 07:00:00,30.39183412444602,21.20015221747135,10.873339202406708,0.0,13,positive
2023-09-11 08:00:00,14.455638442072571,40.779615060693786,7.669940708773837,0.004403134115228885,13,positive
2023-09-11 09:00:00,22.335992697152733,33.05704421093912,7.231559657412488,0.0,13,positive
2023-09-11 10:00:00,11.560411688850898,36.12148123842309,3.9864281313929277,0.0,13,positive
2023-09-11 11:00:00,20.074401247179143,46.010398162582675,8.928067538454906,0.2654453228065733,13,positive
2023-09-11 12:00:00,17.42923153705714,44.53719893283152,0.0,0.33024103684085515,13,positive
2023-09-11 13:00:00,7.007873800557288,13.768881375155292,5.428670843683872,0.2545177734973759,13,positive
2023-09-11 14:00:00,35.419354880114135,45.597316336957036,9.78271189147725,0.04230638040756185,13,positive
2023-09-11 15:00:00,23.25406530304559,26.76167722160043,3.9166533318863914,0.029386576874211284,13,positive
2023-09-11 16:00:00,18.23111992442641,48.039493189532756,0.0,0.10438504630869835,13,positive
2023-09-11 17:00:00,14.967222211887652,28.855462566264595,9.523132097396207,0.015153251131543116,13,positive
2023-09-11 18:00:00,23.31385711449972,31.814926921861034,4.6970656741155565,0.0,13,positive
2023-09-11 19:00:00,20.76358487050459,23.482452311551818,8.035472376628057,0.14689813186746267,13,positive
2023-09-11 20:00:00,17.109739703464314,58.84763350854475,10.076199612808104,0.0,13,positive
2023-09-11 21:00:00,23.16688344659767,19.59769794839738,5.816141966107084,0.0,13,positive
2023-09-11 22:00:00,12.02564872072094,40.81031071991627,5.471936486935871,0.0,13,positive
2023-09-11 23:00:00,17.450241127013157,79.38635885964649,4.686924249129936,0.22745161308634013,13,positive
2023-09-12 00:00:00,9.200544232329316,46.389539340431526,14.68226345841565,0.0,13,positive
2023-09-12 01:00:00,32.231597357083714,46.12384999763816,7.052599345069555,0.2094051198832402,13,positive
2023-09-12 02:00:00,23.446961811325227,48.161837332304614,9.986472827975112,0.8849705068313735,13,positive
2023-09-12 03:00:00,20.606343623789513,64.71895182082886,9.25606898648096,0.0,13,positive
2023-09-12 04:00:00,26.31907989799386,39.10036615996554,8.543494500075345,0.0,13,positive
2023-09-12 05:00:00,27.749137882485467,38.95840217017323,4.531187372260559,0.36579962761200124,13,positive
2023-09-12 06:00:00,21.463936508255333,30.376161329823862,21.39387987483034,0.026783399491947885,13,positive
2023-09-12 07:00:00,29.668102872459862,22.05993583619254,8.65597744671698,0.0,13,positive
2023-09-12 08:00:00,14.301048041407498,24.141910177591043,7.912431314241998,0.11661862327988051,13,positive
2023-09-12 09:00:00,29.072450807522408,26.982058459050574,11.270048200746684,0.018221035095504573,13,positive
2023-09-12 10:00:00,7.545347982766197,31.565225315704257,0.15746080981202493,0.0,13,positive
2023-09-12 11:00:00,9.761572076040016,19.43469968493953,10.06809942737305,0.6293634552325855,13,positive
2023-09-12 12:00:00,9.852896241059169,65.59946240107939,2.99183098420213,0.3766806070424349,13,positive
2023-09-12 13:00:00,20.32645983915176,45.654637279498665,10.311762303355295,0.048973658319039354,13,positive
2023-09-12 14:00:00,19.393382260453546,31.596163496872762,11.74479749099281,0.0,13,positive
2023-09-12 15:00:00,38.144884454046256,23.612249188108336,7.956253016217033,0.0,13,positive
2023-09-12 16:00:00,11.614727906875066,21.88357386383564,3.147383911678725,0.0,13,positive
2023-09-12 17:00:00,14.168279769890074,45.43328631941315,4.085080523408125,0.008916541533721706,13,positive
2023-09-12 18:00:00,18.85624908706185,49.89258318044442,9.074380868051996,0.04952450736232855,13,positive
2023-09-12 19:00:00,10.535641840250568,17.85937310204436,1.6079502998018818,0.0,13,positive
2023-09-12 20:00:00,26.24450498505318,22.07569236613709,5.178141780871723,0.2829159628303506,13,positive
2023-09-12 21:00:00,14.91311026895433,41.90451546824271,6.562318896078434,0.0,13,positive
2023-09-12 22:00:00,32.002878596135986,54.642205107000834,11.356784874740631,0.0,13,positive
2023-09-12 23:00:00,26.782327076236673,29.767509582070133,16.15138025364181,0.0,13,positive
2023-09-13 00:00:00,24.09888286882412,36.90608993644263,16.70133213680429,0.6234703649495302,13,positive
2023-09-13 01:00:00,36.706302621349806,32.207692888187935,0.9692551209217442,0.016398803510210835,13,positive
2023-09-13 02:00:00,8.793541898211338,44.8048511837846,2.808535248267402,0.0,13,positive
2023-09-13 03:00:00,31.07373624132678,24.919746071507948,6.659481534878038,0.05861727211767978,13,positive
2023-09-13 04:00:00,18.89314312839042,73.61035437910058,11.889665820552208,0.0,13,positive
2023-09-13 05:00:00,17.10649571054628,34.3604990651535,8.650253760968198,0.10394149816838008,13,positive
2023-09-13 06:00:00,26.240473566169033,20.698287649093864,3.2080616250786598,0.0,13,positive
2023-09-13 07:00:00,12.650865971484818,45.93525879293809,7.928596938015333,0.09636573406838209,13,positive
2023-09-13 08:00:00,22.875993004487576,9.722800631165082,11.466810048278306,0.0,13,positive
2023-09-13 09:00:00,36.80867373205456,51.0696926655891,2.6965374688408765,0.0,13,positive
2023-09-13 10:00:00,15.95918994566901,16.681120957544433,17.12869043438547,0.0,13,positive
2023-09-13 11:00:00,29.467350433465334,30.72453631174121,7.101662558596772,0.044764364522263206,13,positive
2023-09-13 12:00:00,30.85231454873957,39.67437133511898,2.7133307826166746,0.0,13,positive
2023-09-13 13:00:00,19.657476008109494,28.16719814185027,0.0,0.0,13,positive
2023-09-13 14:00:00,22.808101117295067,36.49888484902853,5.985876644445909,0.016708600153553327,13,positive
2023-09-13 15:00:00,19.043356585356563,41.94741306690919,11.195588865166753,0.11212169028308575,13,positive
2023-09-13 16:00:00,29.591499954534072,33.81538728473784,5.478867909381723,0.1828017099590001,13,positive
2023-09-13 17:00:00,11.124908652049118,38.490774636188725,0.28908947236814164,0.3167472881946639,13,positive
2023-09-13 18:00:00,5.850468746267005,32.37324570992749,16.04816851154547,0.0,13,positive
2023-09-13 19:00:00,27.14868303546502,70.28470845968583,10.02027924060048,0.055730115840173705,13,positive
2023-09-13 20:00:00,16.9794511781133,35.009873123345095,4.835526773695378,0.0,13,positive
2023-09-13 21:00:00,29.88203127407592,50.39234421158318,0.0,0.0,13,positive
2023-09-13 22:00:00,18.28796490469286,43.98633419247878,13.715377942528281,0.0,13,positive
2023-09-13 23:00:00,18.27461362973871,28.764069284869567,10.94285007818857,0.0,13,positive
2023-09-14 00:00:00,20.872305108075864,28.774428368246813,0.0,0.13952554620568433,13,positive
2023-09-14 01:00:00,20.54111232557768,54.06846575385349,8.027452037681774,0.0,13,positive
2023-09-14 02:00:00,19.935209016163814,3.6337573529505782,1.9454108240017867,0.0,13,positive
2023-09-14 03:00:00,20.021276480370695,48.83762359247098,0.0,0.0,13,positive
2023-09-14 04:00:00,18.195900012897717,49.33772873919809,11.363813840833114,0.0,13,positive
2023-09-14 05:00:00,34.33128030467281,29.478693360701506,14.675404176503594,0.03586136563086875,13,positive
2023-09-14 06:00:00,13.35297800187445,46.29119857247508,0.47629630795599187,0.0,13,positive
2023-09-14 07:00:00,22.81050554977061,51.077790929823095,7.702780175225553,0.0,13,positive
2023-09-14 08:00:00,26.074119943399246,25.060256749103324,4.468968462548894,0.0,13,positive
2023-09-14 09:00:00,21.765697526954902,28.890291240435793,7.586079501511662,0.4288038187137525,13,positive
2023-09-19 08:00:00,18.45585274608086,27.919705800769766,0.0,0.0,14,positive
2023-09-19 09:00:00,27.255068089923135,47.54297173521302,8.541088008152663,0.0,14,positive
2023-09-19 10:00:00,27.849843215041936,51.694253445383936,12.92151327738781,0.0,14,positive
2023-09-19 11:00:00,20.642454667470002,15.094129364577373,11.3185937184271,0.33033848256612675,14,positive
2023-09-19 12:00:00,34.55996314704912,54.21935534254559,17.727362279322826,0.0,14,positive
2023-09-19 13:00:00,23.830484735509025,14.2252531801138,9.540482672570402,0.21040432034281406,14,positive
2023-09-19 14:00:00,23.692080107459766,35.81769779464484,10.358667944250675,0.0,14,positive
2023-09-19 15:00:00,29.480161525860677,1.0,8.949967875789222,0.0,14,positive
2023-09-19 16:00:00,36.96038806764972,45.97942007577594,16.424415112912694,0.0,14,positive
2023-09-19 17:00:00,22.022900607416503,42.94123464841628,7.984028585544674,0.0,14,positive
2023-09-19 18:00:00,17.878078046944804,18.317706408857642,10.641885474326223,0.0,14,positive
2023-09-19 19:00:00,19.117711065935218,26.499743647440646,10.525281730998133,0.318685123351267,14,positive
2023-09-19 20:00:00,12.955888027958538,15.684729953365736,12.772549778105075,0.0,14,positive
2023-09-19 21:00:00,26.379894670579876,59.2536379813102,16.096174016965673,0.0,14,positive
2023-09-19 22:00:00,23.97842317629175,46.06808885948138,11.544047576610604,0.06674488731893635,14,positive
2023-09-19 23:00:00,3.324834696849834,28.034964858790474,12.242459245383007,0.2568381716883822,14,positive
2023-09-20 00:00:00,31.918226468856275,34.40968909534711,8.658719301687988,0.0,14,positive
2023-09-20 01:00:00,17.819912329535512,26.79335055278522,9.35583148418388,0.6981744420149865,14,positive
2023-09-20 02:00:00,29.6256390679303,44.79838886904235,13.497082204849201,0.0,14,positive
2023-09-20 03:00:00,8.404187625708449,34.937213665523544,22.494003067797607,0.0,14,positive
2023-09-20 04:00:00,17.564429531946296,41.36768201647011,11.637934537218417,0.2582558482352405,14,positive
2023-09-20 05:00:00,32.95700695227684,32.48863809768589,7.546595776960698,0.0,14,positive
2023-09-20 06:00:00,31.15632111446316,23.67226762697888,0.0,0.0,14,positive
2023-09-20 07:00:00,5.650735310614969,30.4834460729669,13.93437144929409,0.20806315825166397,14,positive
2023-09-20 08:00:00,30.338848525802206,44.30527047804243,20.05167244391704,0.2694970836492465,14,positive
2023-09-20 09:00:00,25.185053416066587,28.428192931810244,12.784006349574355,0.239089095493803,14,positive
2023-09-20 10:00:00,35.75075903555236,27.037760668970353,15.03563262858492,0.0,14,positive
2023-09-20 11:00:00,21.740311447304155,43.136635067898865,9.306321937645961,0.029304559179144207,14,positive
2023-09-20 12:00:00,20.345031415244872,24.47617238667513,6.324644400187347,0.0,14,positive
2023-09-20 13:00:00,28.735586660261006,16.472540417367803,6.911764723821502,0.0,14,positive
2023-09-20 14:00:00,28.71517373679929,8.380220947441419,7.540759623874611,0.0,14,positive
2023-09-20 15:00:00,22.416128874098614,55.16112436510317,3.8909655004269883,0.006499603990770375,14,positive
2023-09-20 16:00:00,28.48260813414817,26.943708205722686,0.0,0.0,14,positive
2023-09-20 17:00:00,31.84446380745361,16.051210732809526,19.679979769736338,0.2344552080977971,14,positive
2023-09-20 18:00:00,22.696086833006,16.713013732285873,8.208051743480071,0.0,14,positive
2023-09-20 19:00:00,10.084048781351303,77.38740453426365,5.523314154906527,0.37666526576436266,14,positive
2023-09-20 20:00:00,29.752287034829237,62.21382325022704,13.632184340021514,0.0,14,positive
2023-09-20 21:00:00,23.711272075957304,6.7794127642250785,12.508525406611781,0.11832863876734082,14,positive
2023-09-20 22:00:00,15.574389411126104,34.95197743953034,10.22503280570506,0.0,14,positive
2023-09-20 23:00:00,34.15266941386305,45.84859373288419,11.223623770321042,0.009510475707137783,14,positive
2023-09-21 00:00:00,35.594943180363224,22.954022835822325,16.68771216493547,0.0,14,positive
2023-09-21 01:00:00,26.1012522589102,50.48019646519131,0.0,0.0,14,positive
2023-09-21 02:00:00,30.81732511935632,48.86765402471127,1.9013833095006127,0.0,14,positive
2023-09-21 03:00:00,1.7090759583908266,41.1948926025913,0.0,0.2918762405935954,14,positive
2023-09-21 04:00:00,31.46179888573927,27.88449778390252,10.606379652270443,0.0,14,positive
2023-09-21 05:00:00,23.93526716011893,17.79110865135275,11.112463116199546,0.34088204013810286,14,positive
2023-09-21 06:00:00,7.360558701364946,33.17107524999512,6.943783601943602,0.0,14,positive
2023-09-21 07:00:00,16.80394007810937,63.285374986783836,8.80302494689721,0.0,14,positive
2023-09-21 08:00:00,30.023278951584622,43.64026121726697,10.210089498541397,0.0,14,positive
2023-09-21 09:00:00,7.403082903622469,8.19728524121334,7.619706273492781,0.09191290775111188,14,positive
2023-09-21 10:00:00,26.638478752385666,35.30025353275258,10.909324672271053,0.14135017470425584,14,positive
2023-09-21 11:00:00,21.91404343673044,14.884148930633238,9.934289671857005,0.43936435709138066,14,positive
2023-09-21 12:00:00,10.248004952823102,29.24708310167307,12.474638457246245,0.0,14,positive
2023-09-21 13:00:00,8.834718210205592,24.91409232958964,0.4931073726159898,0.00046415197092836147,14,positive
2023-09-21 14:00:00,22.941305409071795,43.40447515340155,10.203029603578447,0.09461315701693149,14,positive
2023-09-21 15:00:00,21.90471319291345,30.899146718750483,2.634653364688428,0.043206966653132256,14,positive
2023-09-21 16:00:00,11.429212917390636,22.32251709309621,8.44463435219021,0.1584948926261964,14,positive
2023-09-21 17:00:00,46.51782430315821,14.813066037424885,7.37450639584109,0.0,14,positive
2023-09-21 18:00:00,18.897712992240393,29.79360226827223,12.224400131165691,0.0,14,positive
2023-09-21 19:00:00,20.469443199550728,28.545230562916707,0.9947412797139545,0.0,14,positive
2023-09-21 20:00:00,18.94450627932946,36.10738825109577,10.794736436124126,0.4339882898880859,14,positive
2023-09-21 21:00:00,19.982589888149224,9.187802622694207,10.698672586281756,0.0,14,positive
2023-09-21 22:00:00,27.976985905838205,54.746599217812935,7.060424866534974,0.0,14,positive
2023-09-21 23:00:00,21.866411095309616,40.230529970279576,6.422399993766396,0.0,14,positive
2023-09-22 00:00:00,26.50825768557931,42.463674120412925,6.268551798364212,0.0,14,positive
2023-09-22 01:00:00,25.651025483035617,23.49009209837935,9.071705376851545,0.004510838736237255,14,positive
2023-09-22 02:00:00,6.888420583658679,36.2162252661736,10.572662626872278,0.389076678385167,14,positive
2023-09-22 03:00:00,22.9389260087705,5.342209340756149,14.385405310933187,0.3829893305018811,14,positive
2023-09-22 04:00:00,12.373445365036181,23.183554397625898,9.156121046472602,0.0,14,positive
2023-09-22 05:00:00,18.096297149218387,47.38288111068612,0.0,0.0,14,positive
2023-09-22 06:00:00,5.485087921263339,21.538922856954603,15.540385922720475,0.06352227810368435,14,positive
2023-09-22 07:00:00,23.87672374584354,25.423561890971683,6.891800495745283,0.17529779176250607,14,positive
2023-09-22 08:00:00,9.49615318688734,26.41251236028193,15.174465372251245,0.0,14,positive
2023-09-22 09:00:00,16.007800805907657,35.19790483972161,9.415711297523545,0.11610530804553684,14,positive
2023-09-22 10:00:00,22.615715066015643,44.11909300609159,17.807259118818237,0.23730898710327544,14,positive
2023-09-22 11:00:00,21.6696214772755,57.91178518969266,5.254170708509523,0.6500511227803836,14,positive
2023-09-22 12:00:00,24.0019918052717,51.142625376318726,9.805235675998427,0.1377748286912864,14,positive
2023-09-22 13:00:00,44.13940316670666,13.274099402977416,7.708153773658134,0.3979036322600987,14,positive
2023-09-22 14:00:00,12.127063347686228,31.32879239295093,6.062576339208196,0.005162316788009519,14,positive
2023-09-22 15:00:00,23.983384036152046,41.64957861884012,10.164134523967185,0.6806491679102621,14,positive
2023-09-22 16:00:00,8.832130445330538,38.93582654796093,5.4704047925867405,0.0,14,positive
2023-09-22 17:00:00,37.07607756811957,64.8603469159406,3.2994454948264345,0.3502855909252518,14,positive
2023-09-22 18:00:00,28.967620138011874,46.37531350316603,6.228010279030707,0.24170417794520208,14,positive
2023-09-22 19:00:00,22.003799890932182,36.92159187403159,0.3108327411142824,0.04336333776994106,14,positive
2023-09-22 20:00:00,19.916706291420713,41.97168293150788,9.175568499023091,0.0,14,positive
2023-09-22 21:00:00,21.63429142026653,46.79899601990681,7.005537315574669,0.0,14,positive
2023-09-22 22:00:00,26.551644850991472,22.864917126325423,1.378690786589301,0.4400255439750591,14,positive
2023-09-22 23:00:00,24.266659034855365,33.55221795357725,0.0,0.2899478487984444,14,positive
2023-09-23 00:00:00,31.353849799798116,28.23056493599932,7.172617232862038,0.0,14,positive
2023-09-23 01:00:00,28.363914065636287,50.326266314775665,0.0,3.850946382796816e-05,14,positive
2023-09-23 02:00:00,27.09120348342343,71.92214621036226,4.088369846128581,0.09373147378416663,14,positive
2023-09-23 03:00:00,22.05774765380141,30.869415053642587,11.268319918074106,0.01931356546525495,14,positive
2023-09-23 04:00:00,21.301646840964022,31.389379312809112,10.613599097580636,0.0,14,positive
2023-09-23 05:00:00,19.2801431928257,50.55702408012929,14.298889284517863,0.07486650734831912,14,positive
2023-09-23 06:00:00,20.654162298195796,2.9031651837022565,7.258969568035759,0.0,14,positive
2023-09-23 07:00:00,20.962199847915297,24.93363660923587,7.89630072267199,0.0,14,positive
2023-09-23 08:00:00,11.75426050625297,53.34037223856338,3.1517119331617325,0.0,14,positive
2023-09-23 09:00:00,29.636118772822684,48.71456189344359,11.974241024576756,0.23597411853365005,14,positive
2023-09-23 10:00:00,27.792026468294797,55.59632198909232,10.125112969976866,0.22446894999154418,14,positive
2023-09-23 11:00:00,17.77173435079923,45.44555107583132,4.8645203314529795,0.0,14,positive
2023-09-23 12:00:00,21.49456137466855,36.27873157039154,13.623720994508677,0.0,14,positive
2023-09-23 13:00:00,23.410216285825488,48.486852259986684,0.6386469208315688,0.0,14,positive
2023-09-23 14:00:00,28.63322636303296,35.98400222513891,15.3366690603874,0.0,14,positive
2023-09-23 15:00:00,8.479985856430934,46.54529774934077,12.329036074663874,0.03908339166220984,14,positive
2023-09-23 16:00:00,25.203155200365796,46.1781046644711,3.930683970741268,0.1132488874785221,14,positive
2023-09-23 17:00:00,23.517809433589093,48.561334398405805,2.1702153682100764,0.0,14,positive
2023-09-23 18:00:00,20.04610694636449,41.26938657564146,7.956508149955829,0.0,14,positive
2023-09-23 19:00:00,31.988526246059244,26.9111377756877,6.5395181848927315,0.0,14,positive
2023-09-23 20:00:00,16.29099298523284,42.74114114508575,9.603009781774299,0.0,14,positive
2023-09-23 21:00:00,26.40785828756536,66.3157105444273,4.26070586276545,0.7326853387712111,14,positive
2023-09-23 22:00:00,13.59557603142781,24.44522246252613,3.1283653169154455,0.0,14,positive
2023-09-23 23:00:00,32.02123924445617,58.09488609454872,10.521542509233022,0.0,14,positive
2023-09-24 00:00:00,8.939847663980588,50.797671018322546,0.0,0.0,14,positive
2023-09-24 01:00:00,26.16089785938237,33.46427779926829,7.04523618564247,0.2520309110866118,14,positive
2023-09-24 02:00:00,21.913580884533303,50.05493733106688,8.099839582680094,0.2261013540786598,14,positive
2023-09-24 03:00:00,12.019692315221356,22.85608125566632,9.961668762071792,0.0,14,positive
2023-09-24 04:00:00,26.100384237400156,22.99239349106497,0.0,0.27615631972970633,14,positive
2023-09-24 05:00:00,10.948318503580463,21.534389015371236,11.445312395076417,0.49915788936102834,14,positive
2023-09-24 06:00:00,14.096796370641531,37.297578608893765,19.788496150131845,0.0,14,positive
2023-09-24 07:00:00,23.089754393646814,40.38277304571452,0.0,0.027240917748247967,14,positive
2023-09-24 08:00:00,1.9125690796228874,60.94810841864934,15.636930145778742,0.037786384354734914,14,positive
2023-09-24 09:00:00,23.080920824673637,11.726149962536297,6.903500198746545,0.28415428188017144,14,positive
2023-09-24 10:00:00,23.051327985565713,26.530303006821555,0.0,0.0,14,positive
2023-09-24 11:00:00,21.43932959177875,8.648992199557561,3.3786715896422894,0.0,14,positive
2023-09-24 12:00:00,20.946051794304225,38.110084544192276,5.483914678607377,0.06349371410149088,14,positive
2023-09-24 13:00:00,22.630417923779532,50.934685779081946,6.214029609596405,0.28123789192484894,14,positive
2023-09-24 14:00:00,17.48409021220834,21.45005012366192,2.868497249521212,0.0,14,positive
2023-09-24 15:00:00,8.24371127307373,39.41844265741716,0.0,0.0,14,positive
2023-09-24 16:00:00,11.189986047229175,29.28059888929861,11.022701995661796,0.10104972403016296,14,positive
2023-09-24 17:00:00,13.375995833750745,32.745238258604125,4.381206626122289,0.39145791940043106,14,positive
2023-09-24 18:00:00,16.280213360243643,47.36099713455408,5.559720678848102,0.050541070737239624,14,positive
2023-09-24 19:00:00,25.32783404715787,19.849840082388873,6.1664740892746135,0.017550663185837062,14,positive
2023-09-24 20:00:00,28.400549223573712,10.418305151521206,1.2952430978209488,0.6002116779630667,14,positive
2023-09-24 21:00:00,27.463574345106604,53.495904122341585,14.902710953864215,0.0,14,positive
2023-09-24 22:00:00,21.33688370913584,46.91938718470989,2.277496912841448,0.7039932690451499,14,positive
2023-09-24 23:00:00,25.493100621491912,19.91482374276725,7.673466339172596,0.13514369876323226,14,positive
2023-09-25 00:00:00,23.984956473426372,49.06687307787578,12.160375941458657,0.0,14,positive
2023-09-25 01:00:00,18.463877756244756,36.61643133014481,5.018947916625393,0.05440301454759747,14,positive
2023-09-25 02:00:00,42.94538738864331,37.73284551325311,10.251225085187741,0.05026461862231188,14,positive
2023-09-25 03:00:00,30.160587331438943,46.40408633995136,11.836762773275424,0.0,14,positive
2023-09-25 04:00:00,30.273520766134165,54.075277949520995,9.415494596746475,0.08526482048005024,14,positive
2023-09-25 05:00:00,29.156567920918086,21.438120401603847,4.410198596923367,0.0,14,positive
2023-09-25 06:00:00,8.069143452494837,47.413929103451366,3.1854305626708843,0.18985617086380305,14,positive
2023-09-25 07:00:00,20.29376323456183,35.58930232355825,6.2817336178847905,0.0,14,positive
2023-09-25 08:00:00,21.522978940876687,28.294535635593107,4.134027711806174,0.023405665915351176,14,positive
2023-09-25 09:00:00,5.164754381866377,31.914272614857758,5.655502640578922,0.0,14,positive
2023-09-25 10:00:00,10.36565762784793,27.503219881345938,7.48820133005122,0.0,14,positive
2023-09-25 11:00:00,24.657479734363392,17.247676836967074,5.562616406396701,0.13550846922499057,14,positive
2023-09-25 12:00:00,12.39380107261546,33.82033597441444,7.954397737368622,0.09519935505727564,14,positive
2023-09-25 13:00:00,43.56601426239132,28.809028108286768,10.248825796838988,0.1481531670724284,14,positive
2023-09-25 14:00:00,26.221983935995233,48.061813952779026,5.06017981626951,0.0,14,positive
2023-09-25 15:00:00,14.837761840873014,17.833942819251625,13.183977162501032,0.0,14,positive
2023-09-25 16:00:00,2.6911013719354386,61.480342347404346,3.9895233846869687,0.0,14,positive
2023-09-25 17:00:00,35.12725204395452,32.8738685871854,7.183316988990683,0.06671908656179262,14,positive
2023-09-25 18:00:00,8.921330402979468,32.504206031058075,9.814048870374474,0.0,14,positive
2023-09-25 19:00:00,18.149911356246275,35.303866990204135,0.0,0.2574618271773249,14,positive
2023-09-25 20:00:00,23.29124675816037,64.60491341274286,8.037398232145236,0.23328869579010594,14,positive
2023-09-25 21:00:00,21.594214927289446,30.083002999762446,10.173539343851989,0.0,14,positive
2023-09-25 22:00:00,11.92042639157885,10.46385067708971,9.31454101316508,0.40425064078625994,14,positive
2023-09-25 23:00:00,22.634783072413754,47.199460308803104,13.064045771018002,0.08516474587040956,14,positive
2023-09-26 00:00:00,15.484068097108734,37.929621275683466,14.035364438002404,0.0,14,positive
2023-09-26 01:00:00,27.985962742629248,28.061806374622613,6.988231201272589,0.0,14,positive
2023-09-26 02:00:00,21.589295979705632,52.519374740185384,0.0,0.06259207272459363,14,positive
2023-09-26 03:00:00,21.364028994441167,14.427482878337766,11.358836082937325,0.0,14,positive
2023-09-26 04:00:00,19.14373880517472,62.73172861631065,13.04986824769528,0.0,14,positive
2023-09-26 05:00:00,25.046215477155233,32.529799663319864,17.996886326850507,0.0,14,positive
2023-09-26 06:00:00,16.00360068827798,13.998465826735192,10.834190009946347,0.0,14,positive
2023-09-26 07:00:00,10.56849466443066,41.428792485673725,6.654864198442397,0.0,14,positive
2020-08-21 00:00:00,25.533921716647253,25.87603967684241,11.164223822121023,0.0,15,negative
2020-08-21 01:00:00,18.53694501455223,27.01592890067933,13.654872139031355,0.03401966843870485,15,negative
2020-08-21 02:00:00,32.97954544451402,61.7522730528029,4.306404315727756,0.8903643082796543,15,negative
2020-08-21 03:00:00,20.092571776217607,50.66764314906909,6.290140513199295,0.0,15,negative
2020-08-21 04:00:00,17.290255150776254,28.77779267950956,14.4859654534687,0.05441587876435039,15,negative
2020-08-21 05:00:00,32.26878904086509,42.41330178917743,6.453846380247578,0.0,15,negative
2020-08-21 06:00:00,26.49287000599681,47.30638443999063,12.983963428504346,0.205111162607612,15,negative
2020-08-21 07:00:00,23.40164685123578,43.7606061388299,6.08017487031569,0.0,15,negative
2020-08-21 08:00:00,15.549831466383013,31.38446836178022,11.311035696101506,0.37843865502756535,15,negative
2020-08-21 09:00:00,11.151622330123034,26.03982479105026,6.210687514683741,0.07340567356683414,15,negative
2020-08-21 10:00:00,17.775115716892,28.554014975787922,0.9400371142488799,0.0,15,negative
2020-08-21 11:00:00,20.708807403227564,25.18932447530605,6.702433877589517,0.0,15,negative
2020-08-21 12:00:00,13.960904733441255,22.37510553344606,14.261262237328104,0.0,15,negative
2020-08-21 13:00:00,21.71732358164841,29.775513212771653,12.157790112419093,0.0,15,negative
2020-08-21 14:00:00,30.673506776128775,17.217925495284742,14.524555089221646,0.6420487532546542,15,negative
2020-08-21 15:00:00,15.959763699641325,32.4600845484729,12.15564217624366,0.24914480097698063,15,negative
2020-08-21 16:00:00,19.95690870516586,47.56498800316962,8.699302903797175,0.0,15,negative
2020-08-21 17:00:00,16.335717736332054,41.1535226663243,7.5874113209219916,0.0,15,negative
2020-08-21 18:00:00,28.777291944556026,27.795874570633693,15.960598239943973,0.1463404976222927,15,negative
2020-08-21 19:00:00,20.55433122887991,24.500334733411584,3.1228873981133063,0.4839028903205804,15,negative
2020-08-21 20:00:00,36.16454087229585,37.150552551192554,4.041459806012855,0.48163768139887964,15,negative
2020-08-21 21:00:00,8.22909962921851,26.953052838218973,4.8315600793066995,0.0,15,negative
2020-08-21 22:00:00,3.8225295965131885,33.624776074302,13.138648875735539,0.0,15,negative
2020-08-21 23:00:00,6.844430816662886,22.979108611412666,3.728830695127324,0.118239354556295,15,negative
2020-08-22 00:00:00,12.241820256988373,60.23394873090021,8.217612358428699,0.0,15,negative
2020-08-22 01:00:00,34.74170987026222,34.75928563874978,10.001517032493444,0.5047493023500745,15,negative
2020-08-22 02:00:00,11.035983479564932,25.84457552743654,18.93487919472412,0.10523787329459425,15,negative
2020-08-22 03:00:00,24.1962786968884,20.354399147222004,12.556254004919229,0.07471274092530325,15,negative
2020-08-22 04:00:00,9.463548402540951,26.616693156775312,17.772454559807237,0.2612419282834162,15,negative
2020-08-22 05:00:00,18.39010457399565,24.887014727030238,0.0,0.21128661735069956,15,negative
2020-08-22 06:00:00,23.296102015904957,46.843343812953684,12.55353756662582,0.26491154055190735,15,negative
2020-08-22 07:00:00,26.448222998076673,24.49041698230196,10.685212666803428,0.0715036438819342,15,negative
2020-08-22 08:00:00,25.675668127735502,40.67751987928048,8.344018128475321,0.0,15,negative
2020-08-22 09:00:00,9.436807429114516,19.0262567266859,6.649701632234828,0.0,15,negative
2020-08-22 10:00:00,18.74508388356236,29.38054557383675,14.548418933333469,0.0,15,negative
2020-08-22 11:00:00,30.235436608511023,39.52512078214577,5.321663643839673,0.33502273524038406,15,negative
2020-08-22 12:00:00,27.83541067145738,52.901019896638715,7.338449685327833,0.0,15,negative
2020-08-22 13:00:00,8.257581940624785,30.103810848246695,0.0,0.0,15,negative
2020-08-22 14:00:00,26.77546585119787,25.464994857541328,2.451762029956021,0.0,15,negative
2020-08-22 15:00:00,13.090902754791955,19.726598545984213,4.170270299866541,0.3525303069216388,15,negative
2020-08-22 16:00:00,26.966379513179188,52.89008350123494,13.224856494733508,0.26330495067063986,15,negative
2020-08-22 17:00:00,30.16417579005067,24.935005790354595,0.0,0.07836125812047554,15,negative
2020-08-22 18:00:00,15.549915885789702,25.52019392301235,3.2031263537905543,0.0,15,negative
2020-08-22 19:00:00,26.960137712748626,60.728856539938576,0.0,0.7044592055155905,15,negative
2020-08-22 20:00:00,23.615523591577496,23.128306119077486,11.828709387182965,0.45146319532583556,15,negative
2020-08-22 21:00:00,16.207126215171016,45.75099511558132,12.781951331709845,0.22643774939475422,15,negative
2020-08-22 22:00:00,15.470246187035649,39.05419350853089,6.833658957737166,0.0,15,negative
2020-08-22 23:00:00,17.90079825118531,48.87474870983134,9.24940113163397,0.4228192820987471,15,negative
2020-08-23 00:00:00,32.690609163825,41.88471153299961,5.46761442557424,0.0,15,negative
2020-08-23 01:00:00,25.725317618226835,74.0505166521146,9.550514442473432,0.0,15,negative
2020-08-23 02:00:00,24.323391130368254,33.51352112197823,6.7060422520621685,0.0,15,negative
2020-08-23 03:00:00,26.16940601451084,52.315818494666374,9.544252791518822,0.0,15,negative
2020-08-23 04:00:00,19.38516802720813,15.155945856452288,16.30606921786155,0.381420685340361,15,negative
2020-08-23 05:00:00,29.739523681103254,39.148262861638,9.518659154197035,0.0,15,negative
2020-08-23 06:00:00,15.697608890986613,20.471968992620376,16.642326944024685,0.0,15,negative
2020-08-23 07:00:00,31.002141969501206,55.773604064678764,5.9457653495039295,0.2410905725914891,15,negative
2020-08-23 08:00:00,22.36008620393078,17.641792954746666,7.07260012047872,0.0,15,negative
2020-08-23 09:00:00,18.007765959913137,30.12735206942208,7.133165723071775,0.04941671591576513,15,negative
2020-08-23 10:00:00,7.327608503164484,42.52464948540889,6.733304613739175,0.0,15,negative
2020-08-23 11:00:00,19.776994342749877,45.01064365750135,11.622617970102803,0.22341966881103556,15,negative
2020-08-23 12:00:00,30.74193053165302,54.03249492650865,12.081879709753071,0.0,15,negative
2020-08-23 13:00:00,25.955532393703013,42.48800988707854,3.9218428317672416,0.0932303721210464,15,negative
2020-08-23 14:00:00,5.817795029003555,36.047832351682274,9.490198574334592,0.050704385705627575,15,negative
2020-08-23 15:00:00,30.368258660410902,37.283272239446184,14.747263074576765,0.0,15,negative
2020-08-23 16:00:00,13.46933142496679,41.874218199352235,11.350553474360506,0.05757439933660183,15,negative
2020-08-23 17:00:00,10.463256021521,36.50444096459909,2.9957768234190763,0.0,15,negative
2020-08-23 18:00:00,18.74258655658726,60.86901659739948,0.0,0.015669492123675743,15,negative
2020-08-23 19:00:00,33.43514112081056,21.64543526169055,7.203995321864823,0.0,15,negative
2020-08-23 20:00:00,16.529858862781737,38.66933961671422,1.522891995004481,0.0,15,negative
2020-08-23 21:00:00,26.127953901476587,31.773594329200353,2.998979000071122,0.0,15,negative
2020-08-23 22:00:00,27.8420556929348,19.38219243044388,1.5294621748872936,0.0,15,negative
2020-08-23 23:00:00,26.362185323897723,39.13359348443819,11.95041356222857,0.07540748433434802,15,negative
2020-08-24 00:00:00,14.602126099999143,48.78269732621749,5.23275743274418,0.09381744995303201,15,negative
2020-08-24 01:00:00,9.600601287077007,26.45284363515801,13.046981604707566,0.0,15,negative
2020-08-24 02:00:00,28.516030571611996,1.0,5.20304170178407,0.0,15,negative
2020-08-24 03:00:00,35.94032242673924,17.464056799783222,11.354966477235449,0.0,15,negative
2020-08-24 04:00:00,16.228082822045806,29.397140768409653,8.708143869059517,0.07726838611682638,15,negative
2020-08-24 05:00:00,18.359174305109146,54.14168061419624,10.613274054322103,0.6186433088863201,15,negative
2020-08-24 06:00:00,22.904578894691866,43.713580482946576,11.862050739550568,0.0,15,negative
2020-08-24 07:00:00,34.27776754623736,54.745223018069915,11.386288151766063,0.0,15,negative
2020-08-24 08:00:00,13.838208745835255,30.100943051051104,8.303825488222055,0.0,15,negative
2020-08-24 09:00:00,25.957545068362048,54.31193395772708,10.882370699154386,0.04417633891239928,15,negative
2020-08-24 10:00:00,15.644772820796074,39.49778516261118,7.233481423309101,0.0034945556034619296,15,negative
2020-08-24 11:00:00,26.813770980845078,51.378357933419935,2.3393828553523903,0.3824480381085076,15,negative
2020-08-24 12:00:00,19.092199968309412,33.52047434096958,12.32204426334372,0.31646470037038965,15,negative
2020-08-24 13:00:00,33.18754920306923,41.383853755524015,7.449916046221029,0.0,15,negative
2020-08-24 14:00:00,8.12195998084265,55.09602567347906,6.3905079310716495,0.0,15,negative
2020-08-24 15:00:00,27.431972205939463,16.32026736424791,3.3832680377018267,0.03653158161023626,15,negative
2020-08-24 16:00:00,24.323484125468354,26.29121503552226,7.368264944362281,0.0,15,negative
2020-08-24 17:00:00,35.07427074937514,49.49222046498019,7.237623753292069,0.0,15,negative
2020-08-24 18:00:00,30.432069120487405,42.146412504419295,0.711008109611174,0.2946516226154342,15,negative
2020-08-24 19:00:00,47.009383542339904,35.24752636121632,4.290147028321716,0.005591244280340191,15,negative
2020-08-24 20:00:00,36.176791867435355,47.71639234366532,15.037195569586139,0.0,15,negative
2020-08-24 21:00:00,32.03215388266229,22.27519415678134,8.81295490457529,0.0,15,negative
2020-08-24 22:00:00,33.05957545500176,39.78264560210683,4.872441291318926,0.5509654297882353,15,negative
2020-08-24 23:00:00,8.588694380318074,1.0,12.156706850541436,0.3621086735361796,15,negative
2020-08-25 00:00:00,19.908661608157857,47.46420019049922,14.985051925222994,0.0,15,negative
2020-08-25 01:00:00,37.4245826417425,42.54033701085916,9.511067317899974,0.023785833140637758,15,negative
2020-08-25 02:00:00,2.436271839877712,26.206207140863327,8.114651752838062,0.13117078943659652,15,negative
2020-08-25 03:00:00,18.38595261541743,62.59063349340843,13.520119428908394,0.0,15,negative
2020-08-25 04:00:00,18.24346791222099,15.844940771722342,11.524968930030685,0.27265709539410554,15,negative
2020-08-25 05:00:00,6.268268232843617,36.51175387715087,10.194894418009127,0.2698718540220597,15,negative
2020-08-25 06:00:00,21.413161643385802,29.409932558204275,17.93132340244764,0.505556848204368,15,negative
2020-08-25 07:00:00,27.75649465278348,26.906905349356123,11.449548258179163,0.3186034776782939,15,negative
2020-08-25 08:00:00,18.30345963425093,16.87588640860919,4.975133390652663,0.0757958217848177,15,negative
2020-08-25 09:00:00,17.10139288557042,45.77384188211126,15.5863259102852,0.011952126382290734,15,negative
2020-08-25 10:00:00,29.95013684045024,42.966289372080126,8.582184652917665,0.4567262350166046,15,negative
2020-08-25 11:00:00,36.71950471993483,25.440966312371714,3.2039954991196256,0.0,15,negative
2020-08-25 12:00:00,29.955423757892436,51.9405143469253,5.3148153333303245,0.19913898473380684,15,negative
2020-08-25 13:00:00,21.466214888137337,37.7052162013305,5.383277908622011,0.06691026246738463,15,negative
2020-08-25 14:00:00,24.745534414037092,43.79695208545703,8.795328415133408,0.06058422998586746,15,negative
2020-08-25 15:00:00,25.668573505447693,21.07888057796327,9.86531547687564,0.013489125343199876,15,negative
2020-08-25 16:00:00,31.241131729558752,41.241607224255695,3.1737474063423194,0.12217536543559018,15,negative
2020-08-25 17:00:00,18.518815349976553,37.84195862204787,7.388819493462034,0.06186711631283762,15,negative
2020-08-25 18:00:00,12.96223972547959,3.5221733763997456,0.0,0.23684124273041166,15,negative
2020-08-25 19:00:00,40.56184300114285,61.951692856871404,3.108842939385144,0.0,15,negative
2020-08-25 20:00:00,10.283363919598674,15.318357037128184,2.012637011848101,0.09017134746801361,15,negative
2020-08-25 21:00:00,20.54032311830419,38.79052956210288,11.316081948521415,0.0,15,negative
2020-08-25 22:00:00,22.289615765301026,18.59281239964686,1.2775148787140935,0.0,15,negative
2020-08-25 23:00:00,27.19398240902582,29.93138227867635,0.0,0.08694681127733406,15,negative
2020-08-26 00:00:00,12.009429345711332,59.905682284594576,5.105891392065868,0.0,15,negative
2020-08-26 01:00:00,30.7117042190799,20.67607321164438,8.380235587773539,0.015535984343369919,15,negative
2020-08-26 02:00:00,22.924369379280854,40.41651138964727,1.3518530322042315,0.3912804182736255,15,negative
2020-08-26 03:00:00,18.110686446618327,40.24176834926211,12.599944227757321,0.09826707625686903,15,negative
2020-08-26 04:00:00,24.78975780391579,44.631924442767755,11.442055269443927,0.0,15,negative
2020-08-26 05:00:00,21.727594404297832,37.459354901635834,12.660334044880557,0.399940128341594,15,negative
2020-08-26 06:00:00,11.317860218576115,42.39845261874156,6.969881576920277,0.0,15,negative
2020-08-26 07:00:00,26.004335435038698,56.46699522543872,0.0,0.0,15,negative
2020-08-26 08:00:00,1.7034598740345466,28.99570054727729,17.2025795612129,0.19744309997848772,15,negative
2020-08-26 09:00:00,22.719507166567936,46.44299301160333,0.0,0.0,15,negative
2020-08-26 10:00:00,22.513704575690465,62.934814598731094,1.8212958450108836,0.03618951866807546,15,negative
2020-08-26 11:00:00,14.573153673411074,19.48382294462931,13.63701363532289,0.0,15,negative
2020-08-26 12:00:00,17.555462428587834,27.232311482861967,5.18386461527302,0.0,15,negative
2020-08-26 13:00:00,11.884437245685884,31.119056861521997,6.203966541739277,0.0,15,negative
2020-08-26 14:00:00,23.240370050439797,38.598342201772375,5.216763928541462,0.0,15,negative
2020-08-26 15:00:00,39.26898981520685,66.80649887903206,2.7295490493513217,0.004330712752534743,15,negative
2020-08-26 16:00:00,13.524773784064028,50.85580909958359,6.007353502121529,0.16731811863859605,15,negative
2020-08-26 17:00:00,37.97573866624707,34.843028085343065,11.531243608786603,0.0,15,negative
2020-08-26 18:00:00,17.294261186432404,50.887425976127886,3.7514959544990703,0.10303578482538925,15,negative
2020-08-26 19:00:00,13.292097410985667,21.136108837750296,5.866178388357323,0.0,15,negative
2020-08-26 20:00:00,20.133341270595228,27.380386441377247,11.95005549305916,0.0,15,negative
2020-08-26 21:00:00,16.338900551205626,28.121738608611395,6.826909807395511,0.18010505926105466,15,negative
2020-08-26 22:00:00,15.421562556348466,24.20359002574019,2.3570792419142457,0.6273433920176571,15,negative
2020-08-26 23:00:00,24.456028989003958,38.04354996609815,14.41380926417676,0.0,15,negative
2020-08-27 00:00:00,41.17693371625447,33.891908486883565,6.697352181018965,0.0,15,negative
2020-08-27 01:00:00,27.572625339810607,36.77801362169508,11.256331525053417,0.0,15,negative
2020-08-27 02:00:00,24.812833512213597,38.07799426930913,8.695175199468434,0.3612429204296086,15,negative
2020-08-27 03:00:00,31.51459718842719,65.75461368467018,2.448279868511923,0.038960230802190826,15,negative
2020-08-27 04:00:00,-1.022801210723113,45.029149242236876,0.0,0.0,15,negative
2020-08-27 05:00:00,11.495802705965996,31.76582757575906,12.193968491839144,0.1636241942993407,15,negative
2020-08-27 06:00:00,19.12416248387489,27.299468467759148,15.905243419359373,0.05907278697602389,15,negative
2020-08-27 07:00:00,12.58226309381262,27.930584314544006,15.780521191927658,0.0,15,negative
2020-08-27 08:00:00,14.654132300756627,30.993941924253665,6.82445425795926,0.0,15,negative
2020-08-27 09:00:00,8.318302749426483,24.835674269150473,14.945996529326873,0.0320331647952771,15,negative
2020-08-27 10:00:00,21.173970956312647,37.10788470280361,19.09070697356063,0.008706329211877306,15,negative
2020-08-27 11:00:00,30.751562828668092,26.027297419232053,6.703003697487543,0.3575194243447264,15,negative
2020-08-27 12:00:00,15.806936465204924,31.944233290955637,12.44025467906635,0.047718011538505994,15,negative
2020-08-27 13:00:00,22.000712247709107,45.63100327483899,3.877669755936278,0.21226447794873607,15,negative
2020-08-27 14:00:00,22.58306783769058,32.523161549910654,0.0,0.2081131815455747,15,negative
2020-08-27 15:00:00,24.972739329162422,61.18017528203701,10.839445770558065,0.0706853429603975,15,negative
2020-08-27 16:00:00,12.32716341102449,33.09766256520568,14.103732211644319,0.0,15,negative
2020-08-27 17:00:00,29.721781031784822,45.99976796900499,9.373618242249101,0.0,15,negative
2020-08-27 18:00:00,14.10963876342052,61.63068941154971,11.159312588620153,0.0,15,negative
2020-08-27 19:00:00,18.69720201438199,35.56807444384967,8.823586349850164,0.0023192801087175974,15,negative
2020-08-27 20:00:00,27.874722307775475,23.262927112173628,0.6670151725649784,0.06638477581277083,15,negative
2020-08-27 21:00:00,8.022261301401906,30.145085075095434,5.454050849441186,0.0,15,negative
2020-08-27 22:00:00,37.86077628389047,5.831140641446584,19.370925151592004,0.34328773848201855,15,negative
2020-08-27 23:00:00,24.78246945738064,13.777517635644251,12.984357851131602,0.021118441799067134,15,negative
2023-07-26 00:00:00,21.508260710493705,5.939223276455692,8.368984069237136,0.06366372021889158,16,negative
2023-07-26 01:00:00,20.10977091613449,52.61299018466226,13.664475859456813,0.0,16,negative
2023-07-26 02:00:00,34.76091087037914,35.679424464876234,8.248726253939154,0.13372152396063872,16,negative
2023-07-26 03:00:00,22.554526007529006,1.0,7.072468009051397,0.0,16,negative
2023-07-26 04:00:00,35.010685617725414,58.79124487581801,12.25969166227794,0.06655599652630811,16,negative
2023-07-26 05:00:00,13.935880507170411,25.136284980865927,17.713209532130165,0.0,16,negative
2023-07-26 06:00:00,3.1552371649114903,50.4524826272809,15.502515568089468,0.022372305570023288,16,negative
2023-07-26 07:00:00,30.306784033994628,53.02279515852172,8.264670370267709,0.6884675557825591,16,negative
2023-07-26 08:00:00,22.223048332000108,44.32359158629126,7.323649717168748,0.0,16,negative
2023-07-26 09:00:00,14.287055687853421,19.97391885091961,17.19074257383035,0.045518532088820396,16,negative
2023-07-26 10:00:00,21.978822950031173,39.2228540763939,3.095709714814906,0.04706379029666069,16,negative
2023-07-26 11:00:00,36.0771933729136,12.0615383008296,10.31941649851197,0.0,16,negative
2023-07-26 12:00:00,26.22085211911406,59.64226501772704,18.180091060855762,0.0,16,negative
2023-07-26 13:00:00,27.385389377250863,36.26350558589089,4.8394235353015205,0.0,16,negative
2023-07-26 14:00:00,27.371996228001983,38.25393028125478,3.5940939525694127,0.03632931030309697,16,negative
2023-07-26 15:00:00,18.35274063860274,22.363340676039435,9.567697908028343,0.026188536147427915,16,negative
2023-07-26 16:00:00,29.83614080709757,22.135664777590534,5.112606568856034,0.0,16,negative
2023-07-26 17:00:00,20.684033087416637,35.45196543877451,7.124481393021753,0.0,16,negative
2023-07-26 18:00:00,31.374469445720234,51.69812150883271,8.13283805678774,0.0,16,negative
2023-07-26 19:00:00,37.401704622074035,47.84463465433276,5.716705093038051,0.24059232501389818,16,negative
2023-07-26 20:00:00,17.71512867792724,56.16055104782984,15.391422946922457,0.13346938741978218,16,negative
2023-07-26 21:00:00,26.654066424167688,46.73286055941993,21.074545997931658,0.500353680334549,16,negative
2023-07-26 22:00:00,33.460346215950636,35.260190270503315,1.7931790820971534,0.33539064016586473,16,negative
2023-07-26 23:00:00,22.019718088797656,19.116647103270665,9.560868094257646,0.029406605855013646,16,negative
2023-07-27 00:00:00,23.9056052324961,26.872338659301853,7.25763965796517,0.0,16,negative
2023-07-27 01:00:00,23.73857301984839,51.64746143360047,9.359698766930446,0.0,16,negative
2023-07-27 02:00:00,17.50143142409047,37.49031576344955,13.62062242477057,0.0,16,negative
2023-07-27 03:00:00,36.19748273269964,36.95921596368957,11.816545877512468,0.0,16,negative
2023-07-27 04:00:00,25.439052585291865,18.871038478087073,7.687304021226251,0.0,16,negative
2023-07-27 05:00:00,24.428433889523436,22.042801712295066,10.038945029789527,0.0,16,negative
2023-07-27 06:00:00,14.314047094739589,66.54709300085752,13.334060131333764,0.17194159955775354,16,negative
2023-07-27 07:00:00,18.86541367801967,30.33815775541701,15.712409334220752,0.0,16,negative
2023-07-27 08:00:00,-2.662441143590506,71.31407773488255,8.915311784861425,0.2284557307227704,16,negative
2023-07-27 09:00:00,30.69355850747837,41.981042409673805,11.734543088584049,0.0,16,negative
2023-07-27 10:00:00,12.161637408268907,39.20349172209795,15.15807326137295,0.0,16,negative
2023-07-27 11:00:00,16.17580804144179,53.31528890569906,5.7137739742945435,0.0,16,negative
2023-07-27 12:00:00,19.014845816430064,34.025285285142814,0.13180952048980554,0.0,16,negative
2023-07-27 13:00:00,23.842944153117777,38.34856904262244,13.789965262897937,0.0,16,negative
2023-07-27 14:00:00,34.09986757331522,48.719785761109016,7.256327046163963,0.0,16,negative
2023-07-27 15:00:00,22.143027460067216,43.78368154659347,12.109688991228339,0.0,16,negative
2023-07-27 16:00:00,21.03059622899158,46.802933597633924,14.304362525417513,0.019242740670655817,16,negative
2023-07-27 17:00:00,21.74389555869281,22.4922696124099,3.7121628530594624,0.0,16,negative
2023-07-27 18:00:00,24.05660158939944,42.7970563033345,0.9273384102798508,0.0,16,negative
2023-07-27 19:00:00,23.94628372244315,21.504801348535963,10.169520765298024,0.27408424688102984,16,negative
2023-07-27 20:00:00,16.212637826645945,35.798081486733466,9.961401647895503,0.1733352820365144,16,negative
2023-07-27 21:00:00,20.05910096148762,42.01517565960662,4.189549083416162,0.08860063892618589,16,negative
2023-07-27 22:00:00,9.707409234481965,28.729237039145456,1.4079086184743081,0.1434765009889025,16,negative
2023-07-27 23:00:00,35.31954280938143,14.321024184669778,6.586975742611496,0.25411492679355063,16,negative
2023-07-28 00:00:00,25.265040663805678,29.484150687866006,7.215586827403809,0.0,16,negative
2023-07-28 01:00:00,35.566175445019525,27.03719588784136,4.211948585558586,0.16784788170501277,16,negative
2023-07-28 02:00:00,22.824768260078432,13.914689452731306,5.681086875891027,0.0,16,negative
2023-07-28 03:00:00,30.592988081872846,27.37405418949791,9.98465164002808,0.0,16,negative
2023-07-28 04:00:00,22.525390585134648,36.97260431679268,1.9841984706962563,0.0,16,negative
2023-07-28 05:00:00,39.68962059404979,48.982615658613256,7.357937085843465,0.0,16,negative
2023-07-28 06:00:00,14.67860247701346,52.47824573113042,0.3366277157644273,0.0,16,negative
2023-07-28 07:00:00,11.217681998555516,38.85913872636312,8.279851267893784,0.0,16,negative
2023-07-28 08:00:00,30.736456201010455,26.493515404958146,9.634258739036621,0.0,16,negative
2023-07-28 09:00:00,10.134230328830535,23.773784874884242,8.26930483657917,0.016793861494742462,16,negative
2023-07-28 10:00:00,33.369902127372264,31.761803019081196,6.4176447867505795,0.0,16,negative
2023-07-28 11:00:00,24.639872737416265,30.543236394528627,6.629838685871407,0.0,16,negative
2023-07-28 12:00:00,26.413024496722713,26.544041702311084,4.1392095554554755,0.036560528841952905,16,negative
2023-07-28 13:00:00,-2.2057992150606793,25.944827395074718,2.24345250296318,0.0,16,negative
2023-07-28 14:00:00,18.472537899656828,26.589258270991536,7.75688757373363,0.061177117784261104,16,negative
2023-07-28 15:00:00,18.77881473477172,36.45665615634745,5.8897978274686595,0.1396934297806461,16,negative
2023-07-28 16:00:00,30.814259708219144,28.561738215919444,2.9492116314434567,0.2685023909941048,16,negative
2023-07-28 17:00:00,22.485095180722244,39.599007646787335,0.8592167810802511,0.0,16,negative
2023-07-28 18:00:00,28.11238111859798,49.620337074179346,9.499445423702989,0.0,16,negative
2023-07-28 19:00:00,39.48020675662657,30.4771759868406,2.7715424955522163,0.14647611050942885,16,negative
2023-07-28 20:00:00,36.04539144185853,61.53180888047986,3.377001290328847,0.0,16,negative
2023-07-28 21:00:00,19.408071699750625,53.36385308218975,1.5634890075984496,0.0,16,negative
2023-07-28 22:00:00,39.34011581249729,39.68559930380113,10.272066529592802,0.0,16,negative
2023-07-28 23:00:00,25.72627938974419,12.28691174988521,3.7953971656988514,0.0,16,negative
2023-07-29 00:00:00,3.8328728567980654,30.462235792786565,6.1791781483279635,0.011889519029234963,16,negative
2023-07-29 01:00:00,17.59134553743215,20.061621111882545,0.0,0.19030109002495424,16,negative
2023-07-29 02:00:00,19.599008105630055,14.370776801469834,8.312667064168853,0.2131557247868129,16,negative
2023-07-29 03:00:00,26.207505972820012,28.084640725068276,0.0,0.1800330255415842,16,negative
2023-07-29 04:00:00,12.135591679126959,35.94905382261862,3.9586577828365357,0.0,16,negative
2023-07-29 05:00:00,26.25294560642699,51.95059919434205,9.651927473107866,0.0,16,negative
2023-07-29 06:00:00,7.750887998190578,30.237125092001687,6.875455340756959,0.05342564872380687,16,negative
2023-07-29 07:00:00,17.95016537674457,38.97289263584184,9.128786715423761,0.0,16,negative
2023-07-29 08:00:00,20.93004734155093,47.4168042303972,0.0,0.0,16,negative
2023-07-29 09:00:00,3.733245243003786,46.789774627,11.36833468894368,0.38072060605517155,16,negative
2023-07-29 10:00:00,16.581105314350456,26.546785136980006,7.394761786688447,0.049039317987797953,16,negative
2023-07-29 11:00:00,35.55062502097641,46.907127347620445,9.655098624017505,0.0,16,negative
2023-07-29 12:00:00,19.95326034280353,29.13587704276558,7.354889396930945,0.2352080889993309,16,negative
2023-07-29 13:00:00,20.5999250850271,18.238879343240896,13.125039094497891,0.00510711918787643,16,negative
2023-07-29 14:00:00,33.436499180382604,10.560757956287159,17.508484734610363,0.15182030839400615,16,negative
2023-07-29 15:00:00,12.413535399334354,25.687676797053648,14.538603459849323,0.0,16,negative
2023-07-29 16:00:00,20.049365995827426,23.11058848032259,1.1203242466965007,0.11577816014930067,16,negative
2023-07-29 17:00:00,28.389114088389118,55.28675565638525,9.984090634905622,0.034466779532294295,16,negative
2023-07-29 18:00:00,25.71897044677367,29.4542446214597,5.205790165359366,0.010014617156976047,16,negative
2023-07-29 19:00:00,29.58071653931632,41.84288956121462,10.505956114540613,0.215318948964739,16,negative
2023-07-29 20:00:00,23.410302071198476,14.933526107052785,7.350860095769033,0.3081748486126321,16,negative
2023-07-29 21:00:00,9.45507088692356,30.16532233621983,19.875590731374658,0.0,16,negative
2023-07-29 22:00:00,12.051355259681097,38.25162195039215,16.847114530073014,0.35885853767191367,16,negative
2023-07-29 23:00:00,27.61713481843325,29.935943739852842,5.446892055303117,0.0,16,negative
2023-07-30 00:00:00,16.733684874991166,45.86404008076617,0.0,0.33746167110466585,16,negative
2023-07-30 01:00:00,22.314504098422017,31.77918697098705,0.0,0.0,16,negative
2023-07-30 02:00:00,31.58921178506543,31.871015029499517,9.391992329364106,0.0,16,negative
2023-07-30 03:00:00,21.767562910196393,14.417719278200309,8.499411271439437,0.25162061336566566,16,negative
2023-07-30 04:00:00,24.564917817480143,21.446227542647573,6.289745079497492,0.03569115422238747,16,negative
2023-07-30 05:00:00,20.308499237775212,30.69041926489835,17.517338043127783,1.0613183151273113,16,negative
2023-07-30 06:00:00,30.64334774471186,17.679790047426042,11.273905428857073,0.14583425515647033,16,negative
2023-07-30 07:00:00,17.917078759543635,16.737847207068405,0.0,0.0,16,negative
2023-07-30 08:00:00,26.20974918361859,18.835577643506323,8.48474290461864,0.07081454760359668,16,negative
2023-07-30 09:00:00,20.128894463168287,17.79434143701904,7.610097490527864,0.25611638772318834,16,negative
2023-07-30 10:00:00,12.4770709100992,25.11689783166589,3.3292156887900344,0.19853729933658762,16,negative
2023-07-30 11:00:00,30.66196660231534,29.59737703323613,0.0,0.008190053525862634,16,negative
2023-07-30 12:00:00,29.317693710546116,23.579620501139352,15.488719390668145,0.0,16,negative
2023-07-30 13:00:00,26.02726444653164,50.549578768865175,10.250969861557166,0.0,16,negative
2023-07-30 14:00:00,14.460251384627483,52.55106485579873,3.976942718340113,0.0,16,negative
2023-07-30 15:00:00,18.55772222548045,37.121559788287264,1.069463614895243,1.038501581268682,16,negative
2023-07-30 16:00:00,14.997548956482225,38.3839947583726,8.465987898579412,0.46858390055922694,16,negative
2023-07-30 17:00:00,23.461832684354462,19.556166454894484,13.39211263211294,0.16863000518056195,16,negative
2023-07-30 18:00:00,23.397265499628954,30.10797335442566,10.310878113751055,0.0,16,negative
2023-07-30 19:00:00,8.735586265318428,19.078551509158498,13.288543519323074,0.0,16,negative
2023-07-30 20:00:00,8.54745758109247,40.281681000727495,5.203705900651256,0.0,16,negative
2023-07-30 21:00:00,12.841018194929232,49.99894206978031,0.0,0.0,16,negative
2023-07-30 22:00:00,22.96101412728994,58.67544603355245,10.769290981751595,0.0,16,negative
2023-07-30 23:00:00,34.23482763285452,14.673149004425412,9.326680826775773,0.0,16,negative
2023-07-31 00:00:00,14.95107533439647,45.46389577832381,5.430549355295202,0.0,16,negative
2023-07-31 01:00:00,7.28323605931033,40.02464135343312,5.939466636531974,0.0,16,negative
2023-07-31 02:00:00,21.648154161832394,53.738443005801784,10.53806382516526,0.07465188270001558,16,negative
2023-07-31 03:00:00,28.301354476914362,46.91087696790682,10.35955002245607,0.1699489284665293,16,negative
2023-07-31 04:00:00,14.139516073884817,55.76158769758885,1.7202707228236704,0.3380410603531021,16,negative
2023-07-31 05:00:00,27.65162125423735,24.113714576269558,0.0,0.29176493940384984,16,negative
2023-07-31 06:00:00,38.624120349064086,22.05084061685968,4.028713277003648,0.12333606003195943,16,negative
2023-07-31 07:00:00,31.718275812396158,31.356264325623403,4.870468855254305,0.0,16,negative
2023-07-31 08:00:00,26.635952703484293,21.210646374346105,1.8820804446910984,0.35986328796188494,16,negative
2023-07-31 09:00:00,22.134305309933726,11.764039702158307,0.0,0.008912202749184195,16,negative
2023-07-31 10:00:00,24.569260692252058,18.25941927200362,1.8025770594848503,0.0,16,negative
2023-07-31 11:00:00,13.203944106812031,21.213791575342196,5.686593558077147,0.23438999680391273,16,negative
2023-07-31 12:00:00,20.659401298046284,42.63883045698414,6.8134096446672,0.0,16,negative
2023-07-31 13:00:00,24.244919015613867,36.83882848398865,21.832330422094792,0.0,16,negative
2023-07-31 14:00:00,13.346224122346156,40.55333279283746,4.041315966701399,0.24196755432153141,16,negative
2023-07-31 15:00:00,10.998500663133841,18.383308278740316,9.719537812450636,0.20784648409586218,16,negative
2023-07-31 16:00:00,26.021154790024106,47.811760018028274,9.869092793819231,0.0,16,negative
2023-07-31 17:00:00,17.970453805932504,47.19502713075195,13.124396164133207,0.07825484876528976,16,negative
2023-07-31 18:00:00,21.064591665770735,58.87108717583355,7.897891100918886,0.15382519487218418,16,negative
2023-07-31 19:00:00,25.87380726202316,33.532906160687695,3.898298386284524,0.0,16,negative
2023-07-31 20:00:00,21.689959919821426,62.633746347117444,11.94224275146188,0.0,16,negative
2023-07-31 21:00:00,27.832481753523005,39.6179875209647,14.547131509727564,0.037426762628901045,16,negative
2023-07-31 22:00:00,23.509409186876194,33.513595263612615,8.292397115291497,0.13404232465670604,16,negative
2023-07-31 23:00:00,26.607293343305415,41.26946413774245,14.426118084608976,0.054295835223916206,16,negative
2023-08-01 00:00:00,18.70528393401492,46.83941566916056,4.028978092001579,0.11515256375461555,16,negative
2023-08-01 01:00:00,30.662735979309623,53.85918351701613,9.883114923397468,0.0,16,negative
2023-08-01 02:00:00,22.8735018104429,40.7010334261881,5.19929177406062,0.1241939950524614,16,negative
2023-08-01 03:00:00,26.640673340548343,21.616655670169926,17.414368382328885,0.02579839890451191,16,negative
2023-08-01 04:00:00,13.24717565720011,22.54618815879089,15.438917985826723,0.0,16,negative
2023-08-01 05:00:00,30.075880427847345,54.78962972880703,14.083077293993055,0.0,16,negative
2023-08-01 06:00:00,26.31890555581286,46.04023164714942,4.292009967368009,0.17294335748098896,16,negative
2023-08-01 07:00:00,33.66893477837614,31.904413575064535,6.433761073391015,0.23637407595527324,16,negative
2023-08-01 08:00:00,16.80273959673491,15.247720750587408,13.73859520052589,0.0,16,negative
2023-08-01 09:00:00,18.737576521967277,35.27672868080314,4.949374794959672,0.23141024804458463,16,negative
2023-08-01 10:00:00,28.825409266272114,31.388906882694492,2.10051317618624,0.10529512424270196,16,negative
2023-08-01 11:00:00,26.561221599597708,37.82953556119648,8.545490222259936,0.016016776747616757,16,negative
2023-08-01 12:00:00,25.600107603676022,20.196211883823526,20.769253884876626,0.0,16,negative
2023-08-01 13:00:00,23.628744063071817,43.496982871793165,5.946047437997296,0.0,16,negative
2023-08-01 14:00:00,21.9654021972542,21.289428611399345,10.192947127698192,0.0,16,negative
2023-08-01 15:00:00,36.02166753933291,46.894563274675896,11.195611788266882,0.15458215143395684,16,negative
2023-08-01 16:00:00,15.659770613655835,55.84017681207581,28.756206985198006,0.0,16,negative
2023-08-01 17:00:00,30.295547282007607,42.87461342171282,3.7625140214491477,0.0,16,negative
2023-08-01 18:00:00,13.190341303224567,16.841222522902196,1.6323533728075503,0.013310890919506296,16,negative
2023-08-01 19:00:00,21.540687560579986,36.51287149856571,7.922980314746578,0.0,16,negative
2023-08-01 20:00:00,16.634152751860768,25.693606906198212,0.9736427638731966,0.005931552730752132,16,negative
2023-08-01 21:00:00,13.34954834883009,43.66513443300489,11.304855319834122,0.013798984768122441,16,negative
2023-08-01 22:00:00,19.626945886015996,62.84089821975056,3.0961855116085344,0.0,16,negative
2023-08-01 23:00:00,22.844175472023075,51.39331336761361,9.477334206787031,0.8916741171371597,16,negative
2023-10-01 00:00:00,25.262599010812135,28.53056783114375,8.333820607364425,0.0,17,negative
2023-10-01 01:00:00,21.26643854173741,15.213328170139736,14.215443037989461,0.14886391076138974,17,negative
2023-10-01 02:00:00,13.64648778504114,30.4891155172437,6.87457165322892,0.501816384372765,17,negative
2023-10-01 03:00:00,7.065629857901863,24.941110221314958,6.217988298744041,0.03209729835853328,17,negative
2023-10-01 04:00:00,23.41582211268383,52.442844549745104,12.21058073082634,0.0,17,negative
2023-10-01 05:00:00,7.276706427830426,45.73553510988572,8.73196084532279,0.0,17,negative
2023-10-01 06:00:00,37.48882240242011,22.6278255570402,0.0,0.0,17,negative
2023-10-01 07:00:00,25.888360546142568,35.403888526220605,1.9218193520065912,0.020979297429922744,17,negative
2023-10-01 08:00:00,19.163127873460837,16.308579951772916,10.603167091272628,0.06778535888653639,17,negative
2023-10-01 09:00:00,16.983056925346304,23.625853956154902,9.315613632902972,0.06388153914868758,17,negative
2023-10-01 10:00:00,23.61565815890075,37.701941657087175,7.639022317016468,0.4492224917221528,17,negative
2023-10-01 11:00:00,16.156958986149903,29.079876422915945,18.325976190441608,0.059875442110816635,17,negative
2023-10-01 12:00:00,18.648187973464875,36.47400590165733,6.483336233637537,0.0,17,negative
2023-10-01 13:00:00,19.53201655597707,31.48187901274086,12.073142568081586,0.0,17,negative
2023-10-01 14:00:00,33.25998699158662,32.95019173836285,7.752428941337984,0.0,17,negative
2023-10-01 15:00:00,23.175995267700685,22.289778284782777,12.682968994277195,0.0,17,negative
2023-10-01 16:00:00,11.830836987527418,35.93429312735919,0.0,0.04153090985414923,17,negative
2023-10-01 17:00:00,17.49521834816641,39.30492789631428,17.39925012472648,0.39698803266972693,17,negative
2023-10-01 18:00:00,33.5872165810849,44.678182596553654,13.625267448438077,0.0,17,negative
2023-10-01 19:00:00,16.14530534158196,23.04343348802745,11.344054502386607,0.0,17,negative
2023-10-01 20:00:00,23.762830662455684,31.26999661838959,5.018706414876413,0.0,17,negative
2023-10-01 21:00:00,13.201111089440685,45.295883888623166,10.62114142865225,0.0,17,negative
2023-10-01 22:00:00,15.353757360051251,25.059641585751987,10.822920566582956,0.2564953190427809,17,negative
2023-10-01 23:00:00,21.315281547113557,13.135289645229086,19.629558583576568,0.0,17,negative
2023-10-02 00:00:00,25.99200717837555,26.890617671521664,4.736863364660744,0.19353703658404545,17,negative
2023-10-02 01:00:00,6.666227143946967,39.17970602646165,1.9424805444605333,0.0,17,negative
2023-10-02 02:00:00,16.895244258607832,20.210334748711283,8.177208648531638,0.0,17,negative
2023-10-02 03:00:00,19.476092144650423,33.64565036975037,1.2036172679699373,0.08703010832023692,17,negative
2023-10-02 04:00:00,17.24433300162148,31.437736363027444,5.038904180426487,0.0,17,negative
2023-10-02 05:00:00,32.465152748048396,72.09523705885212,11.728196018503294,0.0,17,negative
2023-10-02 06:00:00,35.73141985181665,38.73306615149686,15.85125436805935,0.0,17,negative
2023-10-02 07:00:00,23.151898874492577,40.25511551677202,0.0,0.0,17,negative
2023-10-02 08:00:00,9.65001983642963,10.620962725833387,8.964393445126124,0.051761923811980914,17,negative
2023-10-02 09:00:00,21.94308998957298,37.07651779024797,8.915248004085674,0.0036133318874190523,17,negative
2023-10-02 10:00:00,29.18945905984959,33.661471453008815,10.20537840085581,0.19334185375122673,17,negative
2023-10-02 11:00:00,20.573379545632104,51.4594172490518,12.850888159043507,0.1401598121193782,17,negative
2023-10-02 12:00:00,17.635534475401236,20.16969904904272,4.717935408695591,0.1416461976303098,17,negative
2023-10-02 13:00:00,20.89459302073221,44.497075972742664,4.074735680994607,0.11491461728308697,17,negative
2023-10-02 14:00:00,20.236012738949146,50.826780973973285,4.942040815977894,0.12052035141737613,17,negative
2023-10-02 15:00:00,15.23183097366111,17.937357198822685,10.645924957234849,0.026637887283639583,17,negative
2023-10-02 16:00:00,22.438478878586416,54.11961734293095,14.660403629639358,0.22066614823744649,17,negative
2023-10-02 17:00:00,27.18267738476454,38.38470388566784,5.692045004270318,0.0,17,negative
2023-10-02 18:00:00,8.188934118233714,56.939635141645994,10.574720485359538,0.17533338245438387,17,negative
2023-10-02 19:00:00,17.316718225443807,9.452802866788396,6.430213750818729,0.09745049850923235,17,negative
2023-10-02 20:00:00,11.399116903009928,46.65053350564667,14.383985948472377,0.0,17,negative
2023-10-02 21:00:00,19.554824937229057,41.52476903197691,7.901805187524785,0.16962933399478416,17,negative
2023-10-02 22:00:00,16.77857610730191,30.553459898779536,9.24093297238348,0.18798943177727415,17,negative
2023-10-02 23:00:00,23.682955039896928,12.127580250741172,11.326088720424645,0.0,17,negative
2023-10-03 00:00:00,42.42167243320123,29.185484447353804,9.617292475546861,0.19986902752859873,17,negative
2023-10-03 01:00:00,23.55273303602543,33.98554191085975,3.065390526246743,0.39271460747484777,17,negative
2023-10-03 02:00:00,12.72718731058744,41.40681375272183,5.6322233934580925,0.02729492442044501,17,negative
2023-10-03 03:00:00,10.608541851119535,55.14690832600843,6.611013470408617,0.0,17,negative
2023-10-03 04:00:00,32.02152477632073,27.437947804440448,9.673036458653606,0.1201777891313883,17,negative
2023-10-03 05:00:00,25.79227464459456,2.050466742514473,11.476783504888935,0.48835103322729256,17,negative
2023-10-03 06:00:00,19.36777042557334,33.36387576537167,0.0,0.0,17,negative
2023-10-03 07:00:00,11.084869010325518,30.71240435665053,8.781322157691054,0.46090697456882135,17,negative
2023-10-03 08:00:00,15.443094721122284,56.77381057768983,12.734266267575737,0.0,17,negative
2023-10-03 09:00:00,13.130005868779177,13.342757266543682,9.358769257665697,0.0,17,negative
2023-10-03 10:00:00,31.594854442253723,24.807142552575943,3.496645099740139,0.04395906576460254,17,negative
2023-10-03 11:00:00,16.511625142724615,35.12824990053205,12.929946650292607,0.0,17,negative
2023-10-03 12:00:00,22.967715685621794,38.07720063362627,0.0,0.0,17,negative
2023-10-03 13:00:00,23.27945261380717,48.39345990475131,11.029054005685595,0.0,17,negative
2023-10-03 14:00:00,30.25914313208552,30.61053953580919,9.235785520388525,0.7001181664023405,17,negative
2023-10-03 15:00:00,25.694062439385693,29.35265326043357,16.23775804470784,0.0,17,negative
2023-10-03 16:00:00,28.99150603348804,58.119449741210424,0.30392759570476446,0.1443425476182648,17,negative
2023-10-03 17:00:00,19.427515466950297,35.61846447888316,7.008962909501671,0.07788830359482646,17,negative
2023-10-03 18:00:00,31.212733650589172,67.31297350035405,14.404938395863113,0.2024024341644944,17,negative
2023-10-03 19:00:00,15.256021034182904,36.08792078953952,18.527940184207516,0.0,17,negative
2023-10-03 20:00:00,18.360342017408467,51.60955488655871,13.868430253727979,0.0,17,negative
2023-10-03 21:00:00,19.90812309410062,27.471417561478482,8.348446895305452,0.0,17,negative
2023-10-03 22:00:00,15.567779830975272,51.34497218355405,8.508256244606542,0.10398435685491378,17,negative
2023-10-03 23:00:00,24.55064707496699,33.546221455561025,10.873573635579962,0.0,17,negative
2023-10-04 00:00:00,7.637815013185396,31.39218238593353,6.718531954653875,0.0,17,negative
2023-10-04 01:00:00,21.415718481644056,3.9933466308590404,6.261565824222604,0.0,17,negative
2023-10-04 02:00:00,22.77596941710586,28.833957906697727,7.572347990259643,0.5024644272379575,17,negative
2023-10-04 03:00:00,22.08653215538028,35.87129609887656,3.498750110492451,0.17586861977363402,17,negative
2023-10-04 04:00:00,24.09162124064363,32.50685129628393,20.10523518143409,0.0,17,negative
2023-10-04 05:00:00,19.799320838099682,30.81148631940473,5.888034453961336,0.6790754470512103,17,negative
2023-10-04 06:00:00,27.487178878747226,24.706295479708245,5.160259265011236,0.04472077669279931,17,negative
2023-10-04 07:00:00,14.12045187321191,8.733750011829155,5.685300664204032,0.0,17,negative
2023-10-04 08:00:00,23.575838443721953,58.40862905282188,11.754781524945919,0.0,17,negative
2023-10-04 09:00:00,37.06119218122172,33.54281607495183,8.315378367524762,0.6965375847242115,17,negative
2023-10-04 10:00:00,34.3502938494684,35.03772974688636,4.758613129614479,0.0,17,negative
2023-10-04 11:00:00,15.469921511543776,43.00207268920887,10.069204670709174,0.02696597505178308,17,negative
2023-10-04 12:00:00,26.526492576694615,12.683151045374725,8.81481060662493,0.0382353643725771,17,negative
2023-10-04 13:00:00,44.89810861827617,37.33737604460312,5.018039751082814,0.0,17,negative
2023-10-04 14:00:00,32.44324957435413,29.749509207143333,4.043239664622904,0.0,17,negative
2023-10-04 15:00:00,27.19775065124523,44.50929399814294,8.098752115296808,0.14858187276760312,17,negative
2023-10-04 16:00:00,23.85629660544562,40.0459439844331,10.12442597950741,0.12051014469130913,17,negative
2023-10-04 17:00:00,22.451318896206804,22.747951012544572,7.278541484479828,0.0,17,negative
2023-10-04 18:00:00,7.7077763329212345,8.288717069420581,12.591380606961621,0.13537851417342742,17,negative
2023-10-04 19:00:00,11.87839971984421,36.50688906249343,6.0022744354149244,0.0,17,negative
2023-10-04 20:00:00,24.444248070051323,15.606946564838765,2.4639124975379936,0.08401462274464577,17,negative
2023-10-04 21:00:00,20.836995216846717,18.110673414737427,11.948238373945921,0.10080996121438726,17,negative
2023-10-04 22:00:00,18.625459151465236,39.23988185344851,7.355458619662503,0.0,17,negative
2023-10-04 23:00:00,14.532619697594669,14.039201044047893,6.451062181006963,0.2798481480923748,17,negative
2023-10-05 00:00:00,12.073952447219837,14.18369657449611,8.911488911689927,0.12330425873902925,17,negative
2023-10-05 01:00:00,10.379906263944642,49.48011938471094,4.841026635364538,0.0,17,negative
2023-10-05 02:00:00,22.22776632887542,39.42138293082955,6.942501269515735,0.04982790281539515,17,negative
2023-10-05 03:00:00,20.994324322250204,40.470937059390565,0.0,0.0,17,negative
2023-10-05 04:00:00,13.021887302287748,38.51930247634481,7.9029960715008745,0.0,17,negative
2023-10-05 05:00:00,30.53458344150015,41.88484848911043,12.301967944852873,0.2594090312245625,17,negative
2023-10-05 06:00:00,44.584939290137164,16.717713552576782,5.361221110453394,0.0,17,negative
2023-10-05 07:00:00,28.02177043888794,42.310835287135234,11.37659328996554,0.905212876982426,17,negative
2023-10-05 08:00:00,34.71438955630268,31.941635617000777,14.229470911354259,0.0,17,negative
2023-10-05 09:00:00,24.05254802784953,26.54746581282727,10.860600757906518,0.0,17,negative
2023-10-05 10:00:00,24.928382379993426,19.11587467652763,7.715154395906945,0.0,17,negative
2023-10-05 11:00:00,25.96248033365946,49.839454931502004,8.752379610043073,0.0,17,negative
2023-10-05 12:00:00,22.860630476534144,74.16614342613894,16.23002663493893,0.09107472339729791,17,negative
2023-10-05 13:00:00,24.210532583811045,1.0,8.316715768474223,0.17586657849315998,17,negative
2023-10-05 14:00:00,20.541383899456164,28.098636197841746,6.665178924582558,0.40748922790060227,17,negative
2023-10-05 15:00:00,12.812240204999929,52.83032977414056,7.720035041509655,0.0,17,negative
2023-10-05 16:00:00,30.994801291189564,11.82303642332538,5.22394951499208,0.2703026768919782,17,negative
2023-10-05 17:00:00,39.15153550588904,24.724688470408353,0.0,0.0,17,negative
2023-10-05 18:00:00,25.644402779238227,46.76126819875407,19.38269846721386,0.4592376990045821,17,negative
2023-10-05 19:00:00,23.503380751321217,21.628767986378335,16.120137156736792,0.09109821093625362,17,negative
2023-10-05 20:00:00,16.73474211028316,28.74389296768895,1.738558805515952,0.009547229298256132,17,negative
2023-10-05 21:00:00,20.135133360172677,45.95984908718177,6.0595583244949065,0.0,17,negative
2023-10-05 22:00:00,9.1698227579464,38.14354621284674,8.363129267346123,0.2455928233405453,17,negative
2023-10-05 23:00:00,18.260348316063435,40.82730399198755,14.952731268446737,0.0,17,negative
2023-10-06 00:00:00,22.71122268972346,49.37405606007985,4.119428549013751,0.238144057377038,17,negative
2023-10-06 01:00:00,21.69603517529867,15.330571474347217,8.842493973828114,0.26075397254380106,17,negative
2023-10-06 02:00:00,26.440673996768464,17.196702880089315,8.049851926306124,0.0,17,negative
2023-10-06 03:00:00,38.61999865529829,54.20193903457414,2.1146424717487884,0.32056353650703573,17,negative
2023-10-06 04:00:00,18.13482740031109,39.25850889694881,4.138916471115381,0.2196865268865675,17,negative
2023-10-06 05:00:00,19.24386209040134,45.83904044915023,9.439998777369055,0.0,17,negative
2023-10-06 06:00:00,23.730802583835022,41.06791212268566,10.647558795433511,0.25084858066089566,17,negative
2023-10-06 07:00:00,22.663124491356932,61.148875623045356,8.710155145005695,0.0,17,negative
2023-10-06 08:00:00,22.823076057811196,31.731372225256706,5.823220181395985,0.0,17,negative
2023-10-06 09:00:00,17.95427838432679,32.81727605784177,4.047426467368564,0.0,17,negative
2023-10-06 10:00:00,26.673559553408218,31.82127710133627,0.0,0.006693809513572541,17,negative
2023-10-06 11:00:00,22.96147074207808,20.1015282497981,11.866351211616365,0.14700667272928977,17,negative
2023-10-06 12:00:00,30.363260922595742,34.13950070529181,0.0,0.0,17,negative
2023-10-06 13:00:00,18.750461055272513,26.647260622652954,4.311371192718909,0.3414317016490689,17,negative
2023-10-06 14:00:00,18.11849055066287,7.149646352174219,14.360339433386024,0.0,17,negative
2023-10-06 15:00:00,16.144519872973895,18.073644761820034,11.853660337264607,0.0,17,negative
2023-10-06 16:00:00,23.071898414863735,26.245264971896283,5.372901697188339,0.19097258697495847,17,negative
2023-10-06 17:00:00,17.03744453982672,35.13218587260287,9.176561131744965,0.2552643247401407,17,negative
2023-10-06 18:00:00,21.27252478050069,48.32681646455633,0.0,0.0,17,negative
2023-10-06 19:00:00,14.393728436782613,19.20973741825203,9.305057564990504,0.1284172930382669,17,negative
2023-10-06 20:00:00,12.2655749901192,54.86424788104981,12.600447571659146,0.0,17,negative
2023-10-06 21:00:00,10.204574975983457,43.90185606978022,6.575630834812652,0.0,17,negative
2023-10-06 22:00:00,26.930691188328083,39.49198285780997,2.8906865408728137,0.3779817225427231,17,negative
2023-10-06 23:00:00,11.793888361996265,54.57866800115103,10.110692945091209,0.0,17,negative
2023-10-07 00:00:00,28.43741942505852,68.62287333704504,6.911914500952745,0.0,17,negative
2023-10-07 01:00:00,18.545365442471986,36.28028326427518,0.463827199842763,0.0,17,negative
2023-10-07 02:00:00,22.34861863864489,61.984966652671226,0.0,0.16994965335542114,17,negative
2023-10-07 03:00:00,32.304937742648285,31.373427563018655,7.143292335075012,0.0,17,negative
2023-10-07 04:00:00,14.539156957897937,7.612193512502717,4.853923761779228,0.0,17,negative
2023-10-07 05:00:00,22.944310669256588,23.184976963644026,5.602045074757466,0.035612527565545726,17,negative
2023-10-07 06:00:00,21.614678541677023,27.072166153927384,2.6910695503143396,0.0,17,negative
2023-10-07 07:00:00,30.539865730116887,36.926992936861616,4.950897808806889,0.09573357977371769,17,negative
2023-10-07 08:00:00,5.59493783714769,32.90895875691703,5.998228154547636,0.0,17,negative
2023-10-07 09:00:00,15.983213181344256,28.846482476905297,12.962291380032454,0.47929049229440823,17,negative
2023-10-07 10:00:00,14.574998707537514,27.2288394013491,5.53705021355711,0.0,17,negative
2023-10-07 11:00:00,23.164052421052936,36.39184793961562,10.681313067105949,0.0,17,negative
2023-10-07 12:00:00,32.91109259483246,34.973830138696975,3.7204377690404336,0.0,17,negative
2023-10-07 13:00:00,31.855426593662976,28.62286796024342,12.747788995224159,0.21884167867793916,17,negative
2023-10-07 14:00:00,15.87469042578155,44.89396115891438,3.6301371967712956,0.0,17,negative
2023-10-07 15:00:00,24.813007992186794,21.896090982986124,7.6427862800283295,0.2133902094995427,17,negative
2023-10-07 16:00:00,24.791812453352478,63.316973674331294,6.146476985562888,0.0,17,negative
2023-10-07 17:00:00,22.195525133340126,35.3608655459477,7.1739743963423805,0.30533106939445054,17,negative
2023-10-07 18:00:00,24.68111959425964,30.668873751209173,3.47599958130637,0.06639328862226368,17,negative
2023-10-07 19:00:00,22.792076981618745,31.57851563985141,14.700283073731491,0.22110396497622817,17,negative
2023-10-07 20:00:00,32.182566429832704,21.797180762956742,9.0576626970776,0.0,17,negative
2023-10-07 21:00:00,14.61599167638061,54.70829788952652,17.281082836976424,0.027518560086003258,17,negative
2023-10-07 22:00:00,24.683797617554358,35.8548687749375,16.652534186764278,0.0,17,negative
2023-10-07 23:00:00,25.01698753016176,24.093105287841,0.0,0.0,17,negative
2021-10-01 00:00:00,36.78439032728443,25.159262143993995,11.953827532823055,0.0,18,negative
2021-10-01 01:00:00,21.89842557904382,36.806834276169376,0.0,0.0,18,negative
2021-10-01 02:00:00,29.256060994639967,35.910186455556016,9.83670720721841,0.0,18,negative
2021-10-01 03:00:00,39.53603155437145,28.542202532170982,16.02705021493155,0.00684728876652177,18,negative
2021-10-01 04:00:00,35.55359179664639,16.625328661127746,8.923261038154303,0.05540050375434544,18,negative
2021-10-01 05:00:00,23.115778686800315,53.335643939991925,9.894048026789728,0.23542966887791564,18,negative
2021-10-01 06:00:00,16.63823125380844,22.657483137144258,8.08052536568633,0.1224190696530719,18,negative
2021-10-01 07:00:00,20.513125049406458,20.62052411493972,13.99325794925944,0.03174165768124018,18,negative
2021-10-01 08:00:00,33.40862497770146,35.19115047806087,11.242144654070223,0.0,18,negative
2021-10-01 09:00:00,15.405802077193181,40.50804382328733,17.64166472233553,0.0,18,negative
2021-10-01 10:00:00,29.210213916477397,45.399077668882775,9.535248291824935,0.2990080941952429,18,negative
2021-10-01 11:00:00,26.378524472970405,46.44923819713419,1.239179714744635,0.04550508387675936,18,negative
2021-10-01 12:00:00,20.527376954021463,29.12709734522437,14.479821895142866,0.1126627036202765,18,negative
2021-10-01 13:00:00,10.841847517519986,46.93574338078781,0.8980307172305544,0.0,18,negative
2021-10-01 14:00:00,29.26614151991972,37.380833758437326,10.36359813684388,0.016546990847118748,18,negative
2021-10-01 15:00:00,10.924750947127846,17.21319179573499,6.639055502843581,0.20504707378727424,18,negative
2021-10-01 16:00:00,24.456423256365227,28.063130929483716,8.925180236826527,0.0,18,negative
2021-10-01 17:00:00,25.094396435396217,42.49223790933498,6.280497046103775,0.0,18,negative
2021-10-01 18:00:00,23.888065027361396,1.0,11.232628729297451,0.002453585825914567,18,negative
2021-10-01 19:00:00,26.512390921948565,15.697346068291061,6.4211341241880335,0.007732973141991201,18,negative
2021-10-01 20:00:00,27.956811009703003,13.923251868972589,3.3567260903883955,0.04923354654251935,18,negative
2021-10-01 21:00:00,16.965003741782017,21.07414014816412,12.533597147700913,0.0,18,negative
2021-10-01 22:00:00,27.776569540327987,47.7306451091044,6.842103605309718,0.0,18,negative
2021-10-01 23:00:00,16.815349771731178,37.51593751573966,5.3605083633707595,0.0,18,negative
2021-10-02 00:00:00,26.7992034718632,52.7680886827157,9.991301271350475,0.0,18,negative
2021-10-02 01:00:00,16.355875423738013,7.430380411861119,11.57313944794777,0.0,18,negative
2021-10-02 02:00:00,19.81046206579709,8.453052348183146,3.503948763270868,0.5172384458505247,18,negative
2021-10-02 03:00:00,18.52557389263757,29.08172759175575,8.449802057741044,0.0,18,negative
2021-10-02 04:00:00,27.41525011918255,10.667455456842784,11.040077178064283,0.031691722986589926,18,negative
2021-10-02 05:00:00,21.217388543711216,34.65950705094161,9.022762140431276,0.0,18,negative
2021-10-02 06:00:00,20.54119313980287,52.759086858377515,4.480471077872332,0.20465749628684574,18,negative
2021-10-02 07:00:00,21.506341217009194,18.041503148654787,0.0,0.0,18,negative
2021-10-02 08:00:00,33.58897507651139,34.420938561846604,8.892885472241067,0.13388234363965487,18,negative
2021-10-02 09:00:00,25.505003939527576,36.40048791964688,4.675425859803228,0.0,18,negative
2021-10-02 10:00:00,23.360972937263682,19.107681074630968,9.659268633899547,0.0,18,negative
2021-10-02 11:00:00,20.176468196211868,21.986086963443384,7.112099650991358,0.04943076097331148,18,negative
2021-10-02 12:00:00,12.189449285621823,43.67837388176272,4.6099277073975955,0.0,18,negative
2021-10-02 13:00:00,17.485349799635493,26.494745673776585,15.615474581175238,0.10619020016739303,18,negative
2021-10-02 14:00:00,25.882929420364356,60.969866163819304,11.427609632364113,0.9615916300001778,18,negative
2021-10-02 15:00:00,11.747355928676756,23.72561935030398,8.789539557599374,0.0,18,negative
2021-10-02 16:00:00,11.826427565602458,21.9086381232955,3.942587565099899,0.0,18,negative
2021-10-02 17:00:00,37.8775636583286,21.002194015648286,3.1152108343210596,0.0,18,negative
2021-10-02 18:00:00,27.084356569937857,34.37987605467347,3.5188672591502073,0.0,18,negative
2021-10-02 19:00:00,15.66791759233839,39.43836921783868,21.42188303398168,0.0,18,negative
2021-10-02 20:00:00,21.256091879141092,25.02536768768071,1.2829995905757512,0.0576276867052995,18,negative
2021-10-02 21:00:00,27.43483342693056,28.00848504963791,14.066669914713092,0.0,18,negative
2021-10-02 22:00:00,28.19808588316108,39.44295503049517,7.1143206006118085,0.026980194006636843,18,negative
2021-10-02 23:00:00,20.83570726109863,47.6307600334227,5.459324440502865,0.0,18,negative
2021-10-03 00:00:00,28.240466689042865,39.69412004734943,1.9894462058174955,0.22006932727962827,18,negative
2021-10-03 01:00:00,29.451527274546958,16.114511890201637,2.645248806875328,0.36008412479905183,18,negative
2021-10-03 02:00:00,39.06664584345755,24.91132873940753,10.476369997927478,0.29774088797781995,18,negative
2021-10-03 03:00:00,17.283840797875648,37.41700027677312,5.760826689525224,0.0,18,negative
2021-10-03 04:00:00,8.709824777814934,34.633456477005176,12.495467533112754,0.20975501241636405,18,negative
2021-10-03 05:00:00,30.724062086579437,43.70491168917526,7.7022934683489,0.2801095089760274,18,negative
2021-10-03 06:00:00,18.109890277108768,12.94234289094318,6.664605549508369,0.09251889994658008,18,negative
2021-10-03 07:00:00,35.72336878239386,42.92480484918315,3.6757300993101154,1.0157395631911887,18,negative
2021-10-03 08:00:00,20.347583302363418,47.176466702416235,6.89691831652806,0.0,18,negative
2021-10-03 09:00:00,20.55099640598249,45.755006520733986,0.0137098864716938,0.515772381634305,18,negative
2021-10-03 10:00:00,13.100132414210314,46.905984945946656,6.639080026655225,0.0,18,negative
2021-10-03 11:00:00,17.73931052124527,31.383471410447775,9.278022925257465,0.0029646096917491926,18,negative
2021-10-03 12:00:00,30.466892094584544,56.119233238960675,9.659107733883513,0.3246185788436683,18,negative
2021-10-03 13:00:00,22.743780342579825,51.16160543379386,10.143598364530737,0.0,18,negative
2021-10-03 14:00:00,23.449873235038748,42.547578162636874,7.839009342986963,0.17150510184780834,18,negative
2021-10-03 15:00:00,28.922903674615156,34.64940287006161,0.0,0.2544497404053664,18,negative
2021-10-03 16:00:00,19.619268558237373,22.650796687515534,2.3794485217359114,0.0,18,negative
2021-10-03 17:00:00,17.498017349464142,23.94485804172963,4.589368650777134,0.0,18,negative
2021-10-03 18:00:00,38.242907528024816,47.30857397022352,13.612990923772852,0.0,18,negative
2021-10-03 19:00:00,22.837322924404624,41.3972360634543,4.70221053178615,0.0,18,negative
2021-10-03 20:00:00,28.836415666664614,51.354391326501634,8.33705134757629,0.0,18,negative
2021-10-03 21:00:00,19.635264134258737,13.380032982411926,8.376012049173635,0.0,18,negative
2021-10-03 22:00:00,19.83431663169779,38.62566833574807,10.084506195419195,0.0,18,negative
2021-10-03 23:00:00,12.387757661624562,31.20103511730958,10.04921489133134,0.07939991086551529,18,negative
2021-10-04 00:00:00,19.82459399809042,43.26260300672165,12.390759559619118,0.13699825552938918,18,negative
2021-10-04 01:00:00,31.18726197989872,53.03260747146345,14.901923670305953,0.0,18,negative
2021-10-04 02:00:00,40.881097997260284,25.770753308534882,18.6203879308947,0.04156253912281199,18,negative
2021-10-04 03:00:00,32.72309866421375,30.199433681874332,12.222373514818813,0.0,18,negative
2021-10-04 04:00:00,13.301130850209022,32.55010577276871,0.0,0.1469643129025878,18,negative
2021-10-04 05:00:00,29.89448389414631,32.32500534726265,3.919959032699569,0.058305510952893214,18,negative
2021-10-04 06:00:00,45.38914686083727,60.76705260195798,0.8027623164968398,0.1586343678191264,18,negative
2021-10-04 07:00:00,28.39144869647391,29.931543699431153,8.891538015792747,0.3734421003025288,18,negative
2021-10-04 08:00:00,11.227109017105118,19.53005968870778,8.861483592204952,0.16822795329099968,18,negative
2021-10-04 09:00:00,16.331498276661847,23.08435790219233,7.55110375164397,0.0,18,negative
2021-10-04 10:00:00,21.388113832425038,59.34096245953474,4.520897261687195,0.2975880385731532,18,negative
2021-10-04 11:00:00,19.16563656716795,43.819414196196654,4.092060588874019,0.0,18,negative
2021-10-04 12:00:00,8.475100775391951,60.732203595203686,8.449942345544164,0.0,18,negative
2021-10-04 13:00:00,32.67619922473566,47.86492242749104,4.349865561034694,0.17361371527745653,18,negative
2021-10-04 14:00:00,36.939791781076934,21.690624317587663,18.592142555969886,0.0,18,negative
2021-10-04 15:00:00,18.534177824637943,21.600659230876186,6.883564627958626,0.2776529090291022,18,negative
2021-10-04 16:00:00,18.6780442475297,31.056091342165825,2.6279317544379017,0.0,18,negative
2021-10-04 17:00:00,20.2498696976849,25.463081830783583,6.3733303246572826,0.0,18,negative
2021-10-04 18:00:00,22.585769683735954,24.485373678686337,8.62826737020222,0.0,18,negative
2021-10-04 19:00:00,12.8842862148095,30.67242959739109,10.89669135210444,0.0,18,negative
2021-10-04 20:00:00,20.160285340772848,45.151591921789645,3.100222515076892,0.5403841038133534,18,negative
2021-10-04 21:00:00,19.989960293650554,57.463492041307035,8.81625813269103,0.0,18,negative
2021-10-04 22:00:00,34.35310400965317,30.695923471946923,19.17366618642997,0.0,18,negative
2021-10-04 23:00:00,13.906170165989591,32.50457037722187,6.7545786958149145,0.0,18,negative
2021-10-05 00:00:00,42.81579262526749,39.77939851707875,10.321247868357919,0.4049635622985147,18,negative
2021-10-05 01:00:00,17.378644922038962,50.38337533576551,0.0,0.18566870527360776,18,negative
2021-10-05 02:00:00,11.748660841678065,31.29037241588668,14.755236528171558,0.0,18,negative
2021-10-05 03:00:00,25.32921245819357,35.41593019082137,14.481292064684041,0.08763317630856965,18,negative
2021-10-05 04:00:00,27.887705629782218,32.01651605386104,12.62442096959704,0.6613648670516199,18,negative
2021-10-05 05:00:00,22.195144558902708,33.462399336309744,2.987822643397937,0.1059951627876475,18,negative
2021-10-05 06:00:00,17.35670910509486,36.94896693492499,4.215438878477536,0.4753284486651508,18,negative
2021-10-05 07:00:00,6.913621164131433,29.44025119274405,13.117933233125033,0.18323427249527827,18,negative
2021-10-05 08:00:00,21.30462450378285,38.65479087521245,3.8586980220292135,0.24406789135393428,18,negative
2021-10-05 09:00:00,38.54210005211124,37.47235446058961,20.953429180307463,0.0,18,negative
2021-10-05 10:00:00,11.991366079448376,24.35564368858823,6.902548674625046,0.0,18,negative
2021-10-05 11:00:00,19.750726980752326,22.10516280793968,3.5077057021128164,0.0,18,negative
2021-10-05 12:00:00,29.97841398647229,27.717827204695844,0.0,0.0,18,negative
2021-10-05 13:00:00,35.76995069999634,45.332118268242056,8.327306877791527,0.0,18,negative
2021-10-05 14:00:00,37.66661018249213,34.46090597058052,7.912141197341667,0.0,18,negative
2021-10-05 15:00:00,19.72317370011892,12.705125362998182,0.5480681190797005,0.15405543451010714,18,negative
2021-10-05 16:00:00,30.674696055355557,11.57896665631155,17.749811493530775,0.04479809558995376,18,negative
2021-10-05 17:00:00,35.89879925426029,29.524184857017882,0.16906614539761478,0.07630509770799321,18,negative
2021-10-05 18:00:00,33.2149250210658,21.409234995994836,6.341738667012747,0.0,18,negative
2021-10-05 19:00:00,21.03578644433825,36.617437211612824,6.2430847044228575,0.0,18,negative
2021-10-05 20:00:00,17.352965479279824,45.55278145331063,6.95550228702042,0.0,18,negative
2021-10-05 21:00:00,14.553787639753882,25.84922946203575,15.0447405329098,0.3137625630777048,18,negative
2021-10-05 22:00:00,27.76658477348184,35.705828313552864,9.22405331560701,0.0,18,negative
2021-10-05 23:00:00,19.185781071616663,34.914197297420635,5.396665176954018,0.0,18,negative
2021-10-06 00:00:00,25.659512128984566,67.5905993542988,9.390950146811857,0.2878428764598582,18,negative
2021-10-06 01:00:00,31.30415264670944,31.941940375457115,18.059626814684272,0.07281049114488627,18,negative
2021-10-06 02:00:00,27.7752222709694,26.090672783781685,8.01345413207347,0.11783818744373306,18,negative
2021-10-06 03:00:00,30.90400164837208,48.4280874332936,8.37494815956414,0.20899321994352663,18,negative
2021-10-06 04:00:00,19.079836747783286,10.891990524510533,0.926503523953377,0.03511314055919568,18,negative
2021-10-06 05:00:00,21.386776641225563,37.38586247081138,5.287380600378316,0.0,18,negative
2021-10-06 06:00:00,15.703233112405641,42.06726219995133,7.513100412314497,0.0,18,negative
2021-10-06 07:00:00,24.715507082539865,28.611818995506557,0.706346873486063,0.1942379997174363,18,negative
2021-10-06 08:00:00,46.213212733560525,57.17260166634965,14.700912834456071,0.5934675688243694,18,negative
2021-10-06 09:00:00,22.07607787010496,22.76955811425244,1.4395895241705468,0.0,18,negative
2021-10-06 10:00:00,32.609479707436634,47.61118050385954,3.1497599918898924,0.0,18,negative
2021-10-06 11:00:00,27.992985375492648,26.43542907218994,8.397931224163651,0.0,18,negative
2021-10-06 12:00:00,25.127444414753047,38.81218141535429,4.731514131087449,0.6024058842880409,18,negative
2021-10-06 13:00:00,12.930801187834998,11.579951097465916,7.426256291548855,0.06302665146073372,18,negative
2021-10-06 14:00:00,10.957740846768425,39.094598661863856,11.923156066916974,0.029867799707923387,18,negative
2021-10-06 15:00:00,19.83535119891025,59.693153006875605,10.759705088786866,0.0,18,negative
2021-10-06 16:00:00,27.266715699292885,23.783948086575066,11.456534650463796,0.16379056145284046,18,negative
2021-10-06 17:00:00,21.57574044470428,26.93685847155576,8.015788613692528,0.0,18,negative
2021-10-06 18:00:00,20.211694067564178,17.365924875339836,10.453297977069957,0.053411254968251415,18,negative
2021-10-06 19:00:00,9.06774260716679,49.893749903028905,7.118560201727518,0.0,18,negative
2021-10-06 20:00:00,28.116493376233485,39.92363363539976,13.826015792304498,0.167440684905679,18,negative
2021-10-06 21:00:00,30.275435089816316,36.84386926710981,10.538167122533457,0.0,18,negative
2021-10-06 22:00:00,31.92584260247621,45.8211856033894,5.785272598450769,0.0,18,negative
2021-10-06 23:00:00,21.601966819241337,23.59847838381129,2.739038993368264,0.003655136419180721,18,negative
2021-10-07 00:00:00,9.605897937370317,64.78109541667285,4.717498751851114,0.1961518585131011,18,negative
2021-10-07 01:00:00,25.225236809244638,34.25362967545843,0.4969744158938312,0.0,18,negative
2021-10-07 02:00:00,37.137470135745836,58.36455116025108,9.371193263487894,0.0,18,negative
2021-10-07 03:00:00,14.342677238006782,22.211122349113097,14.390774636813502,0.2495947293164739,18,negative
2021-10-07 04:00:00,23.567142679740684,30.453793467152696,15.743552483304919,0.0,18,negative
2021-10-07 05:00:00,22.41458662080293,41.94448999319196,3.6859969641180026,0.0,18,negative
2021-10-07 06:00:00,16.290099366499177,56.250902839821286,17.57183638528544,0.0,18,negative
2021-10-07 07:00:00,19.8542513036577,26.002383875100556,8.008731567251646,0.0,18,negative
2021-10-07 08:00:00,21.223758061158236,41.19849234505885,5.97343528604816,0.03206379223564171,18,negative
2021-10-07 09:00:00,20.51636411942156,30.236548479107917,5.7927606149189454,0.25704033664110926,18,negative
2021-10-07 10:00:00,7.8341117681884604,58.61419788501895,8.677647316014985,0.0,18,negative
2021-10-07 11:00:00,27.800622265191006,24.37911259954143,3.4282072191037916,0.0,18,negative
2021-10-07 12:00:00,20.02345576137129,45.48807037326543,5.081189873895879,0.015384995007147795,18,negative
2021-10-07 13:00:00,3.056630249110409,29.216491970371255,13.835686838057812,0.46574581623042277,18,negative
2021-10-07 14:00:00,15.366850910670667,25.147351667936043,0.0,0.06720662208274855,18,negative
2021-10-07 15:00:00,30.457930980100656,26.260958496556526,5.6772781899938725,0.0,18,negative
2021-10-07 16:00:00,8.953297655099503,52.85073767899629,11.086470403307805,0.0,18,negative
2021-10-07 17:00:00,16.95542086741424,34.562414855018254,2.0193613392162195,0.3547971191046563,18,negative
2021-10-07 18:00:00,20.726316900484516,43.58912843259861,10.95928659864977,0.19658220598072204,18,negative
2021-10-07 19:00:00,9.57154190576141,35.868528647404084,6.657743178854392,0.4326559889412097,18,negative
2021-10-07 20:00:00,20.3057469309269,25.093277290887265,0.0,0.015453242399677575,18,negative
2021-10-07 21:00:00,24.63992132380071,12.735653186952387,10.365658264963775,0.0,18,negative
2021-10-07 22:00:00,18.64822146865816,23.47378097766451,10.684652363261323,0.0,18,negative
2021-10-07 23:00:00,13.225322511275198,51.976172159089934,7.105592951166375,0.05361647664352487,18,negative
2023-08-31 00:00:00,27.539712962213322,24.986199487307353,5.659234136765573,0.0,19,negative
2023-08-31 01:00:00,9.668979180289874,38.31648570152322,4.221442704093164,0.0,19,negative
2023-08-31 02:00:00,26.373306614799272,41.21822535462545,0.0,0.0,19,negative
2023-08-31 03:00:00,29.69499313058046,17.34100159378584,7.815680485114869,0.17083769833367832,19,negative
2023-08-31 04:00:00,31.5122688707215,40.53579764009841,6.230920762601665,0.0,19,negative
2023-08-31 05:00:00,13.325968659303255,38.002336326327885,6.28183845203827,0.0,19,negative
2023-08-31 06:00:00,20.5218902399172,35.880807383668,1.057482659723144,0.0,19,negative
2023-08-31 07:00:00,23.415931240543888,29.4082143318022,5.571857332128839,0.06782347503948524,19,negative
2023-08-31 08:00:00,34.118586252487916,37.17454055461741,13.720931417365689,0.0,19,negative
2023-08-31 09:00:00,30.674826997342805,25.854201149800435,6.965362525077991,0.0,19,negative
2023-08-31 10:00:00,26.370217892511807,46.88619233317796,8.625280955559456,0.2684141051195462,19,negative
2023-08-31 11:00:00,17.493348184149017,48.280663293486874,13.079047210929339,0.0,19,negative
2023-08-31 12:00:00,23.073358267849706,45.6998499860745,3.5299776738075517,0.0,19,negative
2023-08-31 13:00:00,24.40408381460098,15.057265052727725,10.372921264697604,0.13689006539884394,19,negative
2023-08-31 14:00:00,18.576653616724553,35.59641438914448,4.346318076835967,0.0,19,negative
2023-08-31 15:00:00,22.53245592348976,22.697275409617387,10.839872294121655,0.0,19,negative
2023-08-31 16:00:00,40.30379499787756,33.35781765004093,2.143529275049838,0.0,19,negative
2023-08-31 17:00:00,31.18064371758641,28.86272525422319,1.181180960850158,0.0,19,negative
2023-08-31 18:00:00,18.675408897775338,44.80129266679027,12.677830128280636,0.0,19,negative
2023-08-31 19:00:00,41.16725916548266,9.128862606001643,3.910249623640958,0.007520336267263422,19,negative
2023-08-31 20:00:00,40.089388228864976,61.97003705153318,14.44345433696958,0.0,19,negative
2023-08-31 21:00:00,16.579882081836562,22.571599472893187,4.082865559796186,0.0,19,negative
2023-08-31 22:00:00,20.04986301283325,33.327527530340866,11.871933934617157,0.15968675077786912,19,negative
2023-08-31 23:00:00,22.42116657015311,18.546924069906186,6.527925397208408,0.0,19,negative
2023-09-01 00:00:00,16.896154031749944,38.38372710059547,9.106067011962557,0.11640682322876397,19,negative
2023-09-01 01:00:00,24.96547474392925,21.970781887196765,11.407929345197136,0.2417799216016229,19,negative
2023-09-01 02:00:00,18.130691502896823,23.07861782445528,6.793012697666591,0.0,19,negative
2023-09-01 03:00:00,21.493489839179283,17.833946957848415,12.594095333925232,0.0,19,negative
2023-09-01 04:00:00,24.270072034819766,25.91509174360133,14.40386658071585,0.0,19,negative
2023-09-01 05:00:00,33.18286382862029,19.261091232068203,6.535468071422602,0.04116015851806765,19,negative
2023-09-01 06:00:00,23.34539379825071,69.07198912708449,6.654297753809914,0.0047669291868635555,19,negative
2023-09-01 07:00:00,37.24119417639054,12.291151748865975,0.0,0.0,19,negative
2023-09-01 08:00:00,28.506981515786606,10.852232250020919,10.985245282810098,0.17892214193264447,19,negative
2023-09-01 09:00:00,38.115121865615656,50.682273882685585,9.820251187488878,0.0,19,negative
2023-09-01 10:00:00,26.311231528918935,28.09894918059197,2.2769711147556926,0.0,19,negative
2023-09-01 11:00:00,21.679409003623057,37.625276080244056,0.0,0.0816775527934778,19,negative
2023-09-01 12:00:00,22.228654156395557,43.21306167319761,16.134004412531752,0.0,19,negative
2023-09-01 13:00:00,14.723496990018255,7.728809245977917,11.435054790561908,0.22439159621701968,19,negative
2023-09-01 14:00:00,28.934695817290777,55.96130228243853,0.27962617010413027,0.0,19,negative
2023-09-01 15:00:00,32.340979282714756,50.285589879204224,0.0,0.0,19,negative
2023-09-01 16:00:00,11.758555953996614,42.85209132720576,10.066633117427486,0.0,19,negative
2023-09-01 17:00:00,19.593347029377266,47.0107974551166,8.73987995612061,1.3023200568034672,19,negative
2023-09-01 18:00:00,25.118183678981595,29.525094699219338,2.705295294626608,0.0,19,negative
2023-09-01 19:00:00,22.416747609880996,44.228817804994335,11.48249962147731,0.0,19,negative
2023-09-01 20:00:00,30.75926691667865,29.376129977963437,0.7798771506013331,0.16609937396010413,19,negative
2023-09-01 21:00:00,23.011036435114036,42.45397273519795,1.6777432585853607,0.04204078894521576,19,negative
2023-09-01 22:00:00,27.684019309309132,30.68004663501311,3.322734270176773,0.0,19,negative
2023-09-01 23:00:00,13.18584174348915,68.92047237188105,4.933975300503345,0.0,19,negative
2023-09-02 00:00:00,20.524209719418273,58.711200632304624,4.32565746586742,0.0,19,negative
2023-09-02 01:00:00,28.437994641364533,44.931157050437335,13.503809168289418,0.19249026000663497,19,negative
2023-09-02 02:00:00,22.678466982798486,53.72582863997107,4.473722491405242,0.0,19,negative
2023-09-02 03:00:00,20.246718081778,38.08811159873908,8.422751082072242,0.0819207671982505,19,negative
2023-09-02 04:00:00,19.91445446302042,37.17398378115059,7.486380006439356,0.22838738031095793,19,negative
2023-09-02 05:00:00,30.07964445453089,39.34970747740245,4.184269086402488,0.0,19,negative
2023-09-02 06:00:00,37.79048828224329,19.851718458917084,8.56929809075262,0.0,19,negative
2023-09-02 07:00:00,19.50941078813355,19.96694353133961,4.075516804967565,0.0,19,negative
2023-09-02 08:00:00,16.324057047217767,54.91580589771396,7.954370032636856,0.049177437814294706,19,negative
2023-09-02 09:00:00,22.855664350937644,45.01933857942372,6.276901469712101,0.0370552303639847,19,negative
2023-09-02 10:00:00,11.83082580514753,52.56955448174621,7.9552383011388965,0.0,19,negative
2023-09-02 11:00:00,16.455885404281176,16.582248042298797,0.0,0.0,19,negative
2023-09-02 12:00:00,26.70138576481882,20.580823665430074,0.25775907137845433,0.23546370277438397,19,negative
2023-09-02 13:00:00,18.921333459965478,29.817481660064708,7.355535458786178,0.0,19,negative
2023-09-02 14:00:00,31.99403550473191,65.08193758083983,0.0,0.0,19,negative
2023-09-02 15:00:00,27.587881256478035,28.189531767124624,12.30393234924616,0.3511505323368762,19,negative
2023-09-02 16:00:00,34.633633680294395,50.64074170899029,13.305083132794907,0.12728938629023553,19,negative
2023-09-02 17:00:00,21.220313232253826,30.421198136489657,0.4705392817504652,0.4744965921047857,19,negative
2023-09-02 18:00:00,27.9630984707457,29.824593138785936,14.522962537299865,0.0837126352618599,19,negative
2023-09-02 19:00:00,7.294924252357795,50.11054629340422,1.6071988344200134,0.0,19,negative
2023-09-02 20:00:00,23.64898432627008,40.78198017108143,12.24200528101898,0.0,19,negative
2023-09-02 21:00:00,24.353948458141257,12.416750449248408,15.810688492264148,0.0,19,negative
2023-09-02 22:00:00,19.228481289949244,15.216886414598246,4.34916857067174,0.0,19,negative
2023-09-02 23:00:00,17.769935211871985,52.163693872184325,9.134505079813982,0.070725235643389,19,negative
2023-09-03 00:00:00,20.93134456020763,53.29550685583904,12.54435441642233,0.0,19,negative
2023-09-03 01:00:00,16.55478628688316,42.12184728026557,9.766832930135198,0.6201564687606373,19,negative
2023-09-03 02:00:00,27.993012714452988,21.636887897204062,14.519133869281708,0.0,19,negative
2023-09-03 03:00:00,12.94460439483423,27.063849478048823,5.26769692735688,0.0,19,negative
2023-09-03 04:00:00,20.368184815900076,17.81766629927325,1.02870426888712,0.16229847994693994,19,negative
2023-09-03 05:00:00,24.289894916513305,36.58306335807548,9.353659294802304,0.6234961234054696,19,negative
2023-09-03 06:00:00,23.47193886220115,73.07758347476401,13.872835603735716,0.45135777919963316,19,negative
2023-09-03 07:00:00,17.81302602319008,1.0,13.34347076492349,0.0,19,negative
2023-09-03 08:00:00,17.649376245788062,13.524384756843087,2.2236627840513705,0.2723298482328571,19,negative
2023-09-03 09:00:00,21.285274130699886,45.37388026410922,8.432215691840916,0.0,19,negative
2023-09-03 10:00:00,24.956601123137975,47.43193070241021,0.0,0.6130547095717181,19,negative
2023-09-03 11:00:00,19.085186640898982,51.19353177350363,17.4026486303387,0.0,19,negative
2023-09-03 12:00:00,17.10735948889456,5.675471836132953,12.317818820365819,0.09330861910126484,19,negative
2023-09-03 13:00:00,45.66667735486524,23.9089411994823,18.526375484303323,0.0,19,negative
2023-09-03 14:00:00,13.773884805429066,38.482156829653796,11.85690263275233,0.0,19,negative
2023-09-03 15:00:00,28.70386168441839,47.2393573902299,10.981692502970656,0.46398064610227974,19,negative
2023-09-03 16:00:00,12.600479285550987,33.8482193678715,8.880323318579215,0.0014266679572216001,19,negative
2023-09-03 17:00:00,23.35388252793075,33.54798102784785,1.5168696460752278,0.19161140829744325,19,negative
2023-09-03 18:00:00,19.505229225325607,63.95141800240128,9.100591730886835,0.0,19,negative
2023-09-03 19:00:00,21.057477564074812,6.891252247473744,11.361709244108116,0.0,19,negative
2023-09-03 20:00:00,19.315198960096716,19.20543126326794,8.3638393196068,0.0,19,negative
2023-09-03 21:00:00,29.46190486779701,58.79284261677746,16.639797289770556,0.16434675304011662,19,negative
2023-09-03 22:00:00,12.451035512566945,7.877126325101706,11.159652051947951,0.28961623670267833,19,negative
2023-09-03 23:00:00,18.08655734524856,31.75103852108817,9.912853440453757,0.1492848174196377,19,negative
2023-09-04 00:00:00,11.929092298927303,35.0194430979666,13.993729680772336,1.1985111585002626,19,negative
2023-09-04 01:00:00,15.666722348943741,2.7768697949354575,12.763377925301395,0.01912580313911652,19,negative
2023-09-04 02:00:00,12.82050467398623,9.270121603118284,0.8044959442901725,0.6770726290624713,19,negative
2023-09-04 03:00:00,20.089210110446793,16.868874428590146,8.928540187738186,0.0,19,negative
2023-09-04 04:00:00,39.77593831347622,9.43335325411007,8.80739715156191,0.0,19,negative
2023-09-04 05:00:00,13.75554076861481,36.42878596171191,11.84797183203358,0.0,19,negative
2023-09-04 06:00:00,33.0757030785587,2.334685728569923,3.788832935986397,0.0,19,negative
2023-09-04 07:00:00,29.296210666110802,43.10767566899432,14.166077032597297,0.0,19,negative
2023-09-04 08:00:00,28.364885301782568,50.96555243629134,4.706499169121318,0.0,19,negative
2023-09-04 09:00:00,23.57079171249646,2.1084643623718904,9.90635998966877,0.0,19,negative
2023-09-04 10:00:00,31.319962191436144,43.21916050086947,5.010389638619046,0.0,19,negative
2023-09-04 11:00:00,29.515610447834483,22.581200184768477,7.239774597195762,0.30798441548742994,19,negative
2023-09-04 12:00:00,19.085893897819027,29.984008942291176,8.183625141322421,0.021306342376637172,19,negative
2023-09-04 13:00:00,4.137877291384257,38.58702293498057,0.0,0.6225682255575387,19,negative
2023-09-04 14:00:00,7.8273411284114225,10.273333283580453,10.131775870596458,0.0,19,negative
2023-09-04 15:00:00,19.93279635625501,15.26147324563986,4.7207545558071935,0.0,19,negative
2023-09-04 16:00:00,21.583301877547996,47.34011091562978,12.825460060629574,0.12240446709007732,19,negative
2023-09-04 17:00:00,7.182005712636062,23.650326514006757,7.511553595636541,0.12886202826674129,19,negative
2023-09-04 18:00:00,13.563006309329975,36.04628426335229,20.151515513666403,0.0,19,negative
2023-09-04 19:00:00,21.9775531800658,15.319461841535173,14.217005275207567,0.0,19,negative
2023-09-04 20:00:00,28.445873115727338,55.396937169571174,5.863293226525964,0.3140040322405997,19,negative
2023-09-04 21:00:00,35.6790282550932,44.49092154416838,0.0,0.0,19,negative
2023-09-04 22:00:00,25.26552375536139,8.891858539658013,9.344150852477387,0.006236450262943227,19,negative
2023-09-04 23:00:00,24.90769989171829,43.63293277869963,15.479829799108657,0.0,19,negative
2023-09-05 00:00:00,22.183187683795715,52.21951331282337,19.213703617948838,0.0612293046988589,19,negative
2023-09-05 01:00:00,23.64964901446472,41.48795824653378,9.28021879699129,0.05782660017303201,19,negative
2023-09-05 02:00:00,39.32136665205104,23.764199385253512,13.774529141213497,0.0,19,negative
2023-09-05 03:00:00,10.156646638890209,32.1752338462024,5.2661208312304275,0.0,19,negative
2023-09-05 04:00:00,22.730401781268565,19.66959704528047,15.355039567448577,0.0,19,negative
2023-09-05 05:00:00,34.68844425677121,38.554469961021745,7.821334658596548,0.0,19,negative
2023-09-05 06:00:00,17.380199832632783,36.95089332079754,7.121610503393174,0.06571922552752774,19,negative
2023-09-05 07:00:00,23.019644038712578,28.38549662385047,6.787239179908481,0.0,19,negative
2023-09-05 08:00:00,32.180265071893004,22.268448641780324,6.317208924353215,0.0,19,negative
2023-09-05 09:00:00,15.358555297608069,26.081465845253412,7.017748585924027,0.0,19,negative
2023-09-05 10:00:00,24.563566118278704,19.147145013751256,14.470801619585766,0.0,19,negative
2023-09-05 11:00:00,14.79051479512237,53.36166337879341,9.634692062981381,0.0,19,negative
2023-09-05 12:00:00,24.864640355834496,34.613438065617174,10.725393272407032,0.0,19,negative
2023-09-05 13:00:00,19.300591581822378,4.612598612579248,10.635912703159631,0.0,19,negative
2023-09-05 14:00:00,28.22357287716197,42.225125934135804,6.261678944219954,0.0,19,negative
2023-09-05 15:00:00,23.638733294692567,37.45464271067131,7.309446566184288,0.0020269679327619416,19,negative
2023-09-05 16:00:00,16.293866167234732,30.159881938114175,1.813324274600017,0.0,19,negative
2023-09-05 17:00:00,17.34280794913861,27.949466274105173,5.415316839214095,0.0,19,negative
2023-09-05 18:00:00,11.993923322726832,1.351321008466087,10.28852018696386,0.5687601768662351,19,negative
2023-09-05 19:00:00,28.833102271819033,58.377916243027215,7.178880980324834,0.0,19,negative
2023-09-05 20:00:00,21.805948643654247,58.98861738616806,5.718910739433946,0.10587708098897755,19,negative
2023-09-05 21:00:00,21.360706047147985,60.61944790116108,10.674841529702089,0.0,19,negative
2023-09-05 22:00:00,24.631209354277853,49.56687257678829,7.5719178054276455,0.20876226483454843,19,negative
2023-09-05 23:00:00,17.860656347844102,50.03766083067122,11.809686182408997,0.22009543953888386,19,negative
2023-09-06 00:00:00,18.60447786121862,50.27147971219047,8.723939438021207,0.0,19,negative
2023-09-06 01:00:00,8.912261170365142,44.83997982743152,9.43648422041284,0.4968443872889855,19,negative
2023-09-06 02:00:00,24.88713490447261,28.861734393136256,5.040487480582629,0.08177958303827404,19,negative
2023-09-06 03:00:00,18.28637457345362,67.707943415648,12.559353644217948,0.0,19,negative
2023-09-06 04:00:00,38.29036801808674,28.50715082845531,8.147276837321423,0.0,19,negative
2023-09-06 05:00:00,6.240091648819078,31.444612295885467,5.133330745164162,0.0,19,negative
2023-09-06 06:00:00,24.960397466123542,33.841109520014726,7.381763509105061,0.0,19,negative
2023-09-06 07:00:00,24.411887442672306,35.621375150779144,8.739352957300696,0.0,19,negative
2023-09-06 08:00:00,23.38139181587285,27.283272425514422,0.0,0.8077524325076828,19,negative
2023-09-06 09:00:00,18.263792839361912,33.374347340687784,5.221892701948806,0.0,19,negative
2023-09-06 10:00:00,26.901150682859303,55.540917453170195,2.464162011267261,0.0,19,negative
2023-09-06 11:00:00,6.759962734769456,12.881928039092607,5.056170860114136,0.07740290261290245,19,negative
2023-09-06 12:00:00,15.770351762356203,22.758492878516762,8.180436409472248,0.0,19,negative
2023-09-06 13:00:00,15.718948217962641,64.79332350894857,6.673183134423135,0.14023928345435513,19,negative
2023-09-06 14:00:00,18.785763698316465,41.59957343226769,14.174787798520585,0.0,19,negative
2023-09-06 15:00:00,15.901874597888959,51.51192764451818,10.74840409775509,0.12646080095378495,19,negative
2023-09-06 16:00:00,21.26496581845762,32.194388400767295,12.678573228569967,0.0,19,negative
2023-09-06 17:00:00,34.52576451089509,37.97821333175734,7.465426861826216,0.0327865133153222,19,negative
2023-09-06 18:00:00,9.109915696037325,29.086225922249103,2.4947053437689233,0.3970557361559278,19,negative
2023-09-06 19:00:00,11.51983230736837,27.48043507474568,5.689867534307557,0.02897899649078431,19,negative
2023-09-06 20:00:00,17.134090007842847,41.78618177071982,8.978530637613584,0.3452464306245119,19,negative
2023-09-06 21:00:00,28.801720416931843,34.49839830695684,0.0,0.0,19,negative
2023-09-06 22:00:00,21.840354843742777,39.29013849729167,4.312224273895949,0.0,19,negative
2023-09-06 23:00:00,22.10895534651994,21.192539782818116,5.708860806291598,0.0,19,negative
2020-10-04 00:00:00,27.315023143571985,50.72684833346606,2.7920651514329293,0.0,20,negative
2020-10-04 01:00:00,16.548621552950042,37.76590606382933,7.129990844572204,0.18832903062378245,20,negative
2020-10-04 02:00:00,19.087443259972368,23.089472199873953,7.100803565492949,0.4764322352949749,20,negative
2020-10-04 03:00:00,9.894885187601968,40.19719150452845,14.900463474398117,0.0,20,negative
2020-10-04 04:00:00,17.768991766832833,48.86347228925883,3.078890615655782,0.0,20,negative
2020-10-04 05:00:00,13.681247196914184,6.9484854496358,7.240078676026024,0.0,20,negative
2020-10-04 06:00:00,21.90663589336665,51.725444365710594,17.271277033398114,0.0,20,negative
2020-10-04 07:00:00,30.153726655804796,40.984439751599496,6.084431930624706,0.0,20,negative
2020-10-04 08:00:00,35.01193861665695,19.263467160783158,14.913854557088847,0.0,20,negative
2020-10-04 09:00:00,14.191897718021128,39.6799754272843,18.66455530642665,0.3870621194588504,20,negative
2020-10-04 10:00:00,17.89829555092441,24.32028862722977,8.50104018658036,0.5516567573330946,20,negative
2020-10-04 11:00:00,31.59789908514184,46.09383704632707,0.0,0.13648777010375815,20,negative
2020-10-04 12:00:00,20.567272313061054,35.556622040421,9.244715071303295,0.0,20,negative
2020-10-04 13:00:00,29.822343708368166,23.75385888969057,7.706940161551653,0.0,20,negative
2020-10-04 14:00:00,8.545232248747217,33.35944238598365,17.22377213779548,0.6076688334319614,20,negative
2020-10-04 15:00:00,21.807505650719463,34.15792781885487,9.4386773588216,0.0,20,negative
2020-10-04 16:00:00,10.59911527360037,14.321035148080608,14.654668791657393,1.253948056164227,20,negative
2020-10-04 17:00:00,38.83706078890379,23.98616514835316,9.71199798975463,0.0410336029900947,20,negative
2020-10-04 18:00:00,30.12576149583394,15.026354644344789,4.4332377614925065,0.0,20,negative
2020-10-04 19:00:00,37.43213965906634,23.57734012038207,5.531935079444615,0.0,20,negative
2020-10-04 20:00:00,26.957265818787015,45.20381006454105,3.768220675825999,0.07105115012528943,20,negative
2020-10-04 21:00:00,23.724009598415748,53.934669689424226,6.8075795894078635,0.0,20,negative
2020-10-04 22:00:00,13.792572502884724,62.94840247838364,8.771314735708549,0.0,20,negative
2020-10-04 23:00:00,22.239177664540804,36.279005978651185,0.49845554573969597,0.0,20,negative
2020-10-05 00:00:00,32.015241694687674,36.170873213936304,9.032140614933091,0.46624124884754947,20,negative
2020-10-05 01:00:00,14.775486577651012,50.93453001702477,16.70071885420718,0.0,20,negative
2020-10-05 02:00:00,27.371866306904444,37.85037399022408,7.397355299611371,0.0,20,negative
2020-10-05 03:00:00,18.374386831817983,53.61068955526228,9.907116585210243,0.2136240729437802,20,negative
2020-10-05 04:00:00,32.976137384264625,39.35201747634542,7.517862350438596,0.0,20,negative
2020-10-05 05:00:00,31.994098030175135,53.029449817308134,0.0,0.10374624629486909,20,negative
2020-10-05 06:00:00,23.69693754455976,34.47705118871771,11.048898169863392,0.0,20,negative
2020-10-05 07:00:00,27.42245933861745,30.98057288367511,15.490903150882463,0.0,20,negative
2020-10-05 08:00:00,26.34021272411872,42.40557850560295,13.786406537467819,0.0,20,negative
2020-10-05 09:00:00,21.097823571629696,49.85465571234944,8.870261200210223,0.02909998107626599,20,negative
2020-10-05 10:00:00,30.781822488375724,25.6158602215746,19.653553447251326,0.0,20,negative
2020-10-05 11:00:00,27.09883792535234,24.556290058320712,17.410901468365097,0.0,20,negative
2020-10-05 12:00:00,15.649636279303031,31.00257931670625,4.430342706672042,0.0,20,negative
2020-10-05 13:00:00,19.37081907288396,23.732661969484184,9.35031905791312,0.034666002599151896,20,negative
2020-10-05 14:00:00,14.029548869792261,10.125968554340034,9.554782260747858,0.0,20,negative
2020-10-05 15:00:00,27.84173409568987,43.267615723911916,15.863583878684949,0.0,20,negative
2020-10-05 16:00:00,43.43862557132461,81.50970795249417,0.0,0.3657832696256764,20,negative
2020-10-05 17:00:00,21.94086961722628,42.56348644820483,7.620574954971389,0.0,20,negative
2020-10-05 18:00:00,19.838063396813,24.59073854878815,5.285545700744778,0.06698840752660598,20,negative
2020-10-05 19:00:00,28.748098752481198,27.698889550012545,6.5551564854164734,0.0,20,negative
2020-10-05 20:00:00,20.40962881963848,51.75065825968085,3.402468838824694,0.0,20,negative
2020-10-05 21:00:00,24.43703227214674,41.06432693397195,3.6752025295829354,0.17486046743333836,20,negative
2020-10-05 22:00:00,37.399494478161806,25.582186807389263,15.436503363655955,0.6171479113589705,20,negative
2020-10-05 23:00:00,38.61018554477431,51.141684000770375,3.711186144357913,0.0,20,negative
2020-10-06 00:00:00,14.309792112346674,33.97268698059807,3.949422017290802,0.061903380209953895,20,negative
2020-10-06 01:00:00,36.63939223144356,33.38093305109891,18.55150811962918,0.0922816217478297,20,negative
2020-10-06 02:00:00,33.934117630454416,10.614610902307955,6.567454723109044,0.2107033683858293,20,negative
2020-10-06 03:00:00,34.30164480637713,37.778731790541116,0.0,0.26359650591542005,20,negative
2020-10-06 04:00:00,13.898702004964795,49.010754411682534,12.025037418281379,0.0,20,negative
2020-10-06 05:00:00,17.61192165105942,45.74582361275079,2.352384537840197,0.1391743577636325,20,negative
2020-10-06 06:00:00,24.980143974961862,30.881156103998528,9.988389825228577,0.0,20,negative
2020-10-06 07:00:00,25.979355958052324,14.988465372798593,11.072509902643509,0.06679897445028954,20,negative
2020-10-06 08:00:00,24.56761136451556,44.0182377648725,7.450403412951188,0.0,20,negative
2020-10-06 09:00:00,22.521977023838836,17.780880763180843,12.101080774416301,0.0,20,negative
2020-10-06 10:00:00,24.262237954307064,29.23665724929531,5.759371251476441,0.0,20,negative
2020-10-06 11:00:00,16.325694473456046,42.68309021191749,8.28398316311001,0.058158726284620876,20,negative
2020-10-06 12:00:00,32.70543656037055,38.07173915449247,11.154004667122406,0.07201917143424277,20,negative
2020-10-06 13:00:00,33.20142828635498,43.696781807842825,6.486708994950979,0.3302840463770702,20,negative
2020-10-06 14:00:00,23.65352560383797,51.41876473726079,9.771574096966425,0.0020935917697644524,20,negative
2020-10-06 15:00:00,28.960497238611737,48.97248732163613,6.493889031368432,0.0,20,negative
2020-10-06 16:00:00,27.02372331514701,24.71739811576956,14.356505581088424,0.02987254268325873,20,negative
2020-10-06 17:00:00,21.542042631688517,32.64496530841872,3.872809239056095,0.0,20,negative
2020-10-06 18:00:00,32.482951196584466,53.71612807792082,11.618321073709579,0.03885401893824114,20,negative
2020-10-06 19:00:00,11.312381592983046,37.49253679638153,7.828824794582294,0.18983399400062753,20,negative
2020-10-06 20:00:00,37.24258557963866,36.58790229756712,10.712063705954092,0.0,20,negative
2020-10-06 21:00:00,22.439667597379678,73.86593251868554,3.2981384878214826,0.21612648595245246,20,negative
2020-10-06 22:00:00,14.457394253739945,58.439874296409556,12.010429371093235,0.0,20,negative
2020-10-06 23:00:00,15.088989000361757,55.77335750903906,9.808438576694297,0.3946653284066971,20,negative
2020-10-07 00:00:00,21.518805193747546,42.67302983650399,9.501138276220015,0.08487033864786564,20,negative
2020-10-07 01:00:00,20.846846729527925,17.235449835524832,10.470534118636216,0.0,20,negative
2020-10-07 02:00:00,29.921289600842556,44.99817339756508,7.358949317484876,0.15555516474194667,20,negative
2020-10-07 03:00:00,29.138467901836357,55.82819452485657,15.256433522351752,0.353694075403745,20,negative
2020-10-07 04:00:00,24.82634002371038,40.81819185339855,11.872825917487388,0.0,20,negative
2020-10-07 05:00:00,12.984214620969603,15.510325310073842,7.459499557400551,0.0,20,negative
2020-10-07 06:00:00,10.514634973638092,37.240373415480164,7.521905416417039,0.06494474798500985,20,negative
2020-10-07 07:00:00,38.10383263305967,41.84675510621349,4.516847393168824,0.015868898137115617,20,negative
2020-10-07 08:00:00,22.074423386563783,31.398121193277525,3.6919943941009405,0.05061802685012473,20,negative
2020-10-07 09:00:00,20.57767190980938,47.06144588248173,10.555127902039331,0.0,20,negative
2020-10-07 10:00:00,27.394704590771774,41.36442386843541,6.468848172637129,0.0,20,negative
2020-10-07 11:00:00,17.440852465174853,24.50242005857109,0.0,0.0,20,negative
2020-10-07 12:00:00,34.817678090927785,40.5290031943849,6.117380723274518,0.0,20,negative
2020-10-07 13:00:00,6.372763794165005,39.23146574693636,14.387461315737415,0.39271608032568217,20,negative
2020-10-07 14:00:00,7.8240837900114535,28.790891978349542,14.3963099749156,0.0,20,negative
2020-10-07 15:00:00,10.65351924165147,70.51443768775806,1.7309574187743353,0.0,20,negative
2020-10-07 16:00:00,13.700911994782372,19.459969776295985,5.7392444213242175,0.13968456774319402,20,negative
2020-10-07 17:00:00,32.32425156175681,29.207477419513104,2.9492822290753775,0.0,20,negative
2020-10-07 18:00:00,26.0637086314335,38.605645033301755,9.378699064533663,0.022667369008536276,20,negative
2020-10-07 19:00:00,22.78520683644705,32.275233070646436,13.351218635185612,0.20383085319805214,20,negative
2020-10-07 20:00:00,23.43722521365754,34.901416280429586,9.27930682845034,0.0,20,negative
2020-10-07 21:00:00,28.119826968838563,41.61764613621693,5.897648959786547,0.19940241120124105,20,negative
2020-10-07 22:00:00,22.151918146763098,20.44915042288437,9.7580222271148,0.0,20,negative
2020-10-07 23:00:00,29.683345168884998,47.47320425112273,7.453868346856191,0.24824693402624956,20,negative
2020-10-08 00:00:00,22.013950000462394,40.44963319502984,10.418771888825246,0.3789551076777291,20,negative
2020-10-08 01:00:00,21.273904452225846,49.952255300348355,4.628490529533616,0.0,20,negative
2020-10-08 02:00:00,28.104563041230072,18.087718952449844,8.926146654682078,0.0,20,negative
2020-10-08 03:00:00,19.205047155842323,12.5728392863494,2.804680292005523,0.0,20,negative
2020-10-08 04:00:00,7.963068219453028,13.259831422309666,10.684173734669631,0.04400140590344462,20,negative
2020-10-08 05:00:00,16.433756883161625,27.579017790162002,0.6459309357784022,0.0,20,negative
2020-10-08 06:00:00,15.547651559860437,26.963717231241937,9.73392568293589,0.0,20,negative
2020-10-08 07:00:00,16.36277352292531,5.158423629141069,9.837129229339073,0.0,20,negative
2020-10-08 08:00:00,17.860900338533014,19.4390134179973,8.063812393267623,0.0,20,negative
2020-10-08 09:00:00,22.782071050594432,59.57098280738229,11.523872513025143,0.29196618731852986,20,negative
2020-10-08 10:00:00,27.90623004877251,35.72993417586618,8.22596377261327,0.32208399479572136,20,negative
2020-10-08 11:00:00,14.81553697487585,35.34964472082438,13.948550013248024,0.3471610171117345,20,negative
2020-10-08 12:00:00,19.047576117049775,9.407603519387457,0.0,0.14963987892200745,20,negative
2020-10-08 13:00:00,24.468094570006492,26.23890291370607,9.747284445649203,0.022672709872009478,20,negative
2020-10-08 14:00:00,19.35038978082987,20.88589410510553,0.933632077177478,0.0,20,negative
2020-10-08 15:00:00,9.218740862169327,50.3193164590619,3.0655901939498422,0.24270686983419057,20,negative
2020-10-08 16:00:00,29.65317911876171,35.24869527811187,6.507163938394647,0.0,20,negative
2020-10-08 17:00:00,31.63127409645304,63.14800811216739,15.249059151854777,0.1791660655880152,20,negative
2020-10-08 18:00:00,18.50378592911909,35.06238708171734,10.315289802112716,0.04025014413852249,20,negative
2020-10-08 19:00:00,8.052450717048275,54.60184624438089,5.204403406951103,0.14324154445857648,20,negative
2020-10-08 20:00:00,13.170873538216314,40.85711964968322,3.8872615676825175,0.0,20,negative
2020-10-08 21:00:00,14.170181098027971,8.836998089239692,15.12190081610662,0.0,20,negative
2020-10-08 22:00:00,19.32999311009507,27.17957417477586,15.324501845376174,0.27546906811029215,20,negative
2020-10-08 23:00:00,31.17450425308607,26.244609837661997,8.253332700897891,0.3918126721861942,20,negative
2020-10-09 00:00:00,17.59944712548927,33.567018364945405,5.08194830058375,0.0,20,negative
2020-10-09 01:00:00,11.428846689195355,43.579550288705875,9.553566008714554,0.0,20,negative
2020-10-09 02:00:00,25.596137165216668,29.525893044005343,4.649346293363566,0.0,20,negative
2020-10-09 03:00:00,26.696112041234976,27.390946417864487,5.034738538784708,0.4244383837080976,20,negative
2020-10-09 04:00:00,17.58395477748786,57.87678664823403,9.582378570971033,0.0,20,negative
2020-10-09 05:00:00,14.53820021048777,46.08484170554961,4.941975500277923,0.11184126718149809,20,negative
2020-10-09 06:00:00,28.180917304612684,40.80984081487846,0.0,0.3032754219182613,20,negative
2020-10-09 07:00:00,23.00415696438096,29.9060576632826,8.801818328449023,0.0,20,negative
2020-10-09 08:00:00,24.2579769741372,1.0,3.782269663802463,0.0,20,negative
2020-10-09 09:00:00,20.05900661974922,64.36848886933774,6.914120026679491,0.17887261182335226,20,negative
2020-10-09 10:00:00,28.713847526305855,35.319598367158605,6.925041149053303,0.06027428396067583,20,negative
2020-10-09 11:00:00,25.775097204094443,39.32938642349679,7.306099237162673,0.26758304023844015,20,negative
2020-10-09 12:00:00,29.337367081853298,29.953060701812404,14.156264396780065,0.3423873727864931,20,negative
2020-10-09 13:00:00,33.47027163604622,42.08060124632627,3.157325384739969,0.0,20,negative
2020-10-09 14:00:00,16.79757681346176,35.501420815212136,5.566864314273744,0.12156058281984325,20,negative
2020-10-09 15:00:00,29.531446350478934,42.7776747822003,2.373173041154608,0.0,20,negative
2020-10-09 16:00:00,24.166204882122667,40.14780690343665,4.6277751030645105,0.0,20,negative
2020-10-09 17:00:00,28.507959498156765,25.61635451922809,4.388723420920035,0.062193892635476034,20,negative
2020-10-09 18:00:00,19.345164711406724,53.84236240597666,12.922614864974435,0.338852108101643,20,negative
2020-10-09 19:00:00,27.42324448711372,47.344628395168236,8.291303641332672,0.0,20,negative
2020-10-09 20:00:00,26.753500432738257,42.314085854733264,4.105980857621044,0.0,20,negative
2020-10-09 21:00:00,19.6912427065116,24.40003581429667,0.6344971368217358,0.005435983963389096,20,negative
2020-10-09 22:00:00,24.77126501495201,14.909501355611809,6.795416441362318,0.0,20,negative
2020-10-09 23:00:00,23.455555428079514,18.77116327028512,1.230028820027937,0.0,20,negative
2020-10-10 00:00:00,9.728303901851017,31.510047604180052,6.369614071208865,0.0,20,negative
2020-10-10 01:00:00,24.021740969422815,58.97855926717109,0.0025389970454989808,0.04707065090383264,20,negative
2020-10-10 02:00:00,1.902736750948982,55.90566723225977,0.0,0.0,20,negative
2020-10-10 03:00:00,18.88185736418276,54.35574591159552,13.420780117054322,0.0,20,negative
2020-10-10 04:00:00,19.12200625449919,22.442615553015862,11.936850832221445,0.04707751351770054,20,negative
2020-10-10 05:00:00,15.448131775594128,43.059140179342286,3.5141177929712546,0.0,20,negative
2020-10-10 06:00:00,22.856846918977546,25.363557661080975,5.542256595400323,0.4773137027872393,20,negative
2020-10-10 07:00:00,20.36611839771883,29.605595603245813,7.12437430965639,0.005228980550543161,20,negative
2020-10-10 08:00:00,13.729090538609093,41.408231006875795,9.279100950296204,0.0,20,negative
2020-10-10 09:00:00,36.354044827270094,56.9122034114481,3.9971853362758125,0.3403076015563711,20,negative
2020-10-10 10:00:00,23.82441197620194,13.612050682530679,14.821414768511278,0.0,20,negative
2020-10-10 11:00:00,34.974455426470534,22.633949444205996,7.438989572166398,0.0,20,negative
2020-10-10 12:00:00,19.41408416288936,39.081376147636114,13.463293778190065,0.0,20,negative
2020-10-10 13:00:00,11.906087275618473,13.119341055386329,10.917163747189374,0.0,20,negative
2020-10-10 14:00:00,30.493305384648725,30.889329215261146,0.8463137119972872,0.7305878490055285,20,negative
2020-10-10 15:00:00,44.94370027481361,42.90384527806254,8.68395878041147,0.03706212271014475,20,negative
2020-10-10 16:00:00,10.54928841414051,23.076920135554303,16.71665063995621,0.0,20,negative
2020-10-10 17:00:00,15.89121873897651,16.597770078751417,5.421529455277168,0.17335831356519046,20,negative
2020-10-10 18:00:00,38.39316828677363,32.17598936051068,2.0522410793349373,0.0,20,negative
2020-10-10 19:00:00,24.114707747024006,15.79180133618943,10.010827672263073,0.0,20,negative
2020-10-10 20:00:00,23.109370266006106,23.0440227222548,5.3556478121492495,0.12117084104125483,20,negative
2020-10-10 21:00:00,20.929318127179716,39.6616993524487,3.5168370756726093,0.0,20,negative
2020-10-10 22:00:00,28.338235963609186,8.108339915773367,0.0,0.0,20,negative
2020-10-10 23:00:00,34.58548325407418,48.363825658285435,16.118560977791436,0.0,20,negative
2019-08-09 00:00:00,20.324085376301777,16.287357709090642,9.74841962458398,0.00990663701742392,21,negative
2019-08-09 01:00:00,20.122622476145104,59.27076261579257,7.368271985677198,0.0,21,negative
2019-08-09 02:00:00,9.295402710859094,75.32168349294383,6.133647691223153,0.0,21,negative
2019-08-09 03:00:00,28.9301832955721,27.539649044368467,12.095150450295268,0.0,21,negative
2019-08-09 04:00:00,16.294843991633858,24.480496637271607,8.226534117423713,0.3698687973785738,21,negative
2019-08-09 05:00:00,33.14504076679628,45.54002277417618,7.647882152684545,0.4271117625062718,21,negative
2019-08-09 06:00:00,5.626775377626469,25.770335395523873,9.43910504159444,0.15924655873449103,21,negative
2019-08-09 07:00:00,23.59815467724635,56.87358499966484,12.339699290126319,0.0,21,negative
2019-08-09 08:00:00,20.879754832369844,41.126325293578574,5.756822235718181,0.4197804888346538,21,negative
2019-08-09 09:00:00,13.130190925661687,39.741596756365794,11.677234068025285,0.14844405480020165,21,negative
2019-08-09 10:00:00,17.68960533880601,33.858780553250014,12.05999256392587,0.0,21,negative
2019-08-09 11:00:00,13.448630504725662,52.2587716548954,9.996482364677938,0.013602673008529853,21,negative
2019-08-09 12:00:00,28.074653850139523,67.69833962422948,13.57486017803273,0.0,21,negative
2019-08-09 13:00:00,25.76214373785266,26.637669184346816,5.729369180810831,0.06736349930582944,21,negative
2019-08-09 14:00:00,19.71109454506769,43.1755143280205,7.669891474331298,0.0,21,negative
2019-08-09 15:00:00,9.815845340253482,66.6776890322085,9.625803765207499,0.0,21,negative
2019-08-09 16:00:00,25.69426767762301,67.8377911670913,11.102311798229476,0.0,21,negative
2019-08-09 17:00:00,43.21833350389554,7.261302795644337,6.9699402731158395,0.4555069820935891,21,negative
2019-08-09 18:00:00,16.079983120214294,39.26614527473956,0.0,0.10903114711845144,21,negative
2019-08-09 19:00:00,31.17873938193089,22.351395131186738,1.0485747002892216,0.0,21,negative
2019-08-09 20:00:00,19.293268079588994,26.071584944982966,2.0582696194119317,0.014155231966087478,21,negative
2019-08-09 21:00:00,26.762108091533843,19.01529898315269,3.3637317769812007,0.0,21,negative
2019-08-09 22:00:00,23.429295861574307,57.02069792924094,7.700886593858429,1.137446950066329,21,negative
2019-08-09 23:00:00,25.136827978573987,32.335179057205764,7.24921481254343,0.0,21,negative
2019-08-10 00:00:00,27.528299222226607,35.53253248209957,7.696598416453583,0.0,21,negative
2019-08-10 01:00:00,31.604431991258384,47.50319177097752,8.656029729400982,0.0,21,negative
2019-08-10 02:00:00,31.01909108747195,37.16441220077032,5.114154930884332,0.0,21,negative
2019-08-10 03:00:00,14.270539470094814,50.85993564478793,11.41518541560893,0.0,21,negative
2019-08-10 04:00:00,21.657715410997838,24.789966841252358,0.0,0.035719648613032284,21,negative
2019-08-10 05:00:00,16.058837283845683,21.605504269792206,9.446803123080326,0.3298068391938037,21,negative
2019-08-10 06:00:00,20.972486248791718,56.13375402682152,4.085511402066848,0.19720537366997412,21,negative
2019-08-10 07:00:00,21.592102565779232,51.382794932516276,8.529435410410892,0.0,21,negative
2019-08-10 08:00:00,14.800746326313961,51.43928410546374,0.0,0.0,21,negative
2019-08-10 09:00:00,25.997315911633844,23.78718007454367,3.839755117963562,0.0,21,negative
2019-08-10 10:00:00,33.29124645183537,33.208388426847534,8.672958647261895,0.10646389339740844,21,negative
2019-08-10 11:00:00,23.07827182260884,24.89144467146057,7.6072848791291,0.05470060539330804,21,negative
2019-08-10 12:00:00,21.23508762759659,19.279671780895598,1.168139760075129,0.0,21,negative
2019-08-10 13:00:00,15.912838764057678,38.69904712973805,0.0,0.0,21,negative
2019-08-10 14:00:00,13.518681025655958,35.69445888916008,6.308483912800142,0.04129447708475162,21,negative
2019-08-10 15:00:00,23.37191338743622,64.18207922171891,10.8037120003121,0.0,21,negative
2019-08-10 16:00:00,20.329614348616634,40.18254574235483,14.09321794509478,0.339015806771351,21,negative
2019-08-10 17:00:00,26.247946225476554,30.080977508184077,7.206117530966398,0.0,21,negative
2019-08-10 18:00:00,32.76728998985712,26.107059060804904,4.281205128225151,0.0,21,negative
2019-08-10 19:00:00,28.637604925841245,21.057874669062215,12.088017030108738,0.0,21,negative
2019-08-10 20:00:00,17.63926524507376,58.457889707769,0.6887054594938666,0.006199671756533742,21,negative
2019-08-10 21:00:00,24.55108691396397,3.898004650119624,15.959398179108067,0.3004530381178514,21,negative
2019-08-10 22:00:00,18.574306532695697,20.529191521379055,0.15466628080807432,0.10400250960021754,21,negative
2019-08-10 23:00:00,14.61294500670525,16.046171569986114,9.33959562175075,0.07987494243352156,21,negative
2019-08-11 00:00:00,14.147612812443551,49.924537912407025,10.321052974096899,0.0,21,negative
2019-08-11 01:00:00,22.146453383451036,28.362942046999944,7.690010953154802,0.023160710052351707,21,negative
2019-08-11 02:00:00,17.35808544378058,25.83982793681851,4.370695740721226,0.1581001780095392,21,negative
2019-08-11 03:00:00,28.160939136104425,21.01455097413576,2.0280310372871453,0.2399020296621532,21,negative
2019-08-11 04:00:00,39.24230078631637,19.584421944551785,7.193878051479799,0.0,21,negative
2019-08-11 05:00:00,21.1308626076388,28.12685188670767,13.77539986099277,0.032021167402341344,21,negative
2019-08-11 06:00:00,28.766442589960604,43.84069924499496,12.469741609029933,0.409637243881497,21,negative
2019-08-11 07:00:00,32.64835173430667,69.87205939393871,14.086706407035958,0.015777340239223253,21,negative
2019-08-11 08:00:00,28.77849633444663,45.65652768476893,17.601474526160942,0.0,21,negative
2019-08-11 09:00:00,26.463608651143492,24.783944828495635,10.562725520500674,0.02769976159298887,21,negative
2019-08-11 10:00:00,25.835750433527107,13.844927208778639,11.966132407779488,0.0,21,negative
2019-08-11 11:00:00,23.217543054175238,64.25342449770994,6.087583008660883,0.11358546910584386,21,negative
2019-08-11 12:00:00,22.80216559231404,37.97058740361099,19.109019523213895,0.0,21,negative
2019-08-11 13:00:00,17.461761604093894,63.063541931708315,6.461556172805188,0.07662265157239145,21,negative
2019-08-11 14:00:00,16.07325034856919,16.301187589357163,0.0,0.09599917405663941,21,negative
2019-08-11 15:00:00,21.43827227781254,52.7079187269336,11.147008060310325,0.0,21,negative
2019-08-11 16:00:00,14.854319958418243,48.273998929461726,14.956164181993675,0.09229309611979783,21,negative
2019-08-11 17:00:00,25.3801402903834,16.02961550450032,13.272179038026637,0.0,21,negative
2019-08-11 18:00:00,24.583619192374698,26.084640824487728,7.190025720060786,0.0,21,negative
2019-08-11 19:00:00,19.116402774717645,44.719745955410886,9.39732055835171,0.0,21,negative
2019-08-11 20:00:00,24.967220358225767,22.038680390327258,5.496539880753048,0.19639041800887921,21,negative
2019-08-11 21:00:00,20.508239387052384,61.92070537121882,17.774497958238143,0.018856631569148435,21,negative
2019-08-11 22:00:00,22.950110374668945,14.575216707434077,9.100041528650417,0.0,21,negative
2019-08-11 23:00:00,35.04417517252736,10.90841465314266,9.922421666650587,0.13750689145694503,21,negative
2019-08-12 00:00:00,21.923878516132223,44.99102285466585,13.109843443910487,0.0,21,negative
2019-08-12 01:00:00,28.08973240145223,25.062948520818466,9.227691923866102,0.0,21,negative
2019-08-12 02:00:00,24.656795825119904,27.05984455440041,6.604788162182838,0.0,21,negative
2019-08-12 03:00:00,14.445478927940378,44.02383139717604,5.804282027291013,0.0,21,negative
2019-08-12 04:00:00,32.80654933633528,18.505995681801387,7.002849933401808,0.1111985474657898,21,negative
2019-08-12 05:00:00,19.618532115678235,21.730708135229897,11.571396188467313,0.0693362812179941,21,negative
2019-08-12 06:00:00,29.869228761687133,25.862476826874165,18.665108849746055,0.0,21,negative
2019-08-12 07:00:00,9.318920736621648,61.296272715746426,10.370208337231922,0.0,21,negative
2019-08-12 08:00:00,25.450202458544087,43.56810905225674,9.498838602169753,0.4745309721976393,21,negative
2019-08-12 09:00:00,26.808910251445514,20.511432625623414,12.090954525363955,0.018313671219388206,21,negative
2019-08-12 10:00:00,33.427449173918646,61.46361615351748,9.65238039821631,0.11547696691964879,21,negative
2019-08-12 11:00:00,36.18018344961709,19.727750974955885,9.689820968361904,0.2527596520403059,21,negative
2019-08-12 12:00:00,18.554997198521658,46.464501822972764,9.222297996339828,0.0,21,negative
2019-08-12 13:00:00,15.474509678693039,32.38887551938009,4.152325100796499,0.10575314215067891,21,negative
2019-08-12 14:00:00,21.049902201060725,62.66456259807194,6.703057427656297,0.33202742432456644,21,negative
2019-08-12 15:00:00,33.16073229856629,41.73889061039035,7.344947827233053,0.0,21,negative
2019-08-12 16:00:00,14.424594751544914,64.07072145629738,8.259224443300184,0.3984945470472717,21,negative
2019-08-12 17:00:00,24.621920266281933,53.09257553052261,8.782173341767486,0.0,21,negative
2019-08-12 18:00:00,14.071405711802743,21.24021608421147,15.608289985234755,0.0,21,negative
2019-08-12 19:00:00,8.570204682570958,40.76200888766696,8.705183927867761,0.0,21,negative
2019-08-12 20:00:00,13.836745951289512,19.04157650340687,13.43316907733169,0.06138774732397742,21,negative
2019-08-12 21:00:00,25.829149317294274,38.6713821437018,9.63844352455911,0.0,21,negative
2019-08-12 22:00:00,20.35336516415379,52.47367708137564,15.072950839095562,0.0,21,negative
2019-08-12 23:00:00,20.33392933513774,47.58928038490497,17.410398661078652,0.054376044059322975,21,negative
2019-08-13 00:00:00,15.633937480428003,54.12569177308738,8.293181510535081,0.0,21,negative
2019-08-13 01:00:00,28.306229446570292,16.040539361528552,10.749869783135878,0.0,21,negative
2019-08-13 02:00:00,21.838757959777343,31.30525359040069,0.14168044113455824,0.14870754887065787,21,negative
2019-08-13 03:00:00,23.669986942511287,21.167241279348715,6.370800015618,0.0,21,negative
2019-08-13 04:00:00,17.530913687578636,35.04015691264837,0.0,0.018174885105841337,21,negative
2019-08-13 05:00:00,22.127274279730276,18.50969740264534,0.0,0.0,21,negative
2019-08-13 06:00:00,26.464732421789137,38.16028570203577,12.318240006323022,0.0,21,negative
2019-08-13 07:00:00,23.55550456042826,31.186786741132746,5.914292006923711,0.055863944811642086,21,negative
2019-08-13 08:00:00,33.17625099903479,33.45645243026044,15.382387029583612,0.29920371797615497,21,negative
2019-08-13 09:00:00,25.045527748133292,71.0766420098596,16.263391081092163,0.0,21,negative
2019-08-13 10:00:00,15.619090733065136,67.88273753234435,7.588916029400217,0.2356235173253384,21,negative
2019-08-13 11:00:00,4.726012692694088,39.89436236830734,2.5832302094868016,0.0,21,negative
2019-08-13 12:00:00,12.707478934098466,61.96549756692206,10.757869814383644,0.44997332000726975,21,negative
2019-08-13 13:00:00,13.815807748059898,58.23768867061963,0.0,0.15953895354060063,21,negative
2019-08-13 14:00:00,16.947015040464393,28.280651971244644,5.417517910455855,0.015632134164527828,21,negative
2019-08-13 15:00:00,11.92249354679446,28.363597896027954,8.580141986434356,0.0,21,negative
2019-08-13 16:00:00,24.36280317296843,52.498103019415794,0.6091156402144993,0.0005608948178668915,21,negative
2019-08-13 17:00:00,27.688039353091398,40.14786133687038,3.6941244267041116,0.0,21,negative
2019-08-13 18:00:00,17.74981454438015,23.339546579094186,10.434738802484041,0.13279981273877653,21,negative
2019-08-13 19:00:00,17.81670131977112,26.646972121293423,2.651016000966509,0.0,21,negative
2019-08-13 20:00:00,22.454587576208358,29.063776309117028,13.500047177437178,1.398898798139766,21,negative
2019-08-13 21:00:00,26.12854830139761,25.81630689542271,0.0,0.0,21,negative
2019-08-13 22:00:00,16.630113511219843,23.771256945625105,12.905099634298601,0.0,21,negative
2019-08-13 23:00:00,39.695037122213165,23.54418243211422,15.987241530322073,0.0,21,negative
2019-08-14 00:00:00,20.14188993568909,42.10333095410352,14.203666245706053,0.043242759540087244,21,negative
2019-08-14 01:00:00,20.90886578228286,25.589938683238223,0.0,0.0,21,negative
2019-08-14 02:00:00,16.32104538037259,18.869770645747586,10.110958250721573,0.0,21,negative
2019-08-14 03:00:00,28.448639130244942,42.25398972890782,5.999033941513741,0.0,21,negative
2019-08-14 04:00:00,12.478231246766063,46.25507905048064,8.936821205256328,0.0,21,negative
2019-08-14 05:00:00,26.01512303738504,25.36376879162414,0.4047086253953296,0.12528152235932719,21,negative
2019-08-14 06:00:00,27.50974730889926,26.969617950935984,10.045550995650201,0.44667592873046336,21,negative
2019-08-14 07:00:00,31.10960642467152,26.531617453520063,0.5561947728287437,0.0,21,negative
2019-08-14 08:00:00,19.506191896359113,56.93475699930738,4.3577729392931595,0.0,21,negative
2019-08-14 09:00:00,17.064711215053453,27.02403805566999,7.943865779566863,0.02213930632290728,21,negative
2019-08-14 10:00:00,30.67487965061561,32.827683829855296,20.395672873626676,0.0,21,negative
2019-08-14 11:00:00,34.71892937459927,55.8701809697973,5.941579955771756,0.18388410897113475,21,negative
2019-08-14 12:00:00,14.629617470960827,21.352678621406675,7.996970251125709,0.12255111426321438,21,negative
2019-08-14 13:00:00,9.181157864470682,69.40257984988796,6.702415714184689,0.0,21,negative
2019-08-14 14:00:00,16.990100532692466,30.994856913622485,6.210609443778958,0.0,21,negative
2019-08-14 15:00:00,21.883280716575083,47.072995228116056,9.13609968549388,0.2726980788579082,21,negative
2019-08-14 16:00:00,21.921513425556526,38.46878832658836,6.793471586583642,0.0,21,negative
2019-08-14 17:00:00,24.580979436127397,32.62887718230649,7.060449327243396,0.2641250481836408,21,negative
2019-08-14 18:00:00,22.243551389416254,34.154583481716195,5.2057917239432,0.08039201964203888,21,negative
2019-08-14 19:00:00,28.62460794038536,61.7578525685112,4.981851446776194,0.0,21,negative
2019-08-14 20:00:00,6.726901469738541,47.43564597532831,0.7170894249640751,0.2989332451966018,21,negative
2019-08-14 21:00:00,24.657802632126547,25.677514468665315,4.208232449985449,0.0,21,negative
2019-08-14 22:00:00,27.837007935348204,21.006644053733847,7.729225678887321,0.0,21,negative
2019-08-14 23:00:00,28.55912617063211,47.718826311242644,0.0,0.0,21,negative
2019-08-15 00:00:00,17.11395274832951,38.54438297895011,3.3054562980835174,0.03283714316512737,21,negative
2019-08-15 01:00:00,42.410791628968816,36.90748341927549,5.700761411768216,0.0,21,negative
2019-08-15 02:00:00,10.247760342095841,56.73444929246688,9.564415537983052,0.0,21,negative
2019-08-15 03:00:00,13.869453678969975,35.229235687232396,12.659976966692437,0.7293413103979214,21,negative
2019-08-15 04:00:00,30.90727473493737,33.625496720646446,3.3487830749645155,0.0,21,negative
2019-08-15 05:00:00,35.988431017037676,14.176799951819941,4.340535220269267,0.0,21,negative
2019-08-15 06:00:00,23.731656347629077,23.131387726129216,12.823966181824115,0.0,21,negative
2019-08-15 07:00:00,24.65112534814465,25.814051186247287,5.7084769008282095,0.0,21,negative
2019-08-15 08:00:00,11.504567510292963,54.91677321699669,16.50104544337919,0.0,21,negative
2019-08-15 09:00:00,24.848835939446452,52.78703064273989,17.777804192838445,0.0,21,negative
2019-08-15 10:00:00,8.115699893129658,30.266694675087216,10.503441257416096,0.07249030067905007,21,negative
2019-08-15 11:00:00,36.26213396032291,59.44062759203949,3.9203492937063507,0.0,21,negative
2019-08-15 12:00:00,16.003566910482903,32.073073338407454,6.872838253333084,0.1992501287530252,21,negative
2019-08-15 13:00:00,14.892282690129324,1.0,0.0,0.07185304776029919,21,negative
2019-08-15 14:00:00,16.754467288023427,37.8076160092282,2.6010304723557027,0.0,21,negative
2019-08-15 15:00:00,14.56442065878312,18.26518998260328,5.227531278521773,0.0,21,negative
2019-08-15 16:00:00,27.512454535790486,20.157059223955663,6.212016858351143,0.0,21,negative
2019-08-15 17:00:00,28.47107980830054,32.68581085973444,13.253483616995972,0.6890063093845997,21,negative
2019-08-15 18:00:00,21.60506713252144,26.36163474455101,1.869769510571981,0.0,21,negative
2019-08-15 19:00:00,35.863422065881785,22.206367956108004,7.362725090811168,0.49980209207206294,21,negative
2019-08-15 20:00:00,10.326177824767926,23.191215059856486,5.750084941854096,0.0,21,negative
2019-08-15 21:00:00,20.19179987936619,10.275010389449456,4.870268942465138,0.09844654966776004,21,negative
2019-08-15 22:00:00,11.134039416843699,29.672814577323933,9.46421879969034,0.3228740891146976,21,negative
2019-08-15 23:00:00,24.73219516928678,12.183105809224532,12.442247864661027,0.10604291705431149,21,negative
2019-08-31 00:00:00,22.445323228075736,51.87227039458761,6.353254703816926,0.14338555968931685,22,negative
2019-08-31 01:00:00,32.98035427277797,62.611487033521925,4.532811469411186,0.6560386032301647,22,negative
2019-08-31 02:00:00,30.360340346091633,33.827824972838414,10.972942543689918,0.06008976276868966,22,negative
2019-08-31 03:00:00,17.50156339554765,41.28911995100389,7.969036527450315,0.0,22,negative
2019-08-31 04:00:00,14.082778828572799,25.213746134054468,12.642599254013021,0.05137689550153188,22,negative
2019-08-31 05:00:00,27.99930334657294,41.60166054898427,10.064131535782199,0.0,22,negative
2019-08-31 06:00:00,25.260776443373075,42.13043875496304,0.9778891713630955,0.3238969042348947,22,negative
2019-08-31 07:00:00,13.768627004143658,51.60717511481013,16.270500517918066,0.0,22,negative
2019-08-31 08:00:00,34.51851689497329,36.30082060297294,13.06359909579351,0.04803605535169167,22,negative
2019-08-31 09:00:00,33.523160428799365,38.146136500362445,1.1827277059354167,0.0,22,negative
2019-08-31 10:00:00,26.125248368854447,31.76058347698462,11.288658610763353,0.0,22,negative
2019-08-31 11:00:00,17.23592544708104,18.710324250326888,6.040923087333278,0.3769662015202089,22,negative
2019-08-31 12:00:00,6.324865565952395,23.29885383927465,0.0,0.0749231400735916,22,negative
2019-08-31 13:00:00,31.578517874297788,17.208254274067468,11.515798729306647,0.37816605787047386,22,negative
2019-08-31 14:00:00,33.6283050500588,37.00270070586818,12.292172278982413,0.2719519353247809,22,negative
2019-08-31 15:00:00,9.412682772715566,35.43047163619091,9.993052817342058,0.0,22,negative
2019-08-31 16:00:00,17.44990286878948,37.900932265424686,8.795557782764872,0.0,22,negative
2019-08-31 17:00:00,21.42020099092799,22.17943246040659,9.398537041924815,0.27802158136507205,22,negative
2019-08-31 18:00:00,18.47990587235172,44.98661399035351,13.139157942161479,0.15418442426310788,22,negative
2019-08-31 19:00:00,13.660453439514205,36.49468650292987,3.4428421856827383,0.19902589152119723,22,negative
2019-08-31 20:00:00,14.739706423840689,54.157450060321786,11.91665734509921,0.07946165519710893,22,negative
2019-08-31 21:00:00,30.41377672156397,30.941004326395028,5.871951282362872,0.08549314094069171,22,negative
2019-08-31 22:00:00,20.679042798620678,14.681290362920013,13.037333668329126,0.0,22,negative
2019-08-31 23:00:00,34.04755299183186,38.64454516971273,7.8999925632664345,0.0,22,negative
2019-09-01 00:00:00,9.692269239704101,26.21956543095489,3.5631851407239594,0.3133787298618004,22,negative
2019-09-01 01:00:00,28.985411424132824,26.638723790255916,12.526840208232874,0.15259562742888347,22,negative
2019-09-01 02:00:00,26.857139733021473,28.169007787390285,4.178759280074758,0.19347636178182046,22,negative
2019-09-01 03:00:00,29.353345466465353,34.24426991774387,4.4903183868385375,0.0,22,negative
2019-09-01 04:00:00,23.633304122590616,26.688986976071934,7.641297063051301,0.0,22,negative
2019-09-01 05:00:00,18.44455220252364,39.40705341139268,10.772520420720536,0.0,22,negative
2019-09-01 06:00:00,28.063741717476095,58.9052349421121,3.9069981429913163,0.5400907142230614,22,negative
2019-09-01 07:00:00,21.884557954238733,47.870408662236485,11.505808590797148,0.0,22,negative
2019-09-01 08:00:00,1.7076371281183498,53.794653423263114,9.677313132148202,0.21576994722661338,22,negative
2019-09-01 09:00:00,27.788230773830445,37.54223865249445,9.906146492890255,0.0,22,negative
2019-09-01 10:00:00,25.442202947445725,12.907623522954719,7.284868651085455,0.0,22,negative
2019-09-01 11:00:00,27.192495044471137,55.96955362376059,1.7927401872383717,0.0,22,negative
2019-09-01 12:00:00,14.941045431022651,28.191420920924948,10.06211579099434,0.2626076947243855,22,negative
2019-09-01 13:00:00,27.2202413815922,50.98069655113963,13.508796306646385,0.0,22,negative
2019-09-01 14:00:00,33.087431555781784,56.991084273143585,15.763399656185843,0.0,22,negative
2019-09-01 15:00:00,15.985260213517778,20.23638212779873,2.491100567125904,0.0,22,negative
2019-09-01 16:00:00,28.7828148519234,54.598376614810164,5.572214418188244,0.0,22,negative
2019-09-01 17:00:00,21.166499572788435,25.470796252022915,11.678747648803096,0.1267052606020779,22,negative
2019-09-01 18:00:00,23.13458540095685,40.37458158793887,11.077256239787419,0.0454876230252943,22,negative
2019-09-01 19:00:00,15.292080351025142,48.44492823114419,9.276830588402797,0.0,22,negative
2019-09-01 20:00:00,23.87383753156936,40.1671621508758,13.40891833582062,0.14793453346171068,22,negative
2019-09-01 21:00:00,32.59987482923354,35.34749534464741,5.469233746257007,0.34331452371900173,22,negative
2019-09-01 22:00:00,13.989057933259364,8.886276743648857,11.386999401796018,0.0,22,negative
2019-09-01 23:00:00,9.059077209313479,20.743581261044625,11.757915945726666,0.0,22,negative
2019-09-02 00:00:00,28.675353938201194,33.47419215276745,5.096862503668111,0.0,22,negative
2019-09-02 01:00:00,2.9432846219522943,17.847734815273025,12.741396871093508,0.219840932011216,22,negative
2019-09-02 02:00:00,33.24932844073853,41.61304019672049,0.0,0.7380433839743307,22,negative
2019-09-02 03:00:00,32.59724541238906,59.3458135802533,14.813238715036217,0.0,22,negative
2019-09-02 04:00:00,11.547393067403478,34.390526150622776,8.074035091151313,0.09030454489536613,22,negative
2019-09-02 05:00:00,23.82233040097769,35.25021768321157,8.367475740717294,0.0,22,negative
2019-09-02 06:00:00,27.011520688492546,24.13193848973006,2.7118980268721566,0.15337366152189733,22,negative
2019-09-02 07:00:00,8.871669644514531,59.56621188807159,0.0,0.0,22,negative
2019-09-02 08:00:00,29.774831764667578,35.0051283361741,1.4176159811907958,0.0,22,negative
2019-09-02 09:00:00,22.53603473440385,31.759275673370333,4.880388546085461,0.0,22,negative
2019-09-02 10:00:00,17.344627104381157,71.51799003273737,6.799914240916136,0.0,22,negative
2019-09-02 11:00:00,17.66691083609769,61.6542626425729,0.0,0.22958629883305967,22,negative
2019-09-02 12:00:00,20.085680224988764,13.648998430369819,3.9046183606844194,0.0,22,negative
2019-09-02 13:00:00,15.084854242751298,38.89345892330064,16.645766143431757,0.0,22,negative
2019-09-02 14:00:00,10.371900171804034,22.298056072296653,6.572971306273689,0.0,22,negative
2019-09-02 15:00:00,23.216110760927346,39.686644131171,16.652639775594295,0.06819496155226121,22,negative
2019-09-02 16:00:00,12.78244442499272,52.3070919537285,14.315122883905119,0.0,22,negative
2019-09-02 17:00:00,20.028844838328304,44.33819603823592,6.94460093160235,0.0866333849191813,22,negative
2019-09-02 18:00:00,26.507794263779736,48.38377215461867,15.205436151896647,0.1584180218306729,22,negative
2019-09-02 19:00:00,17.60869093132751,24.03862335571153,9.130826579306365,0.15890452159377014,22,negative
2019-09-02 20:00:00,22.683060477630516,36.72284057429323,8.18568007688483,0.027068692112208553,22,negative
2019-09-02 21:00:00,27.925448271962825,53.30431286876474,4.218337896531809,0.0,22,negative
2019-09-02 22:00:00,18.61913504089874,26.514914641999123,0.0,0.0,22,negative
2019-09-02 23:00:00,25.834562956362305,32.673503721516916,7.955210518014574,0.024254676731092162,22,negative
2019-09-03 00:00:00,33.288957561309054,28.70353205715446,2.141939428330552,0.20737891892624613,22,negative
2019-09-03 01:00:00,37.068490106959565,17.58649162357418,11.25067847790142,0.21128267647960944,22,negative
2019-09-03 02:00:00,3.0757262448459173,41.15333785412728,11.017053185365475,0.07484611134917399,22,negative
2019-09-03 03:00:00,16.828491511282262,26.140064712140294,6.357157520621893,0.5774462377744772,22,negative
2019-09-03 04:00:00,18.07378365794586,29.832871209763315,13.95395911923314,0.0,22,negative
2019-09-03 05:00:00,8.007532613827276,53.101776608514726,7.039911203297089,0.0,22,negative
2019-09-03 06:00:00,21.11026301013865,38.1391505116869,5.379743864408171,0.0,22,negative
2019-09-03 07:00:00,14.30189940952883,30.472607332262207,0.0,0.1174987284028052,22,negative
2019-09-03 08:00:00,20.591298427522965,45.05156137605738,10.382872921331249,0.32646825435121707,22,negative
2019-09-03 09:00:00,21.937795771405227,40.82341089108762,3.1935779369402786,0.0,22,negative
2019-09-03 10:00:00,21.19115253195796,24.803354294063514,15.127320866247132,0.0,22,negative
2019-09-03 11:00:00,16.268148879035685,30.9268934224163,8.665032909940498,0.0,22,negative
2019-09-03 12:00:00,24.17396826347412,36.02981816693462,1.0467162576495994,0.0,22,negative
2019-09-03 13:00:00,19.01112764086407,43.40739057647536,6.188154827182106,0.04811822023127607,22,negative
2019-09-03 14:00:00,21.62490640560881,55.35794096377968,13.759517196321529,0.0,22,negative
2019-09-03 15:00:00,22.137125343785613,53.34160231223471,9.361723623790192,0.0,22,negative
2019-09-03 16:00:00,10.896901559075028,63.78184895912101,4.043127987172918,0.0,22,negative
2019-09-03 17:00:00,19.190994097399464,1.0,2.574374276044166,0.20818953443199087,22,negative
2019-09-03 18:00:00,18.959673779974242,13.583192480303136,8.126489432830589,0.2999997870156016,22,negative
2019-09-03 19:00:00,28.916153597391443,21.656828309209395,9.353668550675796,0.34001666731769953,22,negative
2019-09-03 20:00:00,42.79222515832443,42.554355800409716,7.272471012587663,0.0,22,negative
2019-09-03 21:00:00,17.571200134005085,23.586297802887234,4.0580163690940685,0.08420736141451005,22,negative
2019-09-03 22:00:00,17.579088338230093,3.058716400423684,2.1701613956005277,0.07260882787860115,22,negative
2019-09-03 23:00:00,19.981407547269306,32.988775997954434,13.849072257095465,0.0,22,negative
2019-09-04 00:00:00,27.05934177704723,24.981752753186115,10.879383183761668,0.0,22,negative
2019-09-04 01:00:00,20.067606601154477,47.30200486266916,11.740124038412498,0.0,22,negative
2019-09-04 02:00:00,18.227010640041716,58.987213767224816,10.946654057489845,0.0,22,negative
2019-09-04 03:00:00,16.77532509368196,50.373462604132094,8.577000430265796,0.0,22,negative
2019-09-04 04:00:00,22.91980140450075,40.066953119554874,7.716554262846142,0.0,22,negative
2019-09-04 05:00:00,32.074707809695894,42.97832178802699,14.873594952478136,0.0,22,negative
2019-09-04 06:00:00,27.522648040036923,50.06684478307912,13.09519140008305,0.0,22,negative
2019-09-04 07:00:00,27.049513552653476,64.35692173457129,5.301521073672545,0.0,22,negative
2019-09-04 08:00:00,20.283916186798926,29.478992828542857,0.0,0.0,22,negative
2019-09-04 09:00:00,13.79167632762978,37.54722363119146,0.8906941116255673,0.11459272197304313,22,negative
2019-09-04 10:00:00,15.716831712478417,17.960571138364134,8.971717322408532,0.6413374757726104,22,negative
2019-09-04 11:00:00,17.406727231309016,37.57684422799431,11.999947268172086,0.0,22,negative
2019-09-04 12:00:00,14.070460208068003,35.35225500023412,10.696262901290412,0.021899221959604365,22,negative
2019-09-04 13:00:00,13.429363213650388,30.23049348094429,13.878930125376272,0.0,22,negative
2019-09-04 14:00:00,14.055272005529968,23.91782120290025,9.9055004730493,0.0,22,negative
2019-09-04 15:00:00,15.92614596392038,38.66705909553361,15.747099768698888,0.0,22,negative
2019-09-04 16:00:00,33.986672862236105,26.378461721256677,9.728959606290992,0.1600772189981822,22,negative
2019-09-04 17:00:00,24.602588738416895,30.537634277012177,11.590878113473696,0.0,22,negative
2019-09-04 18:00:00,26.170808396756915,31.92978502433271,12.305764484945193,0.0,22,negative
2019-09-04 19:00:00,13.891827007250592,13.866073626980807,7.717852854018302,0.0,22,negative
2019-09-04 20:00:00,16.465347399465447,18.38737093146788,15.39838114769412,0.8460230769604419,22,negative
2019-09-04 21:00:00,11.707634376613262,38.72507800648654,16.4341057728083,0.0,22,negative
2019-09-04 22:00:00,21.690245548183487,54.36136191617714,12.39114669108223,0.0,22,negative
2019-09-04 23:00:00,17.341274172798453,41.839368594299195,1.1960795232365644,0.6552039667052375,22,negative
2019-09-05 00:00:00,33.451701207641996,54.52989027111683,10.18742349667688,0.16203483544715333,22,negative
2019-09-05 01:00:00,16.56422057108745,32.42451452991924,1.7479442474701852,0.031120226121350625,22,negative
2019-09-05 02:00:00,36.138361905242846,41.01253815288009,9.094133144805182,0.0,22,negative
2019-09-05 03:00:00,8.888121706299943,16.57705361685443,0.0,0.38315486166526,22,negative
2019-09-05 04:00:00,25.071086435258874,20.5206507077098,8.739596699545737,0.0,22,negative
2019-09-05 05:00:00,37.6615787387779,46.556155261238274,7.125797480208283,0.0,22,negative
2019-09-05 06:00:00,32.81447986942369,4.891577933141615,15.410345188982081,0.0,22,negative
2019-09-05 07:00:00,17.72029636050008,29.67608041121123,9.600420693878776,0.36927416879634756,22,negative
2019-09-05 08:00:00,23.748569994191943,40.71221771542204,6.380156438093853,0.3273265683670459,22,negative
2019-09-05 09:00:00,30.451328976022843,49.946589682440674,10.138051164215678,0.0,22,negative
2019-09-05 10:00:00,28.968484672917846,75.1476186002622,14.090335350243542,0.541144313898595,22,negative
2019-09-05 11:00:00,14.706565701225044,31.08289617861334,6.341075722000102,0.30649000905052304,22,negative
2019-09-05 12:00:00,16.397950038485604,52.88265757280605,1.0521849705235216,0.0,22,negative
2019-09-05 13:00:00,20.91907193659721,22.361614262067327,1.7088307300785175,0.11067818794774772,22,negative
2019-09-05 14:00:00,15.908113367368617,35.152014968513285,4.897646058428694,0.001985273899063167,22,negative
2019-09-05 15:00:00,21.961074254229658,50.21362356103137,15.353727327443952,0.2748773351902041,22,negative
2019-09-05 16:00:00,23.80434495016416,32.25219474056239,10.406243100295391,0.0,22,negative
2019-09-05 17:00:00,32.606781464707296,6.669430562668566,6.827511281438961,0.05930199305255482,22,negative
2019-09-05 18:00:00,21.78972833966311,20.91240451855832,1.503166603797613,0.06270681211926649,22,negative
2019-09-05 19:00:00,15.94459319682868,8.676492627415968,12.282864300049491,0.0,22,negative
2019-09-05 20:00:00,21.073007220334116,21.28172610858457,7.43279278314753,0.14028267214588083,22,negative
2019-09-05 21:00:00,9.082405711769603,11.540335748906088,4.861173385437947,0.0,22,negative
2019-09-05 22:00:00,18.029664816929756,44.64224862750529,13.444169722241735,0.0,22,negative
2019-09-05 23:00:00,26.483458750048833,39.08149328035509,8.047540454576591,0.0,22,negative
2019-09-06 00:00:00,13.776066339178975,14.736222845421096,7.257476025194581,0.0,22,negative
2019-09-06 01:00:00,10.405900921748987,36.08892570653011,3.6239183586989565,0.0,22,negative
2019-09-06 02:00:00,16.99720466751433,18.192852524824303,11.033295589796431,0.6599990435059733,22,negative
2019-09-06 03:00:00,28.521712455900705,28.347554718405956,5.971569690581572,0.0,22,negative
2019-09-06 04:00:00,21.81527465046768,63.100739612201835,0.0,0.0707410669351253,22,negative
2019-09-06 05:00:00,35.23619230116662,46.48726244392249,6.347647653144878,0.0,22,negative
2019-09-06 06:00:00,19.425909120880007,24.41321621433918,6.058658279041682,0.0,22,negative
2019-09-06 07:00:00,14.427015000643344,51.65011751163447,4.132758236891082,0.0,22,negative
2019-09-06 08:00:00,10.449824884809567,35.46216022623788,2.2203697788863037,0.30536027487163686,22,negative
2019-09-06 09:00:00,21.12569671923134,50.85458397771403,10.202068438698982,0.0,22,negative
2019-09-06 10:00:00,20.96066256016794,29.965396022742237,11.955703192471178,0.005171584090441161,22,negative
2019-09-06 11:00:00,28.675473235581567,53.53920408401089,3.793066085121114,0.5903918909688997,22,negative
2019-09-06 12:00:00,17.634435948683166,12.995560613698803,5.652986341830712,0.0,22,negative
2019-09-06 13:00:00,13.635395661317219,54.87794162980923,5.832777710234614,0.10016449016757187,22,negative
2019-09-06 14:00:00,16.545495477476578,32.84027075266761,3.4490846740380006,0.0,22,negative
2019-09-06 15:00:00,32.70543333486713,42.1180502770847,13.144088895887247,0.0,22,negative
2019-09-06 16:00:00,27.23862762526332,20.42835024919293,1.313407434835737,0.0,22,negative
2019-09-06 17:00:00,23.828306667291308,35.80018679448725,11.587792063138327,0.270303142201858,22,negative
2019-09-06 18:00:00,33.757834713549606,17.14485502541247,15.510081227251124,0.2474808852566305,22,negative
2019-09-06 19:00:00,19.070159868383723,9.972624753902355,1.0825054346544096,0.20900955625385767,22,negative
2019-09-06 20:00:00,38.113132722459376,35.25620000304768,4.914079416240935,0.21941679250957138,22,negative
2019-09-06 21:00:00,11.41822139995367,48.11864044520585,7.539656276404577,0.44121378879272843,22,negative
2019-09-06 22:00:00,27.025675171411603,47.44904474085905,6.78947584628661,0.0,22,negative
2019-09-06 23:00:00,15.01135215736656,14.461295841663773,12.551973599090456,0.0,22,negative
2021-09-06 00:00:00,29.62000431673653,37.03871603461345,6.53590822114777,0.0,23,negative
2021-09-06 01:00:00,24.413061863701422,31.720504753298076,12.510919639777107,0.21429778906495459,23,negative
2021-09-06 02:00:00,26.92886218797629,59.61272624333806,9.362779573298598,0.19054090039854646,23,negative
2021-09-06 03:00:00,26.575121969420636,63.471372267762824,9.857802108469144,0.12059273503309006,23,negative
2021-09-06 04:00:00,21.709791771872347,23.384171964758615,1.9591215715941548,0.06982866179870062,23,negative
2021-09-06 05:00:00,13.93312502925968,46.18796749675148,10.080083151918808,0.15749417689916165,23,negative
2021-09-06 06:00:00,17.88230381933425,23.13905128275184,9.891859190498788,0.0,23,negative
2021-09-06 07:00:00,12.151773307149774,64.0778831351052,4.042959170187274,0.0,23,negative
2021-09-06 08:00:00,20.06291385456498,53.79287853736871,0.0,0.0,23,negative
2021-09-06 09:00:00,14.708211988349575,38.967878601623816,4.619965191380998,0.43333882282451996,23,negative
2021-09-06 10:00:00,22.99696069313881,24.37862674488146,6.494543390811548,0.0,23,negative
2021-09-06 11:00:00,23.421412862097604,41.58143725281981,7.992976961588425,0.32390136460648067,23,negative
2021-09-06 12:00:00,19.277858632786714,44.09987562261288,4.650585968104996,0.0,23,negative
2021-09-06 13:00:00,22.253745063662482,31.73389764850265,13.970719462697962,0.08011790183155112,23,negative
2021-09-06 14:00:00,16.597432813882804,53.48643064518164,17.150245815767672,0.004324463824211283,23,negative
2021-09-06 15:00:00,22.40284424270643,41.86846069423314,12.087139136178335,0.36669593703312797,23,negative
2021-09-06 16:00:00,24.50473547739809,48.892233851691,10.29886900222261,0.34458737143826124,23,negative
2021-09-06 17:00:00,14.653046104799362,30.06179420935664,5.386154009610903,0.0,23,negative
2021-09-06 18:00:00,8.787158206312677,28.645587521117772,6.680588367818702,0.0,23,negative
2021-09-06 19:00:00,26.445902726721123,37.821833654087335,6.715444112347118,0.01811492665300732,23,negative
2021-09-06 20:00:00,29.016552780009743,33.47266674065898,5.831051024965452,0.18878410666898152,23,negative
2021-09-06 21:00:00,16.138045221162336,27.0398911488334,5.18770843354906,0.0,23,negative
2021-09-06 22:00:00,27.24603965454472,41.10668102810912,15.73368703640392,0.03406957563206231,23,negative
2021-09-06 23:00:00,37.651374185876605,43.38737719506244,10.715526111867653,0.0038779962304512916,23,negative
2021-09-07 00:00:00,28.60811917996399,25.158246049353657,0.6477223780921078,0.0,23,negative
2021-09-07 01:00:00,12.006547242938629,41.58277684393398,3.598343135833189,0.0,23,negative
2021-09-07 02:00:00,32.10359988616557,42.93766711134779,14.231823547380996,0.5070353949605679,23,negative
2021-09-07 03:00:00,39.8733974466084,46.19247850239361,3.4972422018815337,0.0,23,negative
2021-09-07 04:00:00,20.779983790279456,31.243639123435088,0.0,0.0,23,negative
2021-09-07 05:00:00,10.91397616847558,1.0,6.279931794383479,0.0,23,negative
2021-09-07 06:00:00,15.107703898915574,1.0,3.7457856202347575,0.0,23,negative
2021-09-07 07:00:00,16.92676847923125,40.810155143799975,14.963303242377812,0.011126893847322156,23,negative
2021-09-07 08:00:00,30.211154352815882,51.636900344726726,2.9056961646664368,0.23137666387370218,23,negative
2021-09-07 09:00:00,29.96125882692373,28.460592829272812,4.046866749848544,0.40318300431225707,23,negative
2021-09-07 10:00:00,10.146969025698567,18.679931254005606,4.666218262082833,0.0,23,negative
2021-09-07 11:00:00,23.751300172445315,50.485563193281976,3.3906497281829067,0.30761515540572104,23,negative
2021-09-07 12:00:00,26.191295749997316,23.019996438394465,4.982480422527895,0.16097803784844097,23,negative
2021-09-07 13:00:00,24.3267680113087,58.119357077242526,2.8535554184981002,0.0,23,negative
2021-09-07 14:00:00,21.52481135208039,8.518780423849535,3.526365721859359,0.0,23,negative
2021-09-07 15:00:00,19.46777771887499,41.29271432670056,17.24461418620716,0.1482409454917086,23,negative
2021-09-07 16:00:00,18.121780824640094,21.56028720633933,1.6601026925535134,0.076884844703525,23,negative
2021-09-07 17:00:00,22.01183992949478,7.792964793756969,8.090752639727326,0.0514223882983772,23,negative
2021-09-07 18:00:00,22.094621753079807,54.042447398091355,10.315339805379695,0.0,23,negative
2021-09-07 19:00:00,17.769873940772904,36.00301476267162,10.81627111123741,0.0,23,negative
2021-09-07 20:00:00,21.206249889491648,38.26064485908373,1.417190899789599,0.0,23,negative
2021-09-07 21:00:00,27.660478020367886,47.63049427061311,8.46799295419681,0.0,23,negative
2021-09-07 22:00:00,26.064155331690934,31.503087232054032,1.9012362347972127,0.0,23,negative
2021-09-07 23:00:00,28.162539657236618,61.974671343957766,18.834237277519577,0.10601786733773486,23,negative
2021-09-08 00:00:00,11.725330046982517,1.0,12.591810685148781,0.0,23,negative
2021-09-08 01:00:00,22.782232001006772,16.608001534348986,7.554831554376142,0.013056076410208561,23,negative
2021-09-08 02:00:00,28.26180533503336,39.09480371697929,11.319006474955833,0.15919803876729446,23,negative
2021-09-08 03:00:00,31.451855151402015,44.47595116165163,2.065334646495878,0.1555710324080579,23,negative
2021-09-08 04:00:00,31.804572181721092,41.982121055794124,9.403588524937325,0.24216406653469505,23,negative
2021-09-08 05:00:00,8.933497069823407,53.618367860894764,5.6189665071282455,0.0,23,negative
2021-09-08 06:00:00,22.963006777352344,16.356109648876426,5.5174009498215435,0.06717923959365596,23,negative
2021-09-08 07:00:00,20.318336949441015,25.67771877922842,4.859139711024898,0.3234291904843326,23,negative
2021-09-08 08:00:00,36.00508024111971,2.886749440455773,22.003422236716435,0.0,23,negative
2021-09-08 09:00:00,26.641793082390617,28.456073792788906,7.9824243757158655,0.0,23,negative
2021-09-08 10:00:00,13.607232061303717,22.914778426137058,13.922837704456267,0.011577628098782072,23,negative
2021-09-08 11:00:00,25.528312826508323,29.44224635946223,3.196464252622123,0.3522576807925385,23,negative
2021-09-08 12:00:00,14.363979509908496,18.048470003982928,7.065136482397319,0.0,23,negative
2021-09-08 13:00:00,22.05104525595639,37.330989449770854,9.173290328174632,0.0,23,negative
2021-09-08 14:00:00,16.3827063752622,44.651045640189956,7.4415361674792795,0.26223096066295226,23,negative
2021-09-08 15:00:00,33.83994959278018,33.18032059412823,13.459933007482954,0.12815947337980507,23,negative
2021-09-08 16:00:00,32.301382683406345,45.36736712166651,7.996832515621176,0.0,23,negative
2021-09-08 17:00:00,20.04703905213369,2.4965649498031155,11.594034028739312,0.031711585439457984,23,negative
2021-09-08 18:00:00,28.60419412966902,33.244976727920545,11.324125809767626,0.01248802183249495,23,negative
2021-09-08 19:00:00,12.64587512590744,1.0,7.328254020841869,0.0,23,negative
2021-09-08 20:00:00,14.77294499863664,40.01978566947962,5.872464029011858,0.08611535358682146,23,negative
2021-09-08 21:00:00,42.358134182016784,34.44484069267886,2.5841847353215197,0.0,23,negative
2021-09-08 22:00:00,20.61485624792637,32.371310566141986,14.51082136522938,0.0,23,negative
2021-09-08 23:00:00,36.84166537494602,28.513655839818412,10.132180201299462,0.002824106382919994,23,negative
2021-09-09 00:00:00,31.561218437693427,54.67808326143219,6.639941295599327,0.22409037723314137,23,negative
2021-09-09 01:00:00,2.1646194674905956,32.05984942099159,13.45627088964991,0.0,23,negative
2021-09-09 02:00:00,21.308103031919348,60.48709164394936,6.079973578275965,0.0,23,negative
2021-09-09 03:00:00,18.25470611818905,18.16302462745827,11.111975158517684,0.0,23,negative
2021-09-09 04:00:00,26.87983557098441,28.78443272103183,7.709635103303732,0.08591492848355622,23,negative
2021-09-09 05:00:00,25.00980441048838,36.48262182589474,2.4973616925326763,0.07198824839098308,23,negative
2021-09-09 06:00:00,19.93720558343866,61.46467902511239,2.694365159360978,0.1458501831252003,23,negative
2021-09-09 07:00:00,13.273853178573114,26.631898338945945,9.384094768461152,0.028246726343915313,23,negative
2021-09-09 08:00:00,21.95207315029155,39.990831623479544,5.531552144007211,0.0,23,negative
2021-09-09 09:00:00,19.55616205409916,33.53666807671142,9.806556372939278,0.08591560205487794,23,negative
2021-09-09 10:00:00,27.153823396342823,39.75446602227058,10.345153307780873,0.0,23,negative
2021-09-09 11:00:00,13.449831215315836,13.585416458707098,0.0,0.4151618350781253,23,negative
2021-09-09 12:00:00,4.297812712846994,52.905852484656535,3.8956549435126346,0.0,23,negative
2021-09-09 13:00:00,4.379679776676401,31.473591471750762,15.27012201512634,0.14277414839052446,23,negative
2021-09-09 14:00:00,19.301876314473667,5.855340477072776,1.3875573892453401,0.0,23,negative
2021-09-09 15:00:00,19.214070389970196,33.92263844879841,9.417675523513154,0.034111543306128755,23,negative
2021-09-09 16:00:00,25.25832143872143,28.70576778996491,9.468513927877703,0.1036178167892726,23,negative
2021-09-09 17:00:00,9.415071519510743,28.589412022819744,11.20388808554001,0.0,23,negative
2021-09-09 18:00:00,22.247446938677815,48.47197779515514,6.982029937278868,0.26528234403719797,23,negative
2021-09-09 19:00:00,18.161864962450196,49.34926965130183,9.457642738608822,0.18830533539439134,23,negative
2021-09-09 20:00:00,10.087762027777565,51.5744191234749,4.2796747440768,0.0,23,negative
2021-09-09 21:00:00,40.82079746515657,47.022643125999636,16.055747944134957,0.05632503910553724,23,negative
2021-09-09 22:00:00,30.567811174561655,35.40003489427836,9.83008460384291,0.0,23,negative
2021-09-09 23:00:00,21.921920446576827,30.82031263775441,8.096272268382682,0.03069244768850246,23,negative
2021-09-10 00:00:00,29.107748447264612,26.590596525700462,13.113552079094394,0.0,23,negative
2021-09-10 01:00:00,26.389104574668856,25.344600409054166,11.652588196651054,0.0100231861966521,23,negative
2021-09-10 02:00:00,17.71728868105367,29.20160574686008,3.748058499706799,0.3418823875213135,23,negative
2021-09-10 03:00:00,13.610901204596683,30.99382041900804,9.726197898512368,0.0,23,negative
2021-09-10 04:00:00,21.925611192865485,31.36234120192339,9.36817432558014,0.22978837477358663,23,negative
2021-09-10 05:00:00,12.410834394474245,29.369502516823236,4.435154246336737,0.0,23,negative
2021-09-10 06:00:00,28.86222920934068,38.896350943359835,8.70132623641254,0.11175960663827958,23,negative
2021-09-10 07:00:00,22.635143717309322,42.71674189161589,6.675519730483596,0.0,23,negative
2021-09-10 08:00:00,15.631516145399079,36.4622796948457,13.712491414630499,0.21302550116344518,23,negative
2021-09-10 09:00:00,32.620710439597296,39.28352623149375,8.158069774288728,0.23028579910763977,23,negative
2021-09-10 10:00:00,7.540121947860667,14.826504553992617,7.159725140173704,0.18077327829169912,23,negative
2021-09-10 11:00:00,33.29778423045194,54.72198694063439,4.567569292567077,0.0,23,negative
2021-09-10 12:00:00,18.183449083408714,45.23924514505701,12.030088640533725,0.0,23,negative
2021-09-10 13:00:00,18.058853161738423,50.21455530771386,0.0,0.06849204944800952,23,negative
2021-09-10 14:00:00,21.799866217451868,34.944080030214536,0.0,0.0,23,negative
2021-09-10 15:00:00,32.84383519690841,28.599471624457784,11.567313804876042,0.0,23,negative
2021-09-10 16:00:00,30.50135311679759,37.872514478061866,3.3409423445094886,0.0,23,negative
2021-09-10 17:00:00,34.8097352296097,42.46467617054302,7.417768463531677,0.15353476420439213,23,negative
2021-09-10 18:00:00,31.27372562048977,47.251008730976906,9.586712326221875,0.0,23,negative
2021-09-10 19:00:00,28.101856585462727,2.257769816717932,9.974681064147243,0.0,23,negative
2021-09-10 20:00:00,18.001789814907397,32.068440799336436,0.22075656588899406,0.0,23,negative
2021-09-10 21:00:00,31.972019339587977,41.93236729563389,0.0,0.05396153868878653,23,negative
2021-09-10 22:00:00,29.044413867172246,30.79978439419053,14.225024768991807,0.0,23,negative
2021-09-10 23:00:00,11.14631032551429,32.850138517267524,5.75955287595648,0.0,23,negative
2021-09-11 00:00:00,10.365805401157829,22.909676806374087,4.795372952436809,0.0,23,negative
2021-09-11 01:00:00,30.35370778571536,42.704674337185544,11.751861201404118,0.0,23,negative
2021-09-11 02:00:00,26.824001572903118,32.77437527614608,5.792638083736087,0.0,23,negative
2021-09-11 03:00:00,3.356192347620013,6.900435540389587,9.913498770668022,0.0944252362536431,23,negative
2021-09-11 04:00:00,10.504125198664621,19.18083573254348,3.3779710156910916,0.0,23,negative
2021-09-11 05:00:00,31.699283448515512,59.59343847845927,0.054943888953309816,0.2658766147714481,23,negative
2021-09-11 06:00:00,10.514988203995818,54.33285508655014,10.086122272097647,0.0,23,negative
2021-09-11 07:00:00,23.83702955077958,34.148325842918844,2.3942897629674746,0.0,23,negative
2021-09-11 08:00:00,20.51089195477051,16.995177297810603,10.871427226790289,0.0,23,negative
2021-09-11 09:00:00,23.81986789473102,33.125312580529624,12.456893861124042,0.005463910788882337,23,negative
2021-09-11 10:00:00,14.930398601145555,39.830048353077984,9.773443622365312,0.0,23,negative
2021-09-11 11:00:00,30.2869940378553,25.7602582223424,11.339678335902661,0.44287189390307635,23,negative
2021-09-11 12:00:00,21.04012147769355,30.880101727885368,15.2392261009014,0.0,23,negative
2021-09-11 13:00:00,26.863910225372877,8.573320656911648,6.241210176557091,0.0492108429479631,23,negative
2021-09-11 14:00:00,41.8040889863642,24.99804864317964,8.36639536330726,0.18507399228840302,23,negative
2021-09-11 15:00:00,9.284173672506773,27.109468841853293,10.023832563246275,0.0,23,negative
2021-09-11 16:00:00,3.596712223936507,26.495128332430987,13.104108307234464,0.016008601109712722,23,negative
2021-09-11 17:00:00,31.74426681460163,20.21528993865064,14.404647676395289,0.0,23,negative
2021-09-11 18:00:00,34.73778000751152,35.0495665112566,0.0,0.19546851849596944,23,negative
2021-09-11 19:00:00,18.45189057620286,29.356555829472743,0.7345178446511529,0.0,23,negative
2021-09-11 20:00:00,17.83119060957722,58.6255366236878,5.843784192035734,0.00950823124070091,23,negative
2021-09-11 21:00:00,32.55623339223851,33.89997876499656,7.68213996322422,0.36577210522182846,23,negative
2021-09-11 22:00:00,18.33901316242995,41.430437354464985,1.5041000312057378,0.39034222253580964,23,negative
2021-09-11 23:00:00,18.63642850074034,35.99661207070997,15.39779822819132,0.0,23,negative
2021-09-12 00:00:00,16.475994700699502,76.19555948037006,5.834073232382851,0.0,23,negative
2021-09-12 01:00:00,19.137229046471738,30.848463483355584,8.388774315079806,0.06960343227361368,23,negative
2021-09-12 02:00:00,25.231901786187247,51.156433450496316,13.220143373037166,0.0,23,negative
2021-09-12 03:00:00,25.010495760510203,51.631050144029345,2.4439503599875874,0.19620292945294612,23,negative
2021-09-12 04:00:00,17.899318955779144,29.73552617646536,1.9404951266311716,0.0666150382112232,23,negative
2021-09-12 05:00:00,29.792272551117893,69.05289916463377,5.1637994459582615,0.016451069745363617,23,negative
2021-09-12 06:00:00,23.761332765697304,50.00366843625138,19.09357232258699,0.0,23,negative
2021-09-12 07:00:00,20.09072575215402,42.931514535644524,11.140289213711133,0.4021149115224708,23,negative
2021-09-12 08:00:00,13.232510932026154,23.018356721554678,13.740763254646076,0.0,23,negative
2021-09-12 09:00:00,20.339461081286505,38.91583091090132,13.986319106648219,0.21495863309394428,23,negative
2021-09-12 10:00:00,18.42918055328915,65.26807072223966,9.496538581016587,0.006745378219807169,23,negative
2021-09-12 11:00:00,22.938258348589713,50.32153388402415,0.0,0.0,23,negative
2021-09-12 12:00:00,19.0206835632601,10.370028103445787,8.409636275651545,0.0,23,negative
2021-09-12 13:00:00,21.80727798241889,29.77609069632856,2.8933122402292994,0.0,23,negative
2021-09-12 14:00:00,16.474480477803006,47.888781711140965,9.165351468633727,0.07179818454865183,23,negative
2021-09-12 15:00:00,13.681854807428083,29.391276007186832,11.685787791786062,0.0,23,negative
2021-09-12 16:00:00,18.18240904181828,1.0,4.625761849192093,0.0,23,negative
2021-09-12 17:00:00,14.743152498377906,28.802363252904424,12.08275064097609,0.027102601121896636,23,negative
2021-09-12 18:00:00,29.917568383239534,12.374418715318935,6.474679710225281,0.0,23,negative
2021-09-12 19:00:00,18.587379761305215,19.3151381705349,14.406264167141911,0.0,23,negative
2021-09-12 20:00:00,30.118635964744108,28.559782620906056,2.901409514416785,0.06891742400026374,23,negative
2021-09-12 21:00:00,24.123514246166863,62.152422412901366,10.06191146010244,0.32512123905750645,23,negative
2021-09-12 22:00:00,20.48983315898733,34.530495023723034,18.133212800890796,0.0,23,negative
2021-09-12 23:00:00,24.079672033202925,36.6459795170916,9.49676695184938,0.0157553505267784,23,negative
2024-09-11 00:00:00,18.694416376195235,22.338815789350456,13.161101302774327,0.061668358886343394,24,negative
2024-09-11 01:00:00,29.589823486519748,59.69238123164664,10.6030736704978,0.0,24,negative
2024-09-11 02:00:00,47.601943844136514,38.10530192419727,2.547265960768259,0.14600241912150133,24,negative
2024-09-11 03:00:00,34.41347769396433,15.587489745799303,4.237701979235098,0.0,24,negative
2024-09-11 04:00:00,19.827034859895726,33.34631319535257,13.366864100653146,0.0,24,negative
2024-09-11 05:00:00,10.251180387823508,14.166710437061962,10.908902217048109,0.09133938747162534,24,negative
2024-09-11 06:00:00,16.45946789376536,17.618125687892988,6.647134374255664,0.0,24,negative
2024-09-11 07:00:00,15.313456369365952,25.059739670711565,2.047392163268105,0.10752990279981431,24,negative
2024-09-11 08:00:00,24.704631925732638,66.72753735564635,9.088907564099685,0.0,24,negative
2024-09-11 09:00:00,28.90349284788105,45.443233277453665,5.111695928166585,0.535744900874734,24,negative
2024-09-11 10:00:00,23.891002562846364,43.27022880929198,9.729361838064767,0.0,24,negative
2024-09-11 11:00:00,20.280116400253775,29.743769657703186,11.660367437130061,0.0,24,negative
2024-09-11 12:00:00,15.437645581397854,55.18418429621387,11.662546875542299,0.0,24,negative
2024-09-11 13:00:00,18.254151106151074,40.46196345310378,11.302426120133918,0.22651267105041814,24,negative
2024-09-11 14:00:00,25.005447380182655,44.78832053620302,0.0,0.08190818364947941,24,negative
2024-09-11 15:00:00,27.556873075164635,43.713174713968186,12.012241773904126,0.3572664535555592,24,negative
2024-09-11 16:00:00,13.680748522596353,8.003835023519052,13.461116202840289,0.0,24,negative
2024-09-11 17:00:00,31.347911446627748,24.122879617337837,12.019182113126819,0.0,24,negative
2024-09-11 18:00:00,15.044051530321509,36.88965824761755,11.316038149132103,0.0,24,negative
2024-09-11 19:00:00,26.783872003547287,31.399039019023924,3.6712513910546782,0.010682816684140645,24,negative
2024-09-11 20:00:00,16.497232439805657,68.31540194712679,11.78436790567229,0.2354094065455747,24,negative
2024-09-11 21:00:00,20.088115302560844,34.97526976401881,11.496322529792618,0.841504353221105,24,negative
2024-09-11 22:00:00,19.66953690762659,24.8794352560424,5.762536501214425,0.0,24,negative
2024-09-11 23:00:00,15.426318990688321,39.289684686940795,9.422908727755585,0.22353184810072088,24,negative
2024-09-12 00:00:00,15.38032115549263,36.57444573427792,5.4754771852410435,0.0,24,negative
2024-09-12 01:00:00,30.78501973922748,16.205898243439506,18.867431684466876,0.26448397019315406,24,negative
2024-09-12 02:00:00,25.294714191247365,23.708748646372477,13.71105774770824,0.07002263037237458,24,negative
2024-09-12 03:00:00,18.84705352160661,26.367274680866394,6.657539871054025,0.29861788524112665,24,negative
2024-09-12 04:00:00,23.382485525044604,34.40210400334591,4.442892910250899,0.0,24,negative
2024-09-12 05:00:00,18.313005739362154,41.90413568241071,11.311299378852016,0.0,24,negative
2024-09-12 06:00:00,21.988264851689532,40.75342911376737,7.1577464755854425,0.0,24,negative
2024-09-12 07:00:00,20.272585683684817,29.37010061963372,2.804773977854742,0.21826111215281066,24,negative
2024-09-12 08:00:00,23.08073131432782,18.00129821472386,4.446072642920953,0.0456903047376038,24,negative
2024-09-12 09:00:00,9.17834939295755,32.25226760589343,2.168453171179576,0.0,24,negative
2024-09-12 10:00:00,20.41810216305509,20.186358160568467,10.86965307683214,0.0,24,negative
2024-09-12 11:00:00,28.733425088821853,50.369196765813015,1.1013216048559293,0.0,24,negative
2024-09-12 12:00:00,25.739368538827456,48.06786371171805,16.766764963049127,0.0,24,negative
2024-09-12 13:00:00,29.171908989391074,74.5039337080904,8.48154540803648,0.08868940273817685,24,negative
2024-09-12 14:00:00,23.41886322928359,21.274208664697987,8.338168928839034,0.0,24,negative
2024-09-12 15:00:00,17.763847707457558,33.26999176901613,12.748176454265217,0.0,24,negative
2024-09-12 16:00:00,14.291063481991348,66.14050150945388,8.741867392197511,0.0,24,negative
2024-09-12 17:00:00,30.398590492259824,37.546676940696486,8.53907363126437,0.0,24,negative
2024-09-12 18:00:00,10.454365559311613,33.55087169897767,15.04165177648811,0.0,24,negative
2024-09-12 19:00:00,20.99840446307521,58.45503011542333,1.704507466158029,0.24474229845982973,24,negative
2024-09-12 20:00:00,36.90897901725846,43.66959677462785,6.555563289488428,0.5259797746393672,24,negative
2024-09-12 21:00:00,15.546951094982528,39.14888902711168,8.986942231557354,0.0,24,negative
2024-09-12 22:00:00,12.721950278311233,38.971341666033666,5.352442837889841,0.0,24,negative
2024-09-12 23:00:00,32.133939932298894,67.54582036752889,17.71310064409818,0.38914028397951106,24,negative
2024-09-13 00:00:00,19.875319367366476,33.94466626093069,10.028011317311373,0.32030796545599605,24,negative
2024-09-13 01:00:00,32.55048048097917,4.464087585071923,6.521372230062834,0.0611425476513269,24,negative
2024-09-13 02:00:00,15.238722821761433,31.3977666323325,10.968217081216011,0.050009668261508294,24,negative
2024-09-13 03:00:00,11.648493742670045,14.4788826836771,3.269849060800796,0.0,24,negative
2024-09-13 04:00:00,10.268972356708238,20.41008203457949,14.167467741229958,0.2552669271826793,24,negative
2024-09-13 05:00:00,22.251000849252854,20.66803614868732,11.167685375322911,0.4188260067676126,24,negative
2024-09-13 06:00:00,14.89896092768463,60.87122556612101,9.822121915839228,0.0,24,negative
2024-09-13 07:00:00,25.20099065860193,40.85789748450523,17.28552209531622,0.3980256180799794,24,negative
2024-09-13 08:00:00,26.328857369127768,28.677502700561835,12.19538568232202,0.005331258593926108,24,negative
2024-09-13 09:00:00,22.872031916636754,78.24925333671243,0.0,0.0,24,negative
2024-09-13 10:00:00,24.172983367031176,31.57866436269196,6.977403694662845,0.2832526255422573,24,negative
2024-09-13 11:00:00,19.98397379628375,38.32969593231506,5.561946470915505,0.09540793233367514,24,negative
2024-09-13 12:00:00,19.983890053621188,43.54417111437074,4.654819500783916,0.35791802564096664,24,negative
2024-09-13 13:00:00,27.867742298810676,41.28890354798255,2.8633232189074,0.011235530877507893,24,negative
2024-09-13 14:00:00,35.489383885969445,23.547894384339806,11.204510851062523,0.0,24,negative
2024-09-13 15:00:00,30.067065884814152,24.704039637539225,3.1840605623,0.06252834096706811,24,negative
2024-09-13 16:00:00,17.569579226711813,41.0701003238633,8.346918530688917,0.32035232381016554,24,negative
2024-09-13 17:00:00,21.77642388960944,17.847478890633557,11.217786825004897,0.059374045761553584,24,negative
2024-09-13 18:00:00,21.808421291605104,39.07480104489142,16.76062055332205,0.4742604751938171,24,negative
2024-09-13 19:00:00,14.445936399592883,43.68792853906685,2.336731171173276,0.16996584950461743,24,negative
2024-09-13 20:00:00,17.208079631331863,24.472702501866944,6.749562021777447,0.40878862921128567,24,negative
2024-09-13 21:00:00,30.845350306593488,48.893087946360055,9.681770445642073,0.6649252344811654,24,negative
2024-09-13 22:00:00,3.13740003680034,40.514914899159116,0.0,0.49340478590373293,24,negative
2024-09-13 23:00:00,20.706658753704424,38.96865866945746,5.7445754808536975,0.0,24,negative
2024-09-14 00:00:00,20.93487120915079,41.9315248627776,6.752960466023712,0.0,24,negative
2024-09-14 01:00:00,34.520906780512725,42.68838040212004,4.1237117012125175,0.012614364116050075,24,negative
2024-09-14 02:00:00,10.426090296053305,34.3637468029923,2.7497927927773382,0.0,24,negative
2024-09-14 03:00:00,24.08480242444129,5.244370369940913,1.681293657393815,0.07941462289332557,24,negative
2024-09-14 04:00:00,21.57978105021462,27.59163800392838,6.647410343068115,0.5929554336955752,24,negative
2024-09-14 05:00:00,17.721993780866413,31.802472126045426,6.448049481968758,0.037579075794208855,24,negative
2024-09-14 06:00:00,25.351156563801577,45.225893403450044,4.8322458224430465,0.0,24,negative
2024-09-14 07:00:00,32.17277092582886,40.78168873416632,3.2266882441303073,0.08559053449592496,24,negative
2024-09-14 08:00:00,30.543957866144993,60.937647878590866,9.253051380788655,0.3976028671733832,24,negative
2024-09-14 09:00:00,12.323183421482206,34.461458726049855,6.3249367537184025,0.0,24,negative
2024-09-14 10:00:00,34.88955148348977,38.74834091418887,3.311546303665616,0.686111933623355,24,negative
2024-09-14 11:00:00,26.110347299081862,41.72122020462585,6.281343057209147,0.0,24,negative
2024-09-14 12:00:00,14.104320750985519,40.80797533555478,2.125649317129861,0.005572925711120114,24,negative
2024-09-14 13:00:00,16.856854810724755,1.0,6.266156867332966,0.7749225707826277,24,negative
2024-09-14 14:00:00,20.31688092887373,35.02584200722781,16.83965971490792,0.013167329954214768,24,negative
2024-09-14 15:00:00,24.672901063868302,42.434207528288674,12.35904256120563,0.39191784927843987,24,negative
2024-09-14 16:00:00,24.253704195392952,45.66870377844715,0.0,0.0,24,negative
2024-09-14 17:00:00,34.717838757707185,38.25703627788935,0.9349677479561675,0.0,24,negative
2024-09-14 18:00:00,26.270728132599483,15.756415973218004,19.132034494865614,0.0,24,negative
2024-09-14 19:00:00,22.55188856253201,3.167191782327606,7.793887739018389,0.04014913807619627,24,negative
2024-09-14 20:00:00,31.097467151247727,28.61930852612202,13.69311791423165,0.0,24,negative
2024-09-14 21:00:00,19.74430717564205,31.07131853119241,10.477941278164586,0.0,24,negative
2024-09-14 22:00:00,27.777801239386893,39.002459049346086,11.306574133065578,0.0,24,negative
2024-09-14 23:00:00,25.110389335049874,59.123088911685215,0.0,0.0,24,negative
2024-09-15 00:00:00,27.414238223504938,56.91779566207525,11.630234666451047,0.0,24,negative
2024-09-15 01:00:00,25.44058556408031,23.974432481579896,6.060159638211271,0.15622485850126192,24,negative
2024-09-15 02:00:00,33.89623611475378,41.75235978426269,3.419437698376931,0.0,24,negative
2024-09-15 03:00:00,31.27478167995466,49.89188488181576,3.3618069341679933,0.31652778148219607,24,negative
2024-09-15 04:00:00,30.129546217602144,40.9307912734457,3.565651840808834,0.09640379976351807,24,negative
2024-09-15 05:00:00,29.60216310668993,51.70449666745074,16.723702429892658,0.0,24,negative
2024-09-15 06:00:00,35.996390630272174,55.68590514852997,15.331087870110835,0.0,24,negative
2024-09-15 07:00:00,11.685388550140981,72.23405381723617,8.3147646760801,0.24170780137213585,24,negative
2024-09-15 08:00:00,17.597801351806226,49.458836638184586,0.0,0.07058360818686993,24,negative
2024-09-15 09:00:00,21.212711332861694,41.939131524577796,13.36012338300554,0.18605904314805463,24,negative
2024-09-15 10:00:00,27.279745511361632,53.40000464955112,19.729557913771288,0.2566981078052579,24,negative
2024-09-15 11:00:00,18.323952148150223,15.923530143376084,17.14601148932615,0.0,24,negative
2024-09-15 12:00:00,21.824194947358084,10.702725586672727,3.344080245509736,0.05738160369353895,24,negative
2024-09-15 13:00:00,24.830664193007202,5.805026615503191,11.163062782509142,0.0,24,negative
2024-09-15 14:00:00,32.832072548818076,38.12833872357436,5.6828927562535005,0.05285432696594253,24,negative
2024-09-15 15:00:00,24.82799430756628,54.873914127575276,8.402378066947836,0.21084263294527164,24,negative
2024-09-15 16:00:00,19.717996539216728,38.94450714150745,16.489754398946268,0.0127228553885253,24,negative
2024-09-15 17:00:00,27.183641194645087,21.793346254880735,0.0,0.0,24,negative
2024-09-15 18:00:00,24.963243387755384,33.34923095836274,0.5200751461388196,0.2353584386066722,24,negative
2024-09-15 19:00:00,24.13050907311557,21.668290533611398,1.2325421426349,0.6521284351468589,24,negative
2024-09-15 20:00:00,27.223433974222147,41.24982097687986,3.595815010829609,0.05657968536185046,24,negative
2024-09-15 21:00:00,29.097011243804538,17.41001436099778,8.31577684021597,0.07020474742496169,24,negative
2024-09-15 22:00:00,11.800542757648815,52.33289436574263,16.095937261611926,0.06605137065045669,24,negative
2024-09-15 23:00:00,19.255931047869755,50.49641628529339,7.069348124852405,0.0,24,negative
2024-09-16 00:00:00,21.209643242483363,42.05605952291844,11.70041926791234,0.0003440304983581277,24,negative
2024-09-16 01:00:00,19.841591044219133,49.653608962284494,7.700006892933312,0.27338911883891026,24,negative
2024-09-16 02:00:00,31.90110407696301,31.78833466434132,13.4560938859069,0.07200108820380732,24,negative
2024-09-16 03:00:00,21.03210601928732,42.64604035515852,7.564275692495061,0.0,24,negative
2024-09-16 04:00:00,2.905573545251883,57.848976942550394,9.240191009506626,0.04797866083051397,24,negative
2024-09-16 05:00:00,29.42935279488359,43.952702391793686,6.39331322426466,0.0,24,negative
2024-09-16 06:00:00,33.4602955709658,36.24516392410636,17.50850522199595,0.14380720185878823,24,negative
2024-09-16 07:00:00,29.904601716155153,22.71885595218683,18.216684602143893,0.07048603437257095,24,negative
2024-09-16 08:00:00,34.70057205406433,48.26654458326876,3.3920818816485285,0.0,24,negative
2024-09-16 09:00:00,33.962357353512175,12.506476909819142,15.924428438637602,0.05696194538233185,24,negative
2024-09-16 10:00:00,21.389978769439185,41.630715265029664,10.326454677245497,0.0,24,negative
2024-09-16 11:00:00,20.958937790266333,56.38530852378971,14.957004302997671,0.0,24,negative
2024-09-16 12:00:00,17.200044906397565,54.589310666064364,0.0,0.0,24,negative
2024-09-16 13:00:00,27.916600865671374,22.574722478329814,12.868927437188233,0.0,24,negative
2024-09-16 14:00:00,17.634399024407056,49.44835009495508,2.5715778565112544,0.013794075369258058,24,negative
2024-09-16 15:00:00,6.141230289445954,39.28556670096795,8.219219781067471,0.0,24,negative
2024-09-16 16:00:00,25.116998943112087,33.80644805948318,13.273478136527734,0.0,24,negative
2024-09-16 17:00:00,25.621553862994823,39.37791805340307,5.63916771726479,0.0,24,negative
2024-09-16 18:00:00,23.985726721767115,32.39960769339296,13.55726415216498,0.07387896071847774,24,negative
2024-09-16 19:00:00,25.00773286260105,13.959740991566584,12.716151360301886,0.4885291918228504,24,negative
2024-09-16 20:00:00,13.65877134162629,59.69279013668857,11.488107612162958,0.0,24,negative
2024-09-16 21:00:00,25.63596946325854,33.602738061444335,6.601979959718683,0.25692585561871706,24,negative
2024-09-16 22:00:00,31.060152337906345,33.977243781112314,18.362714323504008,0.0,24,negative
2024-09-16 23:00:00,10.847932440880221,9.177158885090346,0.0,0.0,24,negative
2024-09-17 00:00:00,20.143855831097735,45.238994565198375,7.8569598237311435,0.0,24,negative
2024-09-17 01:00:00,22.359142660982616,35.202821391902994,5.112425629957764,0.0,24,negative
2024-09-17 02:00:00,9.748125627376043,39.51965436070823,7.091747691253833,0.4618200498765702,24,negative
2024-09-17 03:00:00,21.83336479075321,35.12965558423848,6.6668018884514435,0.24700831917976404,24,negative
2024-09-17 04:00:00,22.01924708048232,64.54476817420209,9.361235408137679,0.0,24,negative
2024-09-17 05:00:00,20.837384321164496,43.46370349527768,5.05803313546397,0.0,24,negative
2024-09-17 06:00:00,22.06509611286255,39.878715488977846,9.750151631308775,0.1732822000729883,24,negative
2024-09-17 07:00:00,22.759237969386337,58.53415238524061,10.112844080912419,0.00720402105813947,24,negative
2024-09-17 08:00:00,22.39881126852698,49.383699386827615,4.369753958126596,0.0,24,negative
2024-09-17 09:00:00,16.365728505804242,41.838170269341425,6.677863992179368,0.0,24,negative
2024-09-17 10:00:00,20.12163010502808,23.16120659118176,6.642038551011077,0.15931949073276966,24,negative
2024-09-17 11:00:00,25.73821014804118,15.667249551813033,13.4769135062003,0.06946219715932564,24,negative
2024-09-17 12:00:00,27.946874304465215,43.297477213938585,11.081552331256773,0.14356773622008337,24,negative
2024-09-17 13:00:00,15.370872600783876,44.16192163830243,14.29794306216193,0.0,24,negative
2024-09-17 14:00:00,16.033971355880045,30.692186918413483,9.623665179110338,0.06716312795946877,24,negative
2024-09-17 15:00:00,26.411215926866525,13.874198873814098,14.466654129037233,0.05059181989147682,24,negative
2024-09-17 16:00:00,37.30511897708483,45.03175640913947,6.476197744395039,0.32314897125389863,24,negative
2024-09-17 17:00:00,23.911128464622898,34.54624117283188,13.930695174386383,0.2613420687417496,24,negative
2024-09-17 18:00:00,38.16721600368783,54.12165412572491,6.9823818487142795,0.16967589001264574,24,negative
2024-09-17 19:00:00,15.734975239541818,38.08384684872843,1.6176447421517297,0.0,24,negative
2024-09-17 20:00:00,8.820905495352177,13.393374556067634,4.826434464693982,0.0,24,negative
2024-09-17 21:00:00,29.638759088631083,36.8307594234366,13.094631055836476,0.0,24,negative
2024-09-17 22:00:00,25.37943023414397,59.77589113484174,6.766905633978934,0.0,24,negative
2024-09-17 23:00:00,25.762973714615924,46.10411461237326,8.552238685726394,0.0,24,negative
2019-09-05 00:00:00,20.3899269101319,36.91319014375238,9.87287441281805,0.10920965141460301,25,negative
2019-09-05 01:00:00,19.692840074477477,59.19907443933273,9.847781250001661,0.0,25,negative
2019-09-05 02:00:00,26.223853611928092,50.13276260405189,11.871177207593977,0.0,25,negative
2019-09-05 03:00:00,10.015598851887722,1.0,14.37632269310312,0.0,25,negative
2019-09-05 04:00:00,21.82738066707784,45.41469541670232,17.636549678329565,0.0,25,negative
2019-09-05 05:00:00,29.69776458241566,21.69911550751035,4.216045985150619,0.3837798356964821,25,negative
2019-09-05 06:00:00,27.06810779107936,51.62940796191749,13.95089023095756,0.036840546790073786,25,negative
2019-09-05 07:00:00,20.76746513418149,26.535838071347843,3.8731760195461753,0.05983970508670747,25,negative
2019-09-05 08:00:00,14.177389968828411,61.339310975128804,1.4881422346719955,0.13320851651902768,25,negative
2019-09-05 09:00:00,6.510252692553008,39.448322919470975,7.988081451214349,0.0,25,negative
2019-09-05 10:00:00,14.537733871759569,35.03692753381425,5.277695549928811,0.0,25,negative
2019-09-05 11:00:00,37.65944001534394,37.58265823838854,10.664336039870165,0.5608199940575381,25,negative
2019-09-05 12:00:00,15.724515922601903,34.65563429827028,20.519630024261122,0.0488403978185154,25,negative
2019-09-05 13:00:00,24.891502426918578,22.5740222736419,0.0,0.12018584696084175,25,negative
2019-09-05 14:00:00,41.045676218830096,43.93085442087149,16.204621005267256,0.0,25,negative
2019-09-05 15:00:00,3.1453511699467107,18.369364948063318,9.985123805220843,0.034483915648279045,25,negative
2019-09-05 16:00:00,21.916609627374168,27.046264813455217,12.69857843401622,0.704150434191891,25,negative
2019-09-05 17:00:00,24.4625349613016,37.92992247548906,6.157487783188937,0.015159861425648097,25,negative
2019-09-05 18:00:00,18.58135930621631,63.104326740466206,13.562239316330892,0.0,25,negative
2019-09-05 19:00:00,15.70829034580148,13.434660905496656,13.482471078793104,0.0,25,negative
2019-09-05 20:00:00,23.097991813460418,29.441901686248087,0.6802767288248415,0.0,25,negative
2019-09-05 21:00:00,31.48908091972728,24.81361357263208,4.187001996301885,0.0,25,negative
2019-09-05 22:00:00,16.865084296852146,61.68590311784574,7.45474121067145,0.0938437724580451,25,negative
2019-09-05 23:00:00,22.36086400970717,29.200523984539707,13.631061931738408,0.0,25,negative
2019-09-06 00:00:00,30.70485034200665,37.76779611041094,5.718227508458185,0.0,25,negative
2019-09-06 01:00:00,18.594425667437807,56.9989476977444,13.011368618993007,0.67825285864244,25,negative
2019-09-06 02:00:00,14.588200345829833,58.11259532305726,8.683420677721504,0.07297760631295905,25,negative
2019-09-06 03:00:00,34.397221757751666,27.35076779932898,6.405365493352326,0.09029355154125526,25,negative
2019-09-06 04:00:00,11.467446626865271,39.73603048138922,4.188276276607745,0.0,25,negative
2019-09-06 05:00:00,16.36451616478669,26.193946950440846,3.8054276799209275,0.0,25,negative
2019-09-06 06:00:00,20.755255260114286,35.720122073121736,19.768940382311566,0.14891116626844322,25,negative
2019-09-06 07:00:00,26.839580977890932,45.781243990039684,7.6857168781786305,0.0,25,negative
2019-09-06 08:00:00,22.165585522099406,38.03837593567217,5.067416053259315,0.20752669027579598,25,negative
2019-09-06 09:00:00,22.13537802626461,5.421445342235096,15.480363948826623,0.0,25,negative
2019-09-06 10:00:00,23.362802079397714,44.98203765876507,13.405288350252484,0.1234039309584524,25,negative
2019-09-06 11:00:00,29.42622356227539,28.603403083486626,19.45362114908422,0.24560716917785444,25,negative
2019-09-06 12:00:00,29.265457785373282,32.323806044598,18.983463781652233,0.052216199656208606,25,negative
2019-09-06 13:00:00,31.32071029861911,44.400168236779194,10.021549808320803,0.030301637558268146,25,negative
2019-09-06 14:00:00,16.663899858425097,1.0,13.371960542308074,0.0,25,negative
2019-09-06 15:00:00,31.35680114945624,40.27546651873497,14.001283905100603,0.12112974284081249,25,negative
2019-09-06 16:00:00,2.282438556166394,44.22343424371996,6.28162257192758,0.0,25,negative
2019-09-06 17:00:00,26.7296599610944,44.044535569484104,6.638786021458748,0.06275326406853157,25,negative
2019-09-06 18:00:00,18.536904328235796,8.001616077035774,5.048281327266772,0.0,25,negative
2019-09-06 19:00:00,10.498073569937514,36.74718270839314,10.670244697519804,0.0,25,negative
2019-09-06 20:00:00,18.009676021292783,20.78887756641611,6.414035038176446,0.13368692390171713,25,negative
2019-09-06 21:00:00,21.497354063029512,12.177023388816416,11.50658789102864,0.051598207288120895,25,negative
2019-09-06 22:00:00,25.010055202258705,48.30832993446788,9.639354409655,0.0,25,negative
2019-09-06 23:00:00,5.46688589716743,27.607150044441703,13.515383333945419,0.2457641649771937,25,negative
2019-09-07 00:00:00,36.7877061244117,60.565707199505255,9.497960672253184,0.7126130242017065,25,negative
2019-09-07 01:00:00,14.332490295464083,27.86287151697129,5.958765457553169,0.07504370271000285,25,negative
2019-09-07 02:00:00,14.65329801807163,41.02364881283067,16.483198390711173,0.0,25,negative
2019-09-07 03:00:00,19.420639533837413,50.210432714010636,9.733254334194411,0.29352767147190717,25,negative
2019-09-07 04:00:00,21.175018194820765,32.000897930176045,11.25533061368635,0.0,25,negative
2019-09-07 05:00:00,16.17261761938408,23.347218363494726,9.529519906408341,0.0,25,negative
2019-09-07 06:00:00,19.494938845465725,18.019915658806337,14.25482558542566,0.0,25,negative
2019-09-07 07:00:00,6.100987992212016,55.09374384970295,6.955121013334931,0.0,25,negative
2019-09-07 08:00:00,31.105784480421015,59.7880817994358,13.014326425227651,0.0,25,negative
2019-09-07 09:00:00,10.994874509576013,4.606522640228924,12.39079469512252,0.0,25,negative
2019-09-07 10:00:00,15.482841113295617,30.95330052891905,5.213670558072725,0.0,25,negative
2019-09-07 11:00:00,30.599689471135722,38.27559699130464,6.854108443021654,0.23180141390273776,25,negative
2019-09-07 12:00:00,10.524632807939518,43.21866622243678,2.755108574139025,0.0,25,negative
2019-09-07 13:00:00,23.189107075701386,47.66893579452638,6.6940905241948885,0.03568422616224001,25,negative
2019-09-07 14:00:00,19.767319217491938,18.800709705482365,11.161549010458433,0.0,25,negative
2019-09-07 15:00:00,25.4813493705204,33.95685496200379,7.0356102005495345,0.43652946115231916,25,negative
2019-09-07 16:00:00,30.17429176125613,56.22200879276582,9.862971757479352,0.1273546555277609,25,negative
2019-09-07 17:00:00,18.671338882236686,31.98722320788003,13.975503768409807,0.0,25,negative
2019-09-07 18:00:00,19.67639674468083,19.306126459704338,6.980178965037636,0.40031345137800556,25,negative
2019-09-07 19:00:00,35.7960278599094,46.40060965279626,4.170387113066171,0.7355807136962094,25,negative
2019-09-07 20:00:00,15.773493809723556,26.61762142300499,7.1664980310140285,0.0,25,negative
2019-09-07 21:00:00,14.267864869175972,69.34305867269825,3.283498815856727,0.0,25,negative
2019-09-07 22:00:00,35.506438602587764,54.818833997554336,7.088256011218574,0.23279154843582614,25,negative
2019-09-07 23:00:00,25.25255295281611,37.05068643115338,1.5176023076476346,0.18089163341961886,25,negative
2019-09-08 00:00:00,15.242190541412665,62.24231617056421,17.27706751363328,0.0,25,negative
2019-09-08 01:00:00,14.336286219810628,39.1718182959407,10.194905977335129,0.1881692551534346,25,negative
2019-09-08 02:00:00,1.783770537299219,82.36634275737742,13.662373340218162,0.0,25,negative
2019-09-08 03:00:00,16.252178958713174,49.80958541119407,10.476973075172706,0.033323215224122515,25,negative
2019-09-08 04:00:00,25.666677069126493,33.30920593663078,10.00931132858651,0.0,25,negative
2019-09-08 05:00:00,24.746534992656215,39.363828474828786,14.964300666055905,0.023903840049451675,25,negative
2019-09-08 06:00:00,15.616941771532556,35.398410289715336,4.350662085353795,0.2283255202450418,25,negative
2019-09-08 07:00:00,32.30193426312035,32.765435390634124,0.0,0.0,25,negative
2019-09-08 08:00:00,22.464905393070975,35.595342986844905,10.780187206732073,0.0,25,negative
2019-09-08 09:00:00,20.889391211792113,17.1044036263185,5.794303741812188,0.007606176450657309,25,negative
2019-09-08 10:00:00,19.719169578509952,45.36752802886831,10.020513747818761,0.0,25,negative
2019-09-08 11:00:00,18.92733437117765,57.625411524271,11.3641925629836,0.0,25,negative
2019-09-08 12:00:00,26.826772675023754,24.86359378053453,0.0,0.0,25,negative
2019-09-08 13:00:00,27.979655657937347,36.20324059533445,7.315827636610633,0.6145446087320732,25,negative
2019-09-08 14:00:00,6.353393392667714,56.37268431222186,6.960526290941964,0.0,25,negative
2019-09-08 15:00:00,16.626829863265023,53.817837164399435,12.406754061896923,0.0,25,negative
2019-09-08 16:00:00,31.31634372034828,32.82394371618099,4.947289060063864,0.019871833275972195,25,negative
2019-09-08 17:00:00,15.733621995880824,15.186843458768145,11.880654827542946,0.09502853294915906,25,negative
2019-09-08 18:00:00,26.937676269162164,39.30819996694319,10.742705556766198,0.08567570984831258,25,negative
2019-09-08 19:00:00,15.065918005143864,43.540471331027724,1.6258465293201603,0.02209206510698536,25,negative
2019-09-08 20:00:00,10.874363359851401,35.24665975242041,16.049951969680283,0.0,25,negative
2019-09-08 21:00:00,7.194072420474125,47.725571064742766,17.111191133647914,0.0,25,negative
2019-09-08 22:00:00,25.800605899749513,14.533701141719675,10.173389890122147,0.0,25,negative
2019-09-08 23:00:00,20.50329456199757,50.64663384323837,3.8019850056115603,0.0,25,negative
2019-09-09 00:00:00,2.0833638786389805,20.74496927244923,7.96939676359072,0.23718362834589227,25,negative
2019-09-09 01:00:00,11.595060045794028,27.505157028725662,9.648275242339984,0.0,25,negative
2019-09-09 02:00:00,22.48750055896695,45.97953204628608,6.284186496333767,0.0,25,negative
2019-09-09 03:00:00,14.0858314711887,63.92003829589278,13.565193152471313,0.20197484189072992,25,negative
2019-09-09 04:00:00,19.685450366151358,38.10103387417604,10.993354649359883,0.0,25,negative
2019-09-09 05:00:00,11.275270015879334,41.56163933091871,0.0,0.15804740565233452,25,negative
2019-09-09 06:00:00,33.63130003029966,13.735864516722522,0.0038110698416877753,0.0,25,negative
2019-09-09 07:00:00,33.099433313380814,39.88093176627983,0.0,0.22050891608259324,25,negative
2019-09-09 08:00:00,22.781971463435355,17.31136371056349,8.68343146952828,0.031656913319633745,25,negative
2019-09-09 09:00:00,18.081939914738314,62.22131440923219,10.95233602467146,0.0,25,negative
2019-09-09 10:00:00,29.364654066172978,32.74889657075198,7.02776374330326,0.2616588430716019,25,negative
2019-09-09 11:00:00,27.44881802000195,25.244522339422048,16.62516471017284,0.0,25,negative
2019-09-09 12:00:00,23.71580057837623,31.56378781931077,5.746033428067367,0.0,25,negative
2019-09-09 13:00:00,18.487565268700294,30.4291822851136,4.679332007720551,0.0,25,negative
2019-09-09 14:00:00,21.189549061258447,18.211203039435432,5.8781506782617186,0.0,25,negative
2019-09-09 15:00:00,30.215894795375632,35.3600091944822,8.294973953266046,0.0,25,negative
2019-09-09 16:00:00,17.980466384336935,21.206404551765463,0.21675272880524332,0.6323533780007237,25,negative
2019-09-09 17:00:00,29.232422938724106,28.633745859542344,6.26990658152979,0.03689063255098571,25,negative
2019-09-09 18:00:00,31.95766132666187,21.074261442029936,9.385266691949967,0.0,25,negative
2019-09-09 19:00:00,22.54341460075815,38.66525610674675,8.285824701340351,0.0,25,negative
2019-09-09 20:00:00,21.76594137629657,61.16564590138546,8.22239969483423,0.15267729408123967,25,negative
2019-09-09 21:00:00,25.136774442078256,35.488175476428864,6.702143421894277,0.04535869701450326,25,negative
2019-09-09 22:00:00,6.425247501874598,59.71278830746222,5.072486984503065,0.22787449314077948,25,negative
2019-09-09 23:00:00,9.175733814076306,19.297125569476016,11.39320473440858,0.0,25,negative
2019-09-10 00:00:00,26.301337375915033,34.79551151105289,6.961640179966957,0.0,25,negative
2019-09-10 01:00:00,12.447978752559994,56.04051934598748,15.836545530649406,0.0,25,negative
2019-09-10 02:00:00,13.167367183944414,29.783402863668613,9.702175074315761,0.06793376836340617,25,negative
2019-09-10 03:00:00,25.99616052198177,34.261265785829515,7.426844292753833,0.0016384450094046599,25,negative
2019-09-10 04:00:00,17.798373987237547,59.59920339236821,15.234315338404318,0.0,25,negative
2019-09-10 05:00:00,6.590945308403796,35.46586235544443,5.426526213022266,0.26825910876041437,25,negative
2019-09-10 06:00:00,13.496265660896942,46.34386923575079,12.924925135555329,0.0,25,negative
2019-09-10 07:00:00,18.942570268923728,19.1086234692984,9.758407082353923,0.0,25,negative
2019-09-10 08:00:00,22.55511707690827,41.7844562916815,6.825382770590011,0.013507876361273319,25,negative
2019-09-10 09:00:00,27.26620750883599,33.40899848991702,10.01761455764665,0.0,25,negative
2019-09-10 10:00:00,24.780134713111266,43.3678297908161,3.7349713361995427,0.12249495359505616,25,negative
2019-09-10 11:00:00,21.65902714714195,34.721580196081284,5.3883858664018565,0.21395143997912183,25,negative
2019-09-10 12:00:00,29.265739446672317,52.812678112302294,15.06130936323578,0.7291125036164573,25,negative
2019-09-10 13:00:00,12.696011410332597,30.65531909837531,8.401432705036882,0.14872080531393247,25,negative
2019-09-10 14:00:00,17.578885358539605,30.43372639703942,10.416569112162515,0.0,25,negative
2019-09-10 15:00:00,40.746857380696824,35.314903150764486,13.254236971143627,0.04729279668966757,25,negative
2019-09-10 16:00:00,26.59479674019815,36.50136609242863,12.284041969441466,0.0,25,negative
2019-09-10 17:00:00,34.412508536717425,12.61916228769434,12.746869150990117,0.0,25,negative
2019-09-10 18:00:00,13.853386413016452,64.28098805070664,17.243488632837895,0.8306851705063133,25,negative
2019-09-10 19:00:00,23.4142750987666,45.58493832096105,10.208524041589076,0.0,25,negative
2019-09-10 20:00:00,32.46106166011692,38.97781034475773,19.385518062058182,0.0,25,negative
2019-09-10 21:00:00,19.18868403857662,26.714786077574725,14.21670751486804,0.8910604716257923,25,negative
2019-09-10 22:00:00,18.722093764332183,31.406421628177277,9.778266966380754,0.2760675017082367,25,negative
2019-09-10 23:00:00,11.464232828158892,52.43119606986146,5.978006756074425,0.4420382079873064,25,negative
2019-09-11 00:00:00,24.431920058078717,54.008112266032384,11.154307570903963,0.0,25,negative
2019-09-11 01:00:00,26.56271197011546,38.5275325098771,13.466170459282583,0.0,25,negative
2019-09-11 02:00:00,19.841624491161,46.92390481587521,7.9737753874492565,0.17857009462020748,25,negative
2019-09-11 03:00:00,22.337268460612272,2.633856714343956,6.999066411309116,0.0,25,negative
2019-09-11 04:00:00,15.878347013851435,48.81419664607315,8.918045821951724,0.09496349430651613,25,negative
2019-09-11 05:00:00,29.246523082266943,45.215473153463925,10.102735355990177,0.16318582155758934,25,negative
2019-09-11 06:00:00,19.437025718738816,50.23850304170621,9.015491597942903,0.012563447686590845,25,negative
2019-09-11 07:00:00,7.564780617761073,44.86047239312951,12.48099919646484,0.13256985365942628,25,negative
2019-09-11 08:00:00,25.912757593838432,49.51887694083948,0.11698330866269568,0.0,25,negative
2019-09-11 09:00:00,10.68067208953428,29.625055807911664,16.081258679663787,0.2819827332704792,25,negative
2019-09-11 10:00:00,27.298283251795375,32.275696570990355,3.032026077772091,0.0,25,negative
2019-09-11 11:00:00,30.885406654578453,41.14807233888851,0.07154605407719039,0.0,25,negative
2019-09-11 12:00:00,6.693374463469215,47.06275749659011,4.534961259666424,0.0759777388810334,25,negative
2019-09-11 13:00:00,28.543445301857627,43.3906675577598,9.161994812071054,0.0998589640413215,25,negative
2019-09-11 14:00:00,27.079998690047645,25.325646051089493,10.596019337424709,0.0,25,negative
2019-09-11 15:00:00,32.13407057517602,39.214658102456426,9.899616434002242,0.0,25,negative
2019-09-11 16:00:00,22.490812956023618,34.156012186021115,2.878932723947244,0.17497661079090596,25,negative
2019-09-11 17:00:00,25.486019548672626,34.9347560098398,0.9395015420798316,0.0,25,negative
2019-09-11 18:00:00,18.255801687681007,37.90270284546774,8.427662809472112,0.0,25,negative
2019-09-11 19:00:00,18.39469245261319,36.008338819767495,12.814883774932813,0.0,25,negative
2019-09-11 20:00:00,33.38455460232571,51.99786468262836,15.483412481045761,0.18220382052100279,25,negative
2019-09-11 21:00:00,34.50359613392578,17.70285784293149,11.237131389552342,0.0,25,negative
2019-09-11 22:00:00,33.19221857485295,23.43921780479071,11.28690262465719,0.0,25,negative
2019-09-11 23:00:00,36.7764818640609,14.19062563408324,4.153552092885672,0.01974649770535747,25,negative
2021-07-25 00:00:00,23.156930296264658,68.95760403904478,7.778291907333539,0.14794150556075739,26,negative
2021-07-25 01:00:00,26.401910164985637,33.255642724890635,9.830130095720401,0.0,26,negative
2021-07-25 02:00:00,15.235546783251785,33.589299326754976,11.709664632451231,0.0,26,negative
2021-07-25 03:00:00,32.3880132495542,40.031541001741914,9.778928556222203,0.39555654132976525,26,negative
2021-07-25 04:00:00,17.241838291429538,25.463314220162566,7.376010711728007,0.07725104612255318,26,negative
2021-07-25 05:00:00,25.255206173599273,50.736230542523955,4.449781775808229,0.0,26,negative
2021-07-25 06:00:00,16.966951592464053,19.751367470076108,18.277805218798335,0.08815583674477201,26,negative
2021-07-25 07:00:00,11.76544545529724,38.220730955829694,9.342607392303831,0.04085882170464475,26,negative
2021-07-25 08:00:00,38.009824428079256,23.343052772080547,5.107815810130498,0.13787999631654854,26,negative
2021-07-25 09:00:00,29.512990124046276,47.00122006642599,5.050656522463405,0.28293879962190815,26,negative
2021-07-25 10:00:00,28.425462561448285,37.84305902179048,5.075360948832539,0.0,26,negative
2021-07-25 11:00:00,35.187895107866176,18.590483710944795,4.00100465968265,0.0,26,negative
2021-07-25 12:00:00,18.71343075192204,34.7639497021846,12.79285514100953,0.0,26,negative
2021-07-25 13:00:00,22.48672840402743,39.15490212620518,11.119954801815897,0.0,26,negative
2021-07-25 14:00:00,30.572673534036806,22.603805856703964,5.782448144112561,0.017545628648332895,26,negative
2021-07-25 15:00:00,21.39675337596866,42.30395661640009,8.709139592282028,0.021797988071296875,26,negative
2021-07-25 16:00:00,34.230065355010254,45.62098298015202,9.510586625678098,0.0,26,negative
2021-07-25 17:00:00,16.357364058340035,67.62157612725026,2.561813994584308,0.0,26,negative
2021-07-25 18:00:00,19.70858977105808,30.133784368594277,5.728716218426203,0.0,26,negative
2021-07-25 19:00:00,31.506737638464955,16.92945808125674,12.917819493419099,0.0,26,negative
2021-07-25 20:00:00,18.95287094656523,42.989109256907795,7.210504911517127,0.1443453043736467,26,negative
2021-07-25 21:00:00,13.27653076263275,44.83162274704536,11.017851618425114,0.0,26,negative
2021-07-25 22:00:00,18.867867685275947,32.14352699553468,6.372234214179867,0.09572490251375998,26,negative
2021-07-25 23:00:00,22.490026002050236,42.836822918142516,8.338043993891029,0.005248486386340984,26,negative
2021-07-26 00:00:00,13.963502841360159,25.083444246594194,8.66509497841835,0.0,26,negative
2021-07-26 01:00:00,6.790330999789822,44.04046999813404,9.241584197777993,0.0,26,negative
2021-07-26 02:00:00,21.066325848920627,22.871877170919987,5.733383678431049,0.19195879598183593,26,negative
2021-07-26 03:00:00,25.32950942938858,61.426645708553394,9.325117870851413,0.0,26,negative
2021-07-26 04:00:00,24.28476829866239,32.080418117014474,2.4949373262294845,0.0,26,negative
2021-07-26 05:00:00,29.038117825018844,24.972597771602935,0.0,0.0,26,negative
2021-07-26 06:00:00,16.674519251317424,32.66744796110286,5.419972181812604,0.11198527021006285,26,negative
2021-07-26 07:00:00,26.54319621702524,41.942390692188866,8.997967013800961,0.0,26,negative
2021-07-26 08:00:00,16.749541177637454,18.58161147412148,5.388331628863141,0.0,26,negative
2021-07-26 09:00:00,5.589684351623788,26.81647040679544,13.524252775911126,0.2601930072345551,26,negative
2021-07-26 10:00:00,26.20147085564864,36.974270648554686,15.244492630710155,0.0,26,negative
2021-07-26 11:00:00,14.281383024297067,51.864429105328,8.138024484193544,0.2175880068827393,26,negative
2021-07-26 12:00:00,26.415397014051763,28.422995574680225,3.812372522636326,0.2839312868411653,26,negative
2021-07-26 13:00:00,24.57239488820813,38.08723244945994,15.583733833279755,0.0,26,negative
2021-07-26 14:00:00,19.5428044096167,56.59450295790374,12.928233966387953,0.0,26,negative
2021-07-26 15:00:00,9.511898219349517,22.82217826575151,2.729526013061318,0.0,26,negative
2021-07-26 16:00:00,17.93327108366765,59.0435733926345,0.14281393112995655,0.10709219774675546,26,negative
2021-07-26 17:00:00,23.957030279038815,42.821540746462546,0.0,0.0,26,negative
2021-07-26 18:00:00,19.891170454875088,55.34065447227451,17.43880442608485,0.2572118925629243,26,negative
2021-07-26 19:00:00,20.63482418063667,22.447013640730358,11.166031999430611,0.0,26,negative
2021-07-26 20:00:00,32.0481658990404,34.56499081016875,3.807341474323878,0.0,26,negative
2021-07-26 21:00:00,33.046293635468615,28.992243524800724,0.0,0.0,26,negative
2021-07-26 22:00:00,19.767793972093287,7.680527580957534,9.160186659991595,0.0,26,negative
2021-07-26 23:00:00,36.87914091854648,15.014345647353313,11.65260715644382,0.0,26,negative
2021-07-27 00:00:00,26.15696744748248,19.89797550733813,2.675366596287441,0.0,26,negative
2021-07-27 01:00:00,22.721421278770336,26.608492630569405,14.458185067666278,0.03918781244261743,26,negative
2021-07-27 02:00:00,6.850394047047706,31.63915228242744,10.401366741228529,0.156459723961781,26,negative
2021-07-27 03:00:00,24.673780697119568,57.409835215350164,2.426047141489379,0.22699585805675107,26,negative
2021-07-27 04:00:00,34.36043230408322,5.489751695535741,7.731527763986153,0.0,26,negative
2021-07-27 05:00:00,31.712130007472474,44.90174559269529,11.42719650880847,0.0,26,negative
2021-07-27 06:00:00,32.985416671433484,16.99907433071309,2.2979349031331253,0.010017654238760498,26,negative
2021-07-27 07:00:00,25.446136634241814,61.67164609063323,10.168622927832047,1.0445270473974313,26,negative
2021-07-27 08:00:00,27.41190366548908,22.52368699876832,12.565777621880205,0.0,26,negative
2021-07-27 09:00:00,25.204350529255585,8.290190343279797,0.0,0.0,26,negative
2021-07-27 10:00:00,35.966166845587736,17.77767765729364,11.661549009944657,0.2989284537000043,26,negative
2021-07-27 11:00:00,20.079759206246077,34.32919617396111,16.21889213905748,0.0,26,negative
2021-07-27 12:00:00,25.08026512256281,54.45047648166795,4.83401568119209,0.0,26,negative
2021-07-27 13:00:00,29.21042076126985,48.34849044865299,7.224916485442462,0.00470390552852154,26,negative
2021-07-27 14:00:00,15.041410838644676,22.89226452550193,3.41493424470754,0.05806591395884417,26,negative
2021-07-27 15:00:00,20.173309493839422,41.47100296520029,10.43941009826402,0.0,26,negative
2021-07-27 16:00:00,13.281851743126165,31.57009425240031,4.124396381931094,0.0,26,negative
2021-07-27 17:00:00,35.56549607259896,11.999678421838805,18.115322136390052,0.25450799905158783,26,negative
2021-07-27 18:00:00,27.601670807753063,49.79357424526889,12.341664086651157,0.31466085396311416,26,negative
2021-07-27 19:00:00,35.294654393145485,18.763749672848274,7.218108111107956,0.0,26,negative
2021-07-27 20:00:00,8.431363751740939,25.081383221626645,17.362738891119108,0.0,26,negative
2021-07-27 21:00:00,37.86812570666848,66.28740745164805,22.97565181848041,0.0,26,negative
2021-07-27 22:00:00,40.86505492267045,39.87751311583586,9.141641168433367,0.0,26,negative
2021-07-27 23:00:00,22.000497636882912,37.24494702751315,11.76091282576709,0.5168222232607745,26,negative
2021-07-28 00:00:00,10.979006097530315,40.454281963587896,4.535975828375918,0.0,26,negative
2021-07-28 01:00:00,20.857974157486627,29.41785170699188,13.550212462583463,0.09280821816241619,26,negative
2021-07-28 02:00:00,31.28359710301374,38.0902437341323,7.557354990321648,0.0,26,negative
2021-07-28 03:00:00,11.66696108783413,40.07115784206044,12.245946481574803,0.15440692292653072,26,negative
2021-07-28 04:00:00,11.182607316977057,12.215296966355353,5.315907374595817,0.0,26,negative
2021-07-28 05:00:00,23.767803148641967,23.379571403776964,0.7353026653480992,0.0,26,negative
2021-07-28 06:00:00,15.987590971895377,49.03426577967885,13.062721246935222,0.23959420562494052,26,negative
2021-07-28 07:00:00,28.025328492652797,44.76135348013142,2.1015959261853405,0.0,26,negative
2021-07-28 08:00:00,24.726559905259336,37.448531280760385,0.0,0.019354284599744864,26,negative
2021-07-28 09:00:00,16.649670398822813,26.818202652066617,6.955666170636949,0.0,26,negative
2021-07-28 10:00:00,22.77614214098284,44.06461981950636,2.374067288924289,0.0,26,negative
2021-07-28 11:00:00,16.06227695819477,32.84999146916632,16.54006813628103,0.10684529304820176,26,negative
2021-07-28 12:00:00,19.764260252485034,15.880313415340627,8.765339872758863,0.0,26,negative
2021-07-28 13:00:00,23.357240950754157,33.24926219996505,14.642011645260261,0.16708425654579676,26,negative
2021-07-28 14:00:00,28.556528450494483,45.72886080267702,0.0,0.01928803278314334,26,negative
2021-07-28 15:00:00,13.375404248949181,22.56024658764707,15.372930536626466,0.20143033624947151,26,negative
2021-07-28 16:00:00,37.14054556644806,13.884673695937167,2.5816460986131604,0.19346812004627992,26,negative
2021-07-28 17:00:00,19.26902784193193,39.609910049015745,7.438465868151249,0.0,26,negative
2021-07-28 18:00:00,19.56611145014339,37.69240040611605,11.208191437639513,0.0,26,negative
2021-07-28 19:00:00,20.37989971725746,29.095425565461866,5.387692217704339,0.0,26,negative
2021-07-28 20:00:00,27.522599176910543,6.514498603427445,0.0,0.19957838708451284,26,negative
2021-07-28 21:00:00,23.841163552435,34.49794791171964,10.573892759218404,0.15330764718171244,26,negative
2021-07-28 22:00:00,33.179350171031544,46.581670681610234,8.38788303557843,0.20766892513970317,26,negative
2021-07-28 23:00:00,8.808750205478233,33.723879310021644,8.687561530639925,0.09544094847159226,26,negative
2021-07-29 00:00:00,8.278671977371035,31.093896396882776,10.002303981755372,0.0,26,negative
2021-07-29 01:00:00,31.48903873163361,46.42257998610118,7.695769753139794,0.20187844509909783,26,negative
2021-07-29 02:00:00,20.38909091556294,37.20160929144279,11.974011750736812,0.016982610501801693,26,negative
2021-07-29 03:00:00,24.8959174362547,49.41963153975519,11.560824303695265,0.0,26,negative
2021-07-29 04:00:00,40.62758638362328,45.54391660035415,5.693537242976227,0.025792275200364895,26,negative
2021-07-29 05:00:00,25.75054733192334,44.202660402655724,15.47508123618686,0.0796081714012424,26,negative
2021-07-29 06:00:00,34.110703930637875,62.756253020871696,10.840353316351074,0.01783273567526103,26,negative
2021-07-29 07:00:00,20.06684154192401,35.094859847250575,11.48976079574076,0.0,26,negative
2021-07-29 08:00:00,27.7656778400271,44.40002857404925,12.49194987071185,0.0,26,negative
2021-07-29 09:00:00,13.805210677918947,47.4840206526182,17.292933082081134,0.05002132411363844,26,negative
2021-07-29 10:00:00,33.99583958385982,21.240570501326133,7.851186901947824,0.0,26,negative
2021-07-29 11:00:00,33.03377001939039,59.607148316132765,7.504019399562189,0.07195543433496102,26,negative
2021-07-29 12:00:00,35.20501302322667,34.50621713057496,8.648758058984917,0.3448976530144874,26,negative
2021-07-29 13:00:00,15.259696147837726,36.65146392821841,18.71393553100969,0.0,26,negative
2021-07-29 14:00:00,28.830609925652112,42.85706669205518,7.181170456485239,0.22561353914659352,26,negative
2021-07-29 15:00:00,36.02095939631543,43.30395719868952,11.549093116306315,0.0,26,negative
2021-07-29 16:00:00,19.684716504014652,19.296276352432322,16.841736957951397,0.07613749873613715,26,negative
2021-07-29 17:00:00,29.14880680119211,23.565062215709595,9.942631526230825,0.0,26,negative
2021-07-29 18:00:00,22.50991871782474,25.281152222325808,3.6117283254372428,0.0,26,negative
2021-07-29 19:00:00,3.65287485625435,17.601463433337003,11.91207078130164,0.0,26,negative
2021-07-29 20:00:00,13.40650442429914,43.21810354197599,3.608934639240574,0.21218217213636723,26,negative
2021-07-29 21:00:00,21.074887412305394,30.123152744115096,7.5446818813627265,0.054331772300941356,26,negative
2021-07-29 22:00:00,15.929587843821196,38.39837999399568,11.906843547461854,0.6373523222865746,26,negative
2021-07-29 23:00:00,9.245937300752542,25.983527855567406,11.797316005544339,0.18448937622490838,26,negative
2021-07-30 00:00:00,20.1511525491118,48.661544769381194,3.968284602525703,0.0,26,negative
2021-07-30 01:00:00,9.88927166946545,39.810785910886935,9.14753537284205,0.0,26,negative
2021-07-30 02:00:00,12.837950946628911,32.12168628841375,1.6076481977090662,0.0344330162438751,26,negative
2021-07-30 03:00:00,33.8543046035298,30.188708660390258,1.1704008787754834,0.00900963257745116,26,negative
2021-07-30 04:00:00,9.11238533266231,15.56340681789171,11.354934737477,0.20928038115613581,26,negative
2021-07-30 05:00:00,24.498628722839022,35.3861401382386,5.342358754533329,0.28156972420506465,26,negative
2021-07-30 06:00:00,14.498707925221957,47.6126660124057,4.508298507138344,0.0,26,negative
2021-07-30 07:00:00,17.957191956823145,45.342103466116484,10.722219567544496,0.1745014244795298,26,negative
2021-07-30 08:00:00,24.033943490225433,8.831107522616286,6.293391439054185,0.0,26,negative
2021-07-30 09:00:00,19.183534163745303,42.512288331483745,11.600382830397661,0.08245801635863545,26,negative
2021-07-30 10:00:00,15.521623980021433,34.460456695212244,0.28133959716921986,0.46486659430805044,26,negative
2021-07-30 11:00:00,32.78462266709886,12.405491521839267,6.29941320343296,0.29143322027337704,26,negative
2021-07-30 12:00:00,38.042143051102066,26.9320818999552,5.60094557320752,0.013139681422632027,26,negative
2021-07-30 13:00:00,22.074574428538007,39.05250582535531,3.5709007619020294,0.19999972917806466,26,negative
2021-07-30 14:00:00,24.16850867430807,47.778489031477726,6.3593223608004035,0.008028906418706266,26,negative
2021-07-30 15:00:00,20.295228041007345,56.86522324236724,8.58132068685531,0.0,26,negative
2021-07-30 16:00:00,18.334064007832687,27.26054554291754,9.188610374119135,0.0,26,negative
2021-07-30 17:00:00,16.523535216719296,36.89868915764193,8.920847455095574,0.1897234889296159,26,negative
2021-07-30 18:00:00,8.340028785114251,21.12900950433518,1.1707773993904969,0.0,26,negative
2021-07-30 19:00:00,14.792213040877511,27.556383223598782,2.0285973804457695,0.1513168957286032,26,negative
2021-07-30 20:00:00,13.00717119024985,46.36862663049426,10.396139848977889,0.0,26,negative
2021-07-30 21:00:00,19.584464562555453,4.434698505459124,5.708966872525771,0.01815746130865306,26,negative
2021-07-30 22:00:00,23.978193738124173,44.295607532065574,9.623163312465433,0.0,26,negative
2021-07-30 23:00:00,17.45348612491928,25.853361780190347,13.189391144512886,0.042021377930283765,26,negative
2021-07-31 00:00:00,20.02401007566227,62.69781717342173,10.888652736913413,0.0,26,negative
2021-07-31 01:00:00,16.5124414908216,54.89769007375803,9.034985104448346,0.0,26,negative
2021-07-31 02:00:00,27.41021141964072,48.201317852809616,10.749349922454485,0.44391488397599643,26,negative
2021-07-31 03:00:00,25.610994871221457,43.3233587514534,4.341810725782825,0.0,26,negative
2021-07-31 04:00:00,12.130586728074377,39.64066421746211,1.3161647091069613,0.0,26,negative
2021-07-31 05:00:00,17.972842428647123,33.52806891746067,5.143531810659575,0.03093777516374968,26,negative
2021-07-31 06:00:00,24.734061450861162,20.654994455081116,7.852927725242122,0.0,26,negative
2021-07-31 07:00:00,11.501879219988314,22.189193462569,12.303773239576675,0.0,26,negative
2021-07-31 08:00:00,23.209239438596516,50.33453523038491,4.029656491008538,0.0,26,negative
2021-07-31 09:00:00,16.858865068265292,29.77695428996656,14.697610424738391,0.0,26,negative
2021-07-31 10:00:00,12.446249512719415,14.514753990602312,15.00846975342984,0.7212043772347837,26,negative
2021-07-31 11:00:00,19.38661083132001,10.780487331185956,6.688069819170407,0.019334617661853654,26,negative
2021-07-31 12:00:00,24.023656386183706,33.38203923052062,0.17557237274129545,0.006474834639492472,26,negative
2021-07-31 13:00:00,23.175318111407055,20.122627144500427,11.274455789889405,0.021325172613476856,26,negative
2021-07-31 14:00:00,17.770810330767237,45.88748290657556,7.451302012579834,0.02071663491324513,26,negative
2021-07-31 15:00:00,38.273205280464644,18.5950177710013,11.84742201773333,0.0,26,negative
2021-07-31 16:00:00,14.234557277185342,26.3731899767201,5.068114508853981,0.0,26,negative
2021-07-31 17:00:00,19.149075950235027,32.02573117917377,12.189941641390842,0.6562135174622628,26,negative
2021-07-31 18:00:00,14.208852626868993,45.048921143148,10.763880743104373,0.0,26,negative
2021-07-31 19:00:00,26.477615602429353,54.903004352296634,7.754867427672451,0.0,26,negative
2021-07-31 20:00:00,28.99963405051398,60.8456814645631,3.5692984828021777,0.0,26,negative
2021-07-31 21:00:00,30.721245079096164,36.7303807244478,0.0,0.0,26,negative
2021-07-31 22:00:00,14.169530909416807,15.939161015089795,0.0,0.0,26,negative
2021-07-31 23:00:00,15.32230944786059,40.00004270371808,10.894772152897014,0.07653520173886619,26,negative
2023-10-13 00:00:00,24.372566239791773,40.71572131099245,8.69048843322697,0.08112692988976303,27,negative
2023-10-13 01:00:00,15.205302702787286,33.4252768373611,7.369179759754918,0.2047134673627359,27,negative
2023-10-13 02:00:00,30.81320053732128,40.158580408542356,3.9455814044141952,0.0,27,negative
2023-10-13 03:00:00,15.84850235296541,14.832644577102116,4.348138988196005,0.010548214412728213,27,negative
2023-10-13 04:00:00,22.675124062709408,62.87266425407315,10.41540776041093,0.0,27,negative
2023-10-13 05:00:00,27.721115231919413,51.28560114957552,6.205488641895208,0.685135290138804,27,negative
2023-10-13 06:00:00,18.408320873592963,34.82195703983002,4.859205579974894,0.7967568512433273,27,negative
2023-10-13 07:00:00,25.334701539366076,19.919042507041215,0.332540259407347,0.0,27,negative
2023-10-13 08:00:00,20.125156093894013,20.13621338353215,6.85955048340745,0.0,27,negative
2023-10-13 09:00:00,26.595544374906808,25.087611363660336,1.480292064805253,0.0,27,negative
2023-10-13 10:00:00,27.2451584782684,48.33794343566852,9.764449605166766,0.07617481895033673,27,negative
2023-10-13 11:00:00,35.833616956954984,27.751581078057082,15.43281626993245,0.04869718543995474,27,negative
2023-10-13 12:00:00,30.158789578080512,45.62858703009143,0.0,0.13328877139993048,27,negative
2023-10-13 13:00:00,12.229696669517136,8.26929452561168,12.39657491697828,0.0,27,negative
2023-10-13 14:00:00,19.938619962407575,47.81234998049569,15.423126588453721,0.2830157929198093,27,negative
2023-10-13 15:00:00,21.797495480679682,31.314681083868617,10.687794411024868,0.0,27,negative
2023-10-13 16:00:00,25.694439248313444,41.411946137253004,7.743985493960225,0.0,27,negative
2023-10-13 17:00:00,29.181731110052773,15.730623205777281,11.096928210429107,0.0,27,negative
2023-10-13 18:00:00,12.876543164074189,25.88298814092268,18.607372756948724,0.0,27,negative
2023-10-13 19:00:00,12.23829059652385,47.01318859569561,4.136623972134094,0.15905771487166184,27,negative
2023-10-13 20:00:00,26.158156384371736,21.250732763253072,9.605941711112191,0.0,27,negative
2023-10-13 21:00:00,27.657633554157478,37.752474869089035,0.0,0.19899012076629,27,negative
2023-10-13 22:00:00,19.68214937255688,56.25076463286208,9.976039245079257,0.39974465385746805,27,negative
2023-10-13 23:00:00,16.3156735918326,23.14898373773055,7.871753344697175,0.0,27,negative
2023-10-14 00:00:00,32.70407241768065,32.70021411915009,1.8758912500813576,0.0,27,negative
2023-10-14 01:00:00,29.720408676912037,32.4911398360561,6.896441160251193,0.0,27,negative
2023-10-14 02:00:00,14.681894489075667,1.4723555235900463,3.735666768216789,0.0,27,negative
2023-10-14 03:00:00,20.003907837295284,11.59355569873351,13.080297656757754,0.0,27,negative
2023-10-14 04:00:00,25.112117557707936,41.29415389675055,1.507378770750524,0.3793508442177055,27,negative
2023-10-14 05:00:00,29.25963026561605,52.10465345555981,11.606316625064762,0.0428395611620159,27,negative
2023-10-14 06:00:00,8.100629881836687,34.77598020833794,3.2171282528177683,0.036432303027727625,27,negative
2023-10-14 07:00:00,31.0430359390164,20.742067839197098,7.770109081469923,0.015166700713360348,27,negative
2023-10-14 08:00:00,29.20633005991227,9.865726251988203,0.0,0.30381405208937917,27,negative
2023-10-14 09:00:00,1.7486654209965558,37.37858614718097,10.961038867913711,0.0,27,negative
2023-10-14 10:00:00,17.01945398995206,37.41772469202734,11.257549198301621,0.20824549471662882,27,negative
2023-10-14 11:00:00,29.322782382012786,39.11513487841475,4.97276834647095,0.3575328390854764,27,negative
2023-10-14 12:00:00,20.885324118562085,46.70110925371797,6.197699549265337,0.07776073334481742,27,negative
2023-10-14 13:00:00,17.0325470547735,20.93235741962401,8.857663959549242,0.5140799059095827,27,negative
2023-10-14 14:00:00,28.404642331590587,43.88348798265686,4.1744277182805645,0.017507003895733175,27,negative
2023-10-14 15:00:00,15.842400797327867,10.93530791297486,5.013874162764816,0.4101904809728323,27,negative
2023-10-14 16:00:00,26.17126979930827,37.24219895705509,12.538373075141143,0.0,27,negative
2023-10-14 17:00:00,18.98641289670272,59.66550052649488,0.0,0.10808728696577927,27,negative
2023-10-14 18:00:00,13.428048417898811,32.06902393618881,5.827762562819417,0.0,27,negative
2023-10-14 19:00:00,14.907497085474834,38.832809891142574,1.4719121404485982,0.0,27,negative
2023-10-14 20:00:00,21.999063606994508,46.09071326058521,20.16478142339963,0.0,27,negative
2023-10-14 21:00:00,13.900000635604115,33.59232116901205,8.904880975169045,0.0,27,negative
2023-10-14 22:00:00,25.76206244747635,1.0,10.765748106639997,0.0461830493556957,27,negative
2023-10-14 23:00:00,21.1223581464358,56.9858440853975,1.6924141219553892,0.08245778255338956,27,negative
2023-10-15 00:00:00,28.35137263205158,37.55504687429451,0.0,0.23673107105802274,27,negative
2023-10-15 01:00:00,20.309167596749152,27.086887248829573,6.447585589035402,0.10293166347293767,27,negative
2023-10-15 02:00:00,12.47856261800179,37.47425879115978,5.013834960429996,0.0,27,negative
2023-10-15 03:00:00,26.140763948921443,59.38504117645715,6.941834283136597,0.0,27,negative
2023-10-15 04:00:00,10.242061318778282,67.9001507911222,11.310539982580668,0.0,27,negative
2023-10-15 05:00:00,35.54524071413709,55.34243575829048,1.243612487724313,0.0,27,negative
2023-10-15 06:00:00,20.94140123871704,18.948723559970567,7.51710268544573,0.0,27,negative
2023-10-15 07:00:00,11.013913133421653,39.39500821960905,13.842489877163526,0.24076246656345365,27,negative
2023-10-15 08:00:00,21.395069161759267,24.97847360635616,12.154209360496756,0.667672821185348,27,negative
2023-10-15 09:00:00,22.204125864426523,51.884165393145636,5.086256194655549,0.0,27,negative
2023-10-15 10:00:00,12.065081034948614,41.55926411900614,5.880920784838756,0.0849356248409521,27,negative
2023-10-15 11:00:00,15.865469866581744,43.05658244694363,2.4851975013846808,0.13002431812424906,27,negative
2023-10-15 12:00:00,29.170891404139063,32.508191362557916,12.777225429921536,0.0,27,negative
2023-10-15 13:00:00,21.990992804826945,37.34448907904325,14.936431335734117,0.0,27,negative
2023-10-15 14:00:00,31.225896305538683,25.56771695096912,3.065852153083913,0.0320547100697246,27,negative
2023-10-15 15:00:00,33.01407761840653,52.44228098178105,8.0652462866671,0.0,27,negative
2023-10-15 16:00:00,27.963101224681033,37.23414187069107,8.961868123684997,0.0,27,negative
2023-10-15 17:00:00,15.695227733768782,24.70921343666071,4.4925481924518085,0.14689721252050078,27,negative
2023-10-15 18:00:00,21.675413017299526,46.42946203525554,14.30358641489556,0.0,27,negative
2023-10-15 19:00:00,33.34772366647801,23.643784590664882,0.840203610064183,0.1092090203414334,27,negative
2023-10-15 20:00:00,33.05706750560721,58.339886708156385,10.424981048461879,0.04552725332926369,27,negative
2023-10-15 21:00:00,24.92487570746874,43.33161301864115,14.260375106292948,0.0,27,negative
2023-10-15 22:00:00,29.277067227082675,26.19081652556217,2.854413427236709,0.0,27,negative
2023-10-15 23:00:00,15.660679116595478,57.12705660263556,0.0,0.0,27,negative
2023-10-16 00:00:00,24.55627979793991,31.898499987032558,3.3744186284762927,0.046863214310006285,27,negative
2023-10-16 01:00:00,17.74857051141853,27.2917522814902,13.558683294242279,0.7070982576828001,27,negative
2023-10-16 02:00:00,25.622164908510335,15.616402948373072,10.40124097041794,0.0,27,negative
2023-10-16 03:00:00,38.76236942344556,32.88398709803222,0.0,0.0,27,negative
2023-10-16 04:00:00,14.99470213531307,25.16272802200548,6.1767930210057855,0.0556887757043554,27,negative
2023-10-16 05:00:00,15.4687033834543,17.61975572001735,12.108947119665435,0.21179771340868878,27,negative
2023-10-16 06:00:00,19.963409414109698,34.735450249515864,2.3683456990371106,0.0,27,negative
2023-10-16 07:00:00,23.839710097230558,31.70902085429264,9.98037488884724,0.0,27,negative
2023-10-16 08:00:00,13.566884887275362,52.89571270593436,6.961768700852123,0.0,27,negative
2023-10-16 09:00:00,25.363364715353807,64.5639969555775,13.876345846532232,0.0,27,negative
2023-10-16 10:00:00,16.387460201844036,42.99551427473782,8.715630418954587,0.09724462320692442,27,negative
2023-10-16 11:00:00,28.664479580880332,35.581569955340484,12.195049076503631,0.5367729297587126,27,negative
2023-10-16 12:00:00,29.99577334406535,42.5149335402092,13.987848322309517,0.1677744321340444,27,negative
2023-10-16 13:00:00,21.320372794336695,32.51938189035027,16.91515496295471,0.7151105924081883,27,negative
2023-10-16 14:00:00,27.98746959070275,29.279195117153872,0.0,0.07672581389681993,27,negative
2023-10-16 15:00:00,25.24736707889587,45.51697549407656,10.046067046100802,0.0,27,negative
2023-10-16 16:00:00,12.775776540506678,52.18924252090254,9.956300776170645,0.060934757360551345,27,negative
2023-10-16 17:00:00,26.75441745179011,37.544119413949446,5.1222099752523045,0.24073557958054168,27,negative
2023-10-16 18:00:00,22.634961328139568,25.924991736689783,7.1106711321850975,0.0,27,negative
2023-10-16 19:00:00,33.047102528557176,37.82216208905812,8.286335789436428,0.0,27,negative
2023-10-16 20:00:00,35.754920906930266,50.5451283105195,11.759757853521634,0.0,27,negative
2023-10-16 21:00:00,22.32738120524637,33.09306937521369,11.414077191502994,0.2256899430800258,27,negative
2023-10-16 22:00:00,20.146318268371846,44.29119408432055,4.132108164556606,0.12674940975193036,27,negative
2023-10-16 23:00:00,23.54661311808769,55.0772855502436,12.042348686116735,0.0,27,negative
2023-10-17 00:00:00,22.506534449722324,57.42617035674463,0.0,0.0,27,negative
2023-10-17 01:00:00,39.214071801440284,41.84924524305335,12.161313187177562,0.0,27,negative
2023-10-17 02:00:00,20.323453095413306,25.83694436953494,7.754939918677883,0.13581312247821006,27,negative
2023-10-17 03:00:00,25.359070777307373,64.79904607536858,8.50137272901276,0.06981606396221249,27,negative
2023-10-17 04:00:00,35.15448496978733,16.685685826103462,5.203045372472879,0.16376225154691085,27,negative
2023-10-17 05:00:00,25.337400658105796,13.318425216041717,4.2676388181319,0.0,27,negative
2023-10-17 06:00:00,26.973704506580482,52.75069827054328,1.89080977876743,0.056804857280513016,27,negative
2023-10-17 07:00:00,29.446229954597303,25.113938151327453,0.0,0.0,27,negative
2023-10-17 08:00:00,17.23793930472966,58.12506270213791,7.408487124918895,0.0,27,negative
2023-10-17 09:00:00,23.182788439615525,15.569784937016262,10.571700251031746,0.0,27,negative
2023-10-17 10:00:00,15.339810078475393,40.63238072647838,16.751168414011097,0.03298018068107397,27,negative
2023-10-17 11:00:00,13.681075953763662,26.05090509927021,10.577661425186795,0.0,27,negative
2023-10-17 12:00:00,4.687330483298215,36.31005228359449,5.564285117180523,0.22575050015560674,27,negative
2023-10-17 13:00:00,11.30265776006104,26.483383105385798,8.294075099912277,0.21567062291245273,27,negative
2023-10-17 14:00:00,24.834784920656517,49.213091557514794,8.133621679236311,0.0,27,negative
2023-10-17 15:00:00,20.53000036903541,45.43276021203816,13.162810846633917,0.09164455138347163,27,negative
2023-10-17 16:00:00,14.567077900935692,40.03487239230854,10.389904819211102,0.0,27,negative
2023-10-17 17:00:00,16.56989701632316,24.983041186014695,11.780800987697877,0.27860378647914485,27,negative
2023-10-17 18:00:00,18.402526538567166,53.81209805210365,1.1449719685941364,0.1486877437671432,27,negative
2023-10-17 19:00:00,17.098916695137383,48.00092604201068,7.456001690373126,0.0,27,negative
2023-10-17 20:00:00,19.8977080019059,47.84864978049461,6.2633806299021675,0.0,27,negative
2023-10-17 21:00:00,36.50673460695993,35.44074045520538,4.6215221949022975,0.07081569535245766,27,negative
2023-10-17 22:00:00,36.92462424828784,26.721119353171225,18.309191192505736,0.0,27,negative
2023-10-17 23:00:00,23.14308160241961,37.54765718491996,19.079754696383475,0.0,27,negative
2023-10-18 00:00:00,23.71473215606004,31.021945887049142,6.934533074584685,0.0,27,negative
2023-10-18 01:00:00,19.869966804030987,37.821960007824586,7.882112689224729,0.19973407904329685,27,negative
2023-10-18 02:00:00,25.050928302487034,45.74081677549371,5.289671912459582,0.0,27,negative
2023-10-18 03:00:00,28.75161839336937,47.477311160420214,8.15048476304944,0.13140006609678126,27,negative
2023-10-18 04:00:00,34.56603689649681,47.12036019217923,5.1485832909381735,0.14426144398059645,27,negative
2023-10-18 05:00:00,26.589360263808718,47.566173560692164,7.612613927282246,0.0,27,negative
2023-10-18 06:00:00,34.673655899022656,18.915204282215637,3.2933412218354086,0.0,27,negative
2023-10-18 07:00:00,14.451593443005407,53.710173156785046,14.404163782566016,0.0,27,negative
2023-10-18 08:00:00,25.970515164454245,34.84243133564126,2.0401158702352244,0.11058169176549218,27,negative
2023-10-18 09:00:00,15.152880620861842,31.625984342453307,4.537872242900155,0.11938109493167989,27,negative
2023-10-18 10:00:00,24.479385396794786,29.883117592844567,0.7279362354649894,0.35603879818707607,27,negative
2023-10-18 11:00:00,23.900213974650807,41.84888000291641,5.8879530696250715,0.0,27,negative
2023-10-18 12:00:00,21.333595752817306,30.151669865196496,11.547671903597886,0.0,27,negative
2023-10-18 13:00:00,28.120235837674965,49.82408503875723,17.01832903738299,0.0,27,negative
2023-10-18 14:00:00,30.793726566478675,42.40790860753593,0.0,0.0,27,negative
2023-10-18 15:00:00,15.058307944769732,38.47149996056541,4.044949203431814,0.0,27,negative
2023-10-18 16:00:00,29.84822478511676,53.05355069030239,16.096307807621336,0.09016556627875807,27,negative
2023-10-18 17:00:00,12.407999720425453,78.91722779349678,13.047618599297719,0.0,27,negative
2023-10-18 18:00:00,22.256300082495162,34.14709779357621,0.0,0.11993289928683507,27,negative
2023-10-18 19:00:00,21.10521924396273,24.2621018680942,5.074320047252925,0.0,27,negative
2023-10-18 20:00:00,19.986775667468795,39.17180012400097,9.212681425018609,0.17013673428011247,27,negative
2023-10-18 21:00:00,18.181737873039182,53.70471872058023,10.217810968033678,0.0643694537946912,27,negative
2023-10-18 22:00:00,21.13996800616297,32.41777518992314,6.909172723346886,0.006300085780285125,27,negative
2023-10-18 23:00:00,27.077801513433766,42.74979624220979,9.694576790387815,0.0,27,negative
2023-10-19 00:00:00,4.790343967101542,46.668389434072594,10.441770475532383,0.18416243038829486,27,negative
2023-10-19 01:00:00,24.244658227173133,44.71907721620335,13.856235326125304,0.004071456590212963,27,negative
2023-10-19 02:00:00,24.57281445453094,49.201584762511146,6.467299899029419,0.04671688263484142,27,negative
2023-10-19 03:00:00,17.031094446369416,51.65445061431956,0.0,0.0,27,negative
2023-10-19 04:00:00,22.14167169478406,49.4808099608944,4.097278148043511,0.0,27,negative
2023-10-19 05:00:00,32.72444697561416,36.34975368224444,8.30315044865639,0.23374392159559174,27,negative
2023-10-19 06:00:00,13.619504394816156,44.5432263212653,0.0,0.0,27,negative
2023-10-19 07:00:00,9.498159942886408,47.42329099528439,10.00065388754518,0.17534498730057693,27,negative
2023-10-19 08:00:00,33.78551516998847,30.260874962572963,11.047928407063301,0.0,27,negative
2023-10-19 09:00:00,21.310123562651135,54.59938748118344,18.409396817010204,0.6930997297692514,27,negative
2023-10-19 10:00:00,28.669756732159065,39.78675368970217,9.655562112252209,0.042445250450796335,27,negative
2023-10-19 11:00:00,19.335376068310737,1.0,15.674046622992442,0.0,27,negative
2023-10-19 12:00:00,20.067542840395134,31.69560649972868,4.080983033733111,0.0,27,negative
2023-10-19 13:00:00,21.645500516623322,24.25196031755693,8.746510083256775,0.0,27,negative
2023-10-19 14:00:00,29.422708570304817,14.89425818477401,3.9730533955410845,0.0,27,negative
2023-10-19 15:00:00,16.882056452414215,21.44896606182375,5.048545294956945,0.23302358056784714,27,negative
2023-10-19 16:00:00,21.222568511463667,31.850623458465,2.8571742577567516,0.0,27,negative
2023-10-19 17:00:00,32.60975809806142,6.343569704199034,0.23229691288236864,0.0,27,negative
2023-10-19 18:00:00,34.558370725005915,3.0623154244289488,12.07718250639417,0.24080931066098002,27,negative
2023-10-19 19:00:00,15.100701873337508,58.69501740339816,7.11002859559997,0.1378824114034268,27,negative
2023-10-19 20:00:00,16.24613348362329,50.01542789032084,12.172260588077334,0.1903477739988814,27,negative
2023-10-19 21:00:00,33.5248589528818,34.86274933674147,23.541893075909485,0.0,27,negative
2023-10-19 22:00:00,26.324128280365255,20.042684035195826,0.349836353861825,0.6486320316681912,27,negative
2023-10-19 23:00:00,14.530676104603636,55.659539838353425,10.435444566687616,0.054727729595354435,27,negative
2020-09-28 00:00:00,20.91304791282634,31.13380395608171,12.000253352618316,0.7051308108754132,28,negative
2020-09-28 01:00:00,24.79749108892994,39.5012866392005,3.755659949235441,0.15856379153540193,28,negative
2020-09-28 02:00:00,19.635430347814975,20.108748131656462,12.264399897600965,0.05461862378557425,28,negative
2020-09-28 03:00:00,25.267426501272436,17.2298029971269,12.062081258209862,0.5356608710054478,28,negative
2020-09-28 04:00:00,11.897330161724295,40.31313208984293,4.073451523249938,0.005232740313751566,28,negative
2020-09-28 05:00:00,31.917059825202003,39.23161014544955,1.8606626206528976,0.1384416346811437,28,negative
2020-09-28 06:00:00,27.97019604545431,14.562617034237636,1.3444307762896592,0.0,28,negative
2020-09-28 07:00:00,23.067333356348595,40.7004711079144,5.802373510914432,0.13519939067764977,28,negative
2020-09-28 08:00:00,15.105482296188587,44.399665303346616,9.070603393340626,0.11460783723067322,28,negative
2020-09-28 09:00:00,31.45598441540431,28.17001482342678,4.694612340902857,0.0,28,negative
2020-09-28 10:00:00,5.84798323261731,32.36038762895783,7.462385595651932,0.0,28,negative
2020-09-28 11:00:00,15.031202401052466,57.851807859438935,12.379198901514066,0.6037423216129696,28,negative
2020-09-28 12:00:00,18.46121559104876,41.09004037484605,4.867744878197294,0.11508198041410281,28,negative
2020-09-28 13:00:00,19.294033729739745,51.35991327998711,13.907006512593696,0.0,28,negative
2020-09-28 14:00:00,25.68440875707449,34.90382370683374,2.9588225375697466,0.016903925669077724,28,negative
2020-09-28 15:00:00,11.886126496018885,52.44582855729644,15.762360213276516,0.0,28,negative
2020-09-28 16:00:00,16.807365499645496,50.81891656472864,14.08074470490009,0.0,28,negative
2020-09-28 17:00:00,20.8156426499788,34.11592418193149,4.146118631725406,0.0,28,negative
2020-09-28 18:00:00,16.40043731932839,26.896088819654373,7.493286350824794,0.08505763718020304,28,negative
2020-09-28 19:00:00,5.5483738401868585,48.774085499574895,4.298384554440765,0.44211686148099516,28,negative
2020-09-28 20:00:00,37.77470340066928,27.402820674214166,19.695264977913133,0.0,28,negative
2020-09-28 21:00:00,16.83748957645539,1.0,11.440775688001633,0.0,28,negative
2020-09-28 22:00:00,25.45089268594959,31.56745735243326,2.2807153470056782,0.0,28,negative
2020-09-28 23:00:00,27.653098287560315,29.684369489386835,6.197910713286963,0.4563234606786596,28,negative
2020-09-29 00:00:00,22.7296038542262,18.321020877687058,12.592630998490563,0.05410666128044969,28,negative
2020-09-29 01:00:00,19.634367276033945,67.45975348616557,6.467128886497061,0.0,28,negative
2020-09-29 02:00:00,26.684975887191445,8.221072966615203,14.25404660889263,0.0,28,negative
2020-09-29 03:00:00,26.195613958997804,1.0,6.702941507621117,0.3106695719722953,28,negative
2020-09-29 04:00:00,30.992854271676322,50.788416308840176,9.940049449153868,0.4924775084313412,28,negative
2020-09-29 05:00:00,33.95435368419945,31.066082914707682,17.026855334502827,0.0,28,negative
2020-09-29 06:00:00,26.054464151333185,28.095434231562045,15.034777888909044,0.0,28,negative
2020-09-29 07:00:00,33.54313354011697,37.6631179782056,7.7648067037210025,0.0,28,negative
2020-09-29 08:00:00,33.54032407272966,50.25101460858758,8.691119035771363,0.7768817648221992,28,negative
2020-09-29 09:00:00,28.483088314970587,13.419428038190123,8.175028780761691,0.0,28,negative
2020-09-29 10:00:00,10.657852135475094,40.587546348107495,18.771588701036386,0.06998816628645799,28,negative
2020-09-29 11:00:00,28.127037299305037,70.33534758113163,12.313066095044368,0.0,28,negative
2020-09-29 12:00:00,23.896118368981988,42.21170274663973,15.169065666369809,0.036131522634167995,28,negative
2020-09-29 13:00:00,-0.15906894787654124,22.15693171705735,7.6498663869319925,0.0,28,negative
2020-09-29 14:00:00,-7.600732472725134,24.11572268373984,7.9819469625616914,0.0,28,negative
2020-09-29 15:00:00,14.024453959389275,35.62196937177243,9.71544087626065,0.0,28,negative
2020-09-29 16:00:00,32.973950579789374,35.86571623819214,3.642431651825598,0.0,28,negative
2020-09-29 17:00:00,20.296241573930708,51.701309803061825,3.8815564542843317,0.0,28,negative
2020-09-29 18:00:00,22.7564552801145,64.89849454257015,9.951257318302847,0.0,28,negative
2020-09-29 19:00:00,27.89095623011749,46.55032986343955,6.014944938520927,0.0,28,negative
2020-09-29 20:00:00,26.288281529812565,35.95272765147503,0.41724954131223235,0.0,28,negative
2020-09-29 21:00:00,16.90405681583035,12.265969372062784,6.239418283058491,0.0753949658679818,28,negative
2020-09-29 22:00:00,31.664492000704456,49.20128153011051,9.346164450460616,0.0,28,negative
2020-09-29 23:00:00,22.789156651824012,18.42423760678297,3.4724905057378272,0.057156451288730425,28,negative
2020-09-30 00:00:00,33.210872613090636,51.15036096680667,2.6006121833658735,0.0,28,negative
2020-09-30 01:00:00,18.77914285797818,32.673491910489744,5.319785905238865,0.022912985442372996,28,negative
2020-09-30 02:00:00,21.84874770501092,38.2423520690191,9.121291030666615,0.7784071131029248,28,negative
2020-09-30 03:00:00,22.868429582724218,50.934752326802624,15.363454927403529,0.0,28,negative
2020-09-30 04:00:00,9.85119010089017,35.93201870062283,13.54593787867517,0.0,28,negative
2020-09-30 05:00:00,27.442368608638443,14.596264686402161,5.140062578650028,0.0,28,negative
2020-09-30 06:00:00,20.86009560603233,2.53670838735092,14.663308509202388,0.0,28,negative
2020-09-30 07:00:00,23.125147936494127,12.311403384831046,9.878563269565884,0.5218100360646128,28,negative
2020-09-30 08:00:00,25.805883997495418,52.774759857363804,5.574173441518901,0.0,28,negative
2020-09-30 09:00:00,21.433103926698806,6.099419675889052,19.320442806569723,0.0,28,negative
2020-09-30 10:00:00,18.307931772830347,11.853704452125683,15.129074153404378,0.0,28,negative
2020-09-30 11:00:00,24.790710108553935,41.646272169791786,8.369756518394418,0.11279255306748495,28,negative
2020-09-30 12:00:00,20.80294210379015,20.749237609364293,12.04588846279469,0.0,28,negative
2020-09-30 13:00:00,21.828780535216822,26.474727924574545,18.536589498910082,0.0,28,negative
2020-09-30 14:00:00,9.643095225113262,33.76991029057965,6.7097633671454675,0.0,28,negative
2020-09-30 15:00:00,27.16893163957338,35.4428838047306,10.501688914097366,0.0,28,negative
2020-09-30 16:00:00,38.828453761455606,38.800450857431514,4.594614336602529,0.0,28,negative
2020-09-30 17:00:00,1.0505646938380693,34.510286878694565,13.46491235552994,0.0,28,negative
2020-09-30 18:00:00,24.388448349165397,44.73858733355741,13.516282724388581,0.38811788642471823,28,negative
2020-09-30 19:00:00,25.57964720231567,30.25832848230963,0.0,0.0,28,negative
2020-09-30 20:00:00,26.121620108831227,37.28989231273701,4.559742524028813,0.0,28,negative
2020-09-30 21:00:00,19.942108593374943,34.48366833431024,7.720057054158783,0.0,28,negative
2020-09-30 22:00:00,12.81094391175897,43.43827792861019,4.3955582159598645,0.017072267896345833,28,negative
2020-09-30 23:00:00,29.081920380461995,20.07457308356644,12.417212005052328,0.0,28,negative
2020-10-01 00:00:00,8.813786009039422,55.46713777469749,9.551268636317472,0.056633036761920164,28,negative
2020-10-01 01:00:00,30.057938484678075,57.48831116841947,9.005134481080637,0.30358260868721654,28,negative
2020-10-01 02:00:00,24.96948744493941,29.856984399474804,0.08281848552427817,0.0,28,negative
2020-10-01 03:00:00,33.03150264515645,43.74999445036485,2.6628840451177913,0.0,28,negative
2020-10-01 04:00:00,19.52424118514928,3.6196119125749284,13.089519075912605,0.19485500072765563,28,negative
2020-10-01 05:00:00,36.24582698494328,52.21660100896128,6.8610036316842,0.0,28,negative
2020-10-01 06:00:00,41.39134852524083,50.000105567554776,9.191000123922946,1.5887118145505452,28,negative
2020-10-01 07:00:00,26.65451855103069,20.95680216411111,0.0,0.0,28,negative
2020-10-01 08:00:00,22.307264674948147,39.93895376614788,0.9011447661287635,0.4295468527590195,28,negative
2020-10-01 09:00:00,15.356915807650585,44.13101539091622,12.674632414218253,0.0,28,negative
2020-10-01 10:00:00,14.289448541859205,58.15473976075442,12.36456047149598,0.0,28,negative
2020-10-01 11:00:00,38.47441018621263,37.2796450077111,15.342138818399265,0.0,28,negative
2020-10-01 12:00:00,17.035942318442792,19.9744690344086,7.461004323231785,0.20613874434237137,28,negative
2020-10-01 13:00:00,33.11807372086255,35.35265324051712,14.065624639678386,0.0,28,negative
2020-10-01 14:00:00,15.747215850753166,15.405301492994173,5.468800188290668,0.012998154657254318,28,negative
2020-10-01 15:00:00,38.0760930495216,41.589446394640184,7.521925754178442,0.14203780685572184,28,negative
2020-10-01 16:00:00,11.58186104822796,32.94285746156385,17.998368960509307,0.15757849664192872,28,negative
2020-10-01 17:00:00,41.57451022723622,46.78407259162308,14.529629543161164,0.308204115888536,28,negative
2020-10-01 18:00:00,22.0128196819843,27.67682503106635,7.422798400597934,0.0,28,negative
2020-10-01 19:00:00,21.472296934161648,34.93390926132559,16.44617497659602,0.2963278333623971,28,negative
2020-10-01 20:00:00,12.26365039976046,29.669820085019502,15.462472320071026,0.0,28,negative
2020-10-01 21:00:00,10.257385314789989,31.323133457765557,2.0120087112254303,0.0,28,negative
2020-10-01 22:00:00,37.9906225412312,29.725866999790224,8.865764314012567,0.0,28,negative
2020-10-01 23:00:00,19.988035003132413,22.390084515685494,6.446826979141765,0.0,28,negative
2020-10-02 00:00:00,33.34908249651163,49.211534548311114,1.9046655127245833,0.055135257220429695,28,negative
2020-10-02 01:00:00,25.80350409221895,25.62918499079757,8.910485480932843,0.0563095866137876,28,negative
2020-10-02 02:00:00,22.376423582583005,42.20365001235082,3.6852449153809967,0.031100793342492355,28,negative
2020-10-02 03:00:00,6.565722168174197,43.66776834992213,9.833817315051613,0.0,28,negative
2020-10-02 04:00:00,16.333037186813904,52.53795542499584,7.460096591608439,0.1466938296708266,28,negative
2020-10-02 05:00:00,13.24151689379235,36.87057603256382,0.017392382692544395,0.09301828290417691,28,negative
2020-10-02 06:00:00,30.39137024434109,62.40266481276496,16.607117445544503,0.0,28,negative
2020-10-02 07:00:00,15.045364298798587,1.0,5.968829375535173,0.00048271173381975174,28,negative
2020-10-02 08:00:00,15.377194740022365,31.851185077043663,5.227148754585585,0.0,28,negative
2020-10-02 09:00:00,32.288677473714486,11.911840737282251,1.2611200918470367,0.4187555404240999,28,negative
2020-10-02 10:00:00,27.864534995614477,31.10929157977312,16.53541380963205,0.38560410283192603,28,negative
2020-10-02 11:00:00,29.449707929528262,33.976428367040015,11.032719180064465,0.0,28,negative
2020-10-02 12:00:00,21.493358252841368,53.82946659201277,14.109025035703933,0.06854658417034126,28,negative
2020-10-02 13:00:00,28.591941210669443,20.110060141576398,8.270077205773783,0.0,28,negative
2020-10-02 14:00:00,17.957154030784775,26.289537088814775,11.533254917698578,0.0,28,negative
2020-10-02 15:00:00,14.90531624509524,50.617340600451236,8.54278575962467,0.0,28,negative
2020-10-02 16:00:00,28.845131027105687,28.900981516348327,0.9849333021926743,0.9617648116051484,28,negative
2020-10-02 17:00:00,29.22731437625927,22.101229008326435,1.7807761435074934,0.0,28,negative
2020-10-02 18:00:00,28.446332770470832,23.19345502108056,12.56320329802989,0.0,28,negative
2020-10-02 19:00:00,32.77330616776878,52.865856427954334,9.57064561066265,0.1559165582798369,28,negative
2020-10-02 20:00:00,21.552911576825952,41.61112405494143,1.712440206725499,0.019307737591887697,28,negative
2020-10-02 21:00:00,10.577998856139324,38.527799334371196,8.415269611977685,0.0,28,negative
2020-10-02 22:00:00,28.56399364303793,19.330994511075374,4.550826299113801,0.0,28,negative
2020-10-02 23:00:00,29.4305262410091,23.06410695936735,9.160213023716203,0.17860552892859047,28,negative
2020-10-03 00:00:00,20.421283731381568,37.15756091227345,10.801830994079673,0.3165914109137815,28,negative
2020-10-03 01:00:00,24.185298724321942,18.82252494339492,9.941383196537489,0.060395499651532236,28,negative
2020-10-03 02:00:00,27.51147624069706,24.207197307936692,12.577928082918039,0.10213093732186815,28,negative
2020-10-03 03:00:00,18.553454767647608,30.86721376558754,1.6879546874835043,0.3510268192492507,28,negative
2020-10-03 04:00:00,23.77184731475841,7.613417272499966,6.026558081145772,0.0,28,negative
2020-10-03 05:00:00,38.33231027453556,38.187368254009755,8.629146419155038,0.0,28,negative
2020-10-03 06:00:00,26.83616504480666,49.672322747517924,0.18223035592668424,0.0,28,negative
2020-10-03 07:00:00,31.966602352138036,34.00480083713687,7.406356546584002,0.0,28,negative
2020-10-03 08:00:00,12.04807070238729,42.78273914394735,14.003087331549459,0.0,28,negative
2020-10-03 09:00:00,21.394279473773686,63.88809050852667,13.025877781835693,0.0,28,negative
2020-10-03 10:00:00,39.45688521562731,18.557491479400994,0.6407988973127186,0.0,28,negative
2020-10-03 11:00:00,15.930878575835319,29.526025782696514,11.990453482005577,0.26117472313598855,28,negative
2020-10-03 12:00:00,21.93362585904172,35.88222224313356,0.0,0.0,28,negative
2020-10-03 13:00:00,18.917509876564626,22.356067979783937,6.841062564269411,0.0,28,negative
2020-10-03 14:00:00,21.40440402085442,15.167476734155215,4.0345010636766325,0.0,28,negative
2020-10-03 15:00:00,34.25995177167212,43.93816153473323,0.18758464652334972,0.0,28,negative
2020-10-03 16:00:00,25.069576793205616,35.3831031258536,5.149944721953203,0.057338704344303326,28,negative
2020-10-03 17:00:00,16.882280742503422,17.823890624614638,14.82993917734122,0.0,28,negative
2020-10-03 18:00:00,19.72056445933352,40.28267462551654,9.948504451952676,0.25672988651149997,28,negative
2020-10-03 19:00:00,28.980549447325636,47.52154428092157,8.189905065346673,0.0,28,negative
2020-10-03 20:00:00,33.061682021292924,44.784081763492765,3.8522902297280037,0.0036017678680897447,28,negative
2020-10-03 21:00:00,28.6990887073665,3.562535655607075,3.3880660370766638,0.0,28,negative
2020-10-03 22:00:00,6.604309569369953,8.508032511720593,6.647691298028693,0.0,28,negative
2020-10-03 23:00:00,26.302269655208946,58.735993290371916,8.411319439447494,0.0,28,negative
2020-10-04 00:00:00,11.541123310758014,29.230585753594468,11.537646539983637,0.3975475411958562,28,negative
2020-10-04 01:00:00,24.11695205382794,43.20672402942075,14.381917795372958,0.1443905390743496,28,negative
2020-10-04 02:00:00,32.938550702001876,24.10029741050981,7.633544777297547,0.0,28,negative
2020-10-04 03:00:00,28.341641053912063,19.78273330112827,6.391172622482546,0.0,28,negative
2020-10-04 04:00:00,26.75500868455889,53.70185413588224,12.553539756500482,0.04394281823155538,28,negative
2020-10-04 05:00:00,28.715203167839586,45.49540742654757,11.071978112530397,0.0,28,negative
2020-10-04 06:00:00,16.754542960739528,31.997098347202304,8.351216303542564,0.6020699412575231,28,negative
2020-10-04 07:00:00,9.469522911721281,16.474865196590937,9.14988057511737,0.0,28,negative
2020-10-04 08:00:00,22.074735273277653,76.47232792781293,3.401187849223649,0.0,28,negative
2020-10-04 09:00:00,32.32962088519553,50.985156817483684,11.275334308873092,0.018325188811603832,28,negative
2020-10-04 10:00:00,22.4431547812616,59.94322617230826,14.415795531771309,0.35831673322295887,28,negative
2020-10-04 11:00:00,24.572543501075092,11.790550557097212,15.608944866178547,0.220002830360125,28,negative
2020-10-04 12:00:00,32.790182752536104,33.35963742848256,0.0,0.0,28,negative
2020-10-04 13:00:00,23.04870837749792,19.996870648973005,13.728811441954443,0.04810384914899482,28,negative
2020-10-04 14:00:00,20.38049460434389,33.511363839095424,9.190231173557896,0.10707338958867937,28,negative
2020-10-04 15:00:00,16.474660403349045,61.72888796547533,7.338967810502426,0.0,28,negative
2020-10-04 16:00:00,18.383664829093803,51.09235530995201,0.0,0.0,28,negative
2020-10-04 17:00:00,41.69774996033969,65.46593940933545,10.866013904093364,0.18048419173222072,28,negative
2020-10-04 18:00:00,32.4546102783702,33.11221994766352,12.623969016821533,0.19068996157789755,28,negative
2020-10-04 19:00:00,11.889902055006951,43.64976316222395,9.80737724044276,0.14720793824295023,28,negative
2020-10-04 20:00:00,22.117066445323044,38.47504958795643,9.577860989247425,0.0,28,negative
2020-10-04 21:00:00,25.812117305817438,32.331851079854424,3.800392712544854,0.10368951852331479,28,negative
2020-10-04 22:00:00,24.089328823032243,24.408938931765093,12.72938544357311,0.1857251595064924,28,negative
2020-10-04 23:00:00,31.148219360456082,25.417711685494606,3.844661676758755,0.0,28,negative
2023-09-28 00:00:00,23.039631653340432,31.962243066471647,11.493302478261981,0.0,29,negative
2023-09-28 01:00:00,11.953890106133663,55.76967684629134,5.947965282923131,0.0,29,negative
2023-09-28 02:00:00,11.331611091490698,39.76098323720467,7.07189399530762,0.16098185610070223,29,negative
2023-09-28 03:00:00,27.265663824413306,6.140944598824909,6.541665695164871,0.0,29,negative
2023-09-28 04:00:00,17.75971218163969,21.443987727267206,12.00178235281005,0.0,29,negative
2023-09-28 05:00:00,18.759522442481423,54.124887157539845,2.163606324227114,0.22385395047889792,29,negative
2023-09-28 06:00:00,28.931576088558167,16.520789667357235,16.87673579868097,0.17016627908528867,29,negative
2023-09-28 07:00:00,28.996219051298922,48.08652767033813,7.238560380187862,0.0,29,negative
2023-09-28 08:00:00,21.65628350436643,45.69026371235562,3.0678757801957115,0.49665524483932244,29,negative
2023-09-28 09:00:00,33.87362177402898,23.977173943506553,9.770419410142015,0.06279972449944601,29,negative
2023-09-28 10:00:00,20.7370751102127,56.45584582081467,7.574154061212381,0.0,29,negative
2023-09-28 11:00:00,19.842274909800857,27.448123713837415,4.64954653687478,0.0,29,negative
2023-09-28 12:00:00,35.30568090310892,45.67233240590639,6.274017255701638,0.0,29,negative
2023-09-28 13:00:00,9.302449588901037,55.63517527573505,14.475778849134613,0.0,29,negative
2023-09-28 14:00:00,32.32912307894519,25.612858529396046,6.0229175414892495,0.3882279765191209,29,negative
2023-09-28 15:00:00,32.951052247203144,22.161824708266494,3.189691512151705,0.14602382359247998,29,negative
2023-09-28 16:00:00,27.740243976606926,24.453791360898855,11.352089763859667,0.5079555724351686,29,negative
2023-09-28 17:00:00,31.603693547868197,40.299391527923625,7.547011255555112,0.0,29,negative
2023-09-28 18:00:00,22.123231955931608,49.10531929422807,17.791407395927884,0.211134113980907,29,negative
2023-09-28 19:00:00,14.023270136743898,16.414658280375686,6.511852899684498,0.3218657877515372,29,negative
2023-09-28 20:00:00,25.558286934752108,68.1062309819551,10.175281438807035,0.22131172779821676,29,negative
2023-09-28 21:00:00,12.933263175120878,52.70656066846017,7.969693853958744,0.6557748294532655,29,negative
2023-09-28 22:00:00,22.178084823322155,20.063928333094896,5.871812448250923,0.0,29,negative
2023-09-28 23:00:00,14.758575613320074,27.685637465654654,4.279400829433405,0.2219374531801879,29,negative
2023-09-29 00:00:00,13.935835862947519,27.75853153095316,3.526507791130234,0.0,29,negative
2023-09-29 01:00:00,23.606400428242324,52.920728374861824,17.433516952188015,0.03573578050257248,29,negative
2023-09-29 02:00:00,25.596696197066464,46.1050590844234,10.332944085010794,0.0,29,negative
2023-09-29 03:00:00,21.76539354922081,19.674950539069524,12.194597771524197,0.1989974398234414,29,negative
2023-09-29 04:00:00,33.59615179432514,48.72703855377975,4.870241888620113,0.12747842551529673,29,negative
2023-09-29 05:00:00,1.514064347971388,63.95338617436719,1.3077736112516742,0.0,29,negative
2023-09-29 06:00:00,25.419329329180222,51.85575292762625,6.35651596347794,0.0,29,negative
2023-09-29 07:00:00,19.381696708955552,31.712565462505136,0.0,0.0,29,negative
2023-09-29 08:00:00,13.393188090683637,44.7362765464018,6.76960132086743,0.09573622965412423,29,negative
2023-09-29 09:00:00,19.950570745276146,41.45586899511793,6.934642467702483,0.1123132410765452,29,negative
2023-09-29 10:00:00,20.362295958900035,46.30120161757219,11.009949028324812,0.0,29,negative
2023-09-29 11:00:00,10.345951064672281,44.6668788159993,10.097432927317444,0.038223677536870726,29,negative
2023-09-29 12:00:00,19.80710243812302,9.734378107856632,10.668800915383477,0.0,29,negative
2023-09-29 13:00:00,33.1334701872009,35.43099548669627,7.772665554052492,0.0,29,negative
2023-09-29 14:00:00,17.22455144959095,25.32296418314646,7.51052366831029,0.9501787673638741,29,negative
2023-09-29 15:00:00,20.167236276272277,64.0934203617305,13.213168633631835,0.07123544828594575,29,negative
2023-09-29 16:00:00,34.41341808763934,22.626558529900315,20.452199349399976,0.0,29,negative
2023-09-29 17:00:00,38.030447164073436,64.99104571669474,0.0,0.0,29,negative
2023-09-29 18:00:00,19.728726876378587,26.480473140228945,10.62319060082493,0.12771773879587747,29,negative
2023-09-29 19:00:00,26.015976703330228,20.888082765536502,8.885396396309094,0.0,29,negative
2023-09-29 20:00:00,25.092143483459626,29.603126190782795,10.7070555541896,0.2772691526240916,29,negative
2023-09-29 21:00:00,15.289113726431726,28.54594909239477,11.934251230590629,0.1061565446750797,29,negative
2023-09-29 22:00:00,26.281331636010734,34.5892617663435,4.059501769987176,0.03597807132098521,29,negative
2023-09-29 23:00:00,16.41765236425872,41.2855842455873,7.43947673423125,0.3789962563867354,29,negative
2023-09-30 00:00:00,17.15610411826451,50.79015741330575,14.891389579179684,0.003073217174288101,29,negative
2023-09-30 01:00:00,23.261002607789184,28.47312130844474,22.110558919297794,0.1440925856767951,29,negative
2023-09-30 02:00:00,29.049836413761064,39.99177332114936,7.687312789106393,0.0,29,negative
2023-09-30 03:00:00,17.91827757310958,41.40583314867872,9.584122429800338,0.28951210602759136,29,negative
2023-09-30 04:00:00,30.56657772067009,42.73824158189611,10.87779466654813,0.0,29,negative
2023-09-30 05:00:00,24.962334001835014,62.59306483243618,3.1478671762986403,0.0,29,negative
2023-09-30 06:00:00,6.74288937857018,43.381607632428526,12.2408687527215,0.02107625710389177,29,negative
2023-09-30 07:00:00,33.480640144005626,24.216800110628206,6.2876594549171845,0.0,29,negative
2023-09-30 08:00:00,34.75357090207852,22.127032728786524,9.456235626828414,0.0,29,negative
2023-09-30 09:00:00,30.699767276640657,43.52705245519228,11.027005165333518,0.0,29,negative
2023-09-30 10:00:00,17.562218203159027,60.31669680245487,7.444253009137865,0.0,29,negative
2023-09-30 11:00:00,32.78100401051003,25.541496996845446,9.601390953495105,0.0,29,negative
2023-09-30 12:00:00,42.15388652356013,69.62981775090182,7.44879509281727,0.0,29,negative
2023-09-30 13:00:00,22.041598440379047,29.77100767387402,8.59815749552933,0.0743859282511237,29,negative
2023-09-30 14:00:00,9.834660740544287,38.94534982348385,7.788535637436779,0.0,29,negative
2023-09-30 15:00:00,21.379857777884144,29.594909547821814,12.374550301378493,0.05237483722522562,29,negative
2023-09-30 16:00:00,33.168378399485505,42.42094646708496,7.011967240924331,0.0,29,negative
2023-09-30 17:00:00,6.15509472608823,66.55519833096179,9.371900718887836,0.0,29,negative
2023-09-30 18:00:00,15.045239522554942,18.235319260789037,9.829166463321574,0.22905513495491184,29,negative
2023-09-30 19:00:00,24.705958195495555,37.78739304875721,4.859414195368055,0.2658328220414411,29,negative
2023-09-30 20:00:00,24.265204453205488,15.761119995524282,1.1149685113063654,0.0,29,negative
2023-09-30 21:00:00,25.445271882627065,64.8163885588444,12.896296516268968,0.0,29,negative
2023-09-30 22:00:00,27.229293500344575,40.50280578415598,20.528951574280462,0.7861195385441929,29,negative
2023-09-30 23:00:00,18.69415746884604,29.972303456263823,12.467785106791608,0.0,29,negative
2023-10-01 00:00:00,28.107436860612808,43.69474747654104,12.066737174733984,0.0,29,negative
2023-10-01 01:00:00,34.30655709306077,34.26185805593937,10.650789547457807,0.6332634603112803,29,negative
2023-10-01 02:00:00,14.28163991785946,61.472431769054026,3.939406063214623,0.05261739908422822,29,negative
2023-10-01 03:00:00,26.24834239605986,52.62471341505908,0.0,0.06536856266880628,29,negative
2023-10-01 04:00:00,21.535743948678427,26.001363223063944,6.745912441198046,0.0,29,negative
2023-10-01 05:00:00,27.849924138600585,33.08114812991749,2.304462679653601,0.0,29,negative
2023-10-01 06:00:00,28.024241279397295,15.833863615184093,7.409227558778458,0.37699415375748235,29,negative
2023-10-01 07:00:00,25.676486706960766,46.133738059925065,2.694823640668357,0.0,29,negative
2023-10-01 08:00:00,28.36657629630441,30.76472016657713,13.86810740781837,0.36106055649128377,29,negative
2023-10-01 09:00:00,50.450902284401046,27.915202770299775,9.945657645947145,0.0,29,negative
2023-10-01 10:00:00,31.05664008521944,43.10768590811429,3.694050732928363,0.0,29,negative
2023-10-01 11:00:00,33.77467818800421,55.27563658058683,1.4280218036717702,0.20433110771103577,29,negative
2023-10-01 12:00:00,37.37117405037574,33.99233298957916,9.417112572746294,0.20502883538325464,29,negative
2023-10-01 13:00:00,15.282420020564816,31.644513751750388,14.52311809927625,0.14139081299818493,29,negative
2023-10-01 14:00:00,28.55813093749678,34.412600769938464,14.147848688398469,0.0,29,negative
2023-10-01 15:00:00,27.423744098979263,50.18058463091908,16.984100337553233,0.0,29,negative
2023-10-01 16:00:00,33.7748206294601,28.349382614145263,2.9748313406786746,0.02153138430839638,29,negative
2023-10-01 17:00:00,9.666181011237004,11.107978571875222,7.15852442595645,0.0,29,negative
2023-10-01 18:00:00,13.520382669782405,38.327965075657694,9.332350443182401,0.0,29,negative
2023-10-01 19:00:00,38.267713433342855,41.446418150109565,13.642445182608924,0.3235852894440271,29,negative
2023-10-01 20:00:00,10.281265500395634,41.900939159733895,17.274288447101366,0.0,29,negative
2023-10-01 21:00:00,23.147013172010258,16.473556329555233,4.406887003926736,0.21271184554781467,29,negative
2023-10-01 22:00:00,18.059110293097905,15.417141452454864,1.3604115469270726,0.0,29,negative
2023-10-01 23:00:00,25.81267042571672,43.963715381467075,10.962767182736929,0.0,29,negative
2023-10-02 00:00:00,30.047610324593457,45.601680012662875,8.03647203322499,0.0,29,negative
2023-10-02 01:00:00,16.807076247712242,37.88242750893086,16.08623902658999,0.0,29,negative
2023-10-02 02:00:00,19.950316610967377,43.07932192661539,2.4928497523912103,0.0,29,negative
2023-10-02 03:00:00,15.353142858677101,45.3538334191651,22.845360952372012,0.3466642545157821,29,negative
2023-10-02 04:00:00,45.382426473904246,42.35953231674468,4.251871833690249,0.3215175842303729,29,negative
2023-10-02 05:00:00,40.91964486278712,42.39483027054648,5.169235719170807,0.050351880341487576,29,negative
2023-10-02 06:00:00,25.446206221671623,34.869189871804515,9.729495731370847,0.0,29,negative
2023-10-02 07:00:00,12.97623468349859,44.66945491645866,7.635511976589345,0.0,29,negative
2023-10-02 08:00:00,30.57739334231954,13.07861547972935,0.0,0.0,29,negative
2023-10-02 09:00:00,20.89456208101683,14.707291242800629,0.0,0.046994495390212665,29,negative
2023-10-02 10:00:00,25.704118783677437,35.294685846076696,18.9762245447972,0.0,29,negative
2023-10-02 11:00:00,36.154214164321644,17.30069107825218,1.9130370493765776,0.0,29,negative
2023-10-02 12:00:00,25.31599374476631,53.744930534898124,0.0,0.257834399411086,29,negative
2023-10-02 13:00:00,29.914149067362356,49.042581002170806,5.966528093962388,0.0,29,negative
2023-10-02 14:00:00,15.794743264277178,30.605808772293035,2.7853183035103317,0.02695627545586246,29,negative
2023-10-02 15:00:00,20.07230137296704,27.63594878543192,4.206042784721799,0.0,29,negative
2023-10-02 16:00:00,24.639724588249834,8.61542065633472,14.788245664547084,0.039809827677213,29,negative
2023-10-02 17:00:00,18.449003656598983,28.472883940040777,12.347049288830274,0.0,29,negative
2023-10-02 18:00:00,15.40645329032739,33.21374243598211,7.34694459384367,0.0,29,negative
2023-10-02 19:00:00,19.299252236414944,49.85340488092481,17.058285932679755,0.0032655324798097907,29,negative
2023-10-02 20:00:00,16.60947142974929,15.732686210195808,11.727101413571024,0.0,29,negative
2023-10-02 21:00:00,26.36770476423296,53.50172230904226,20.959735238690435,0.051795845527750045,29,negative
2023-10-02 22:00:00,13.194937073648658,35.76591148256682,14.851075967605754,0.0,29,negative
2023-10-02 23:00:00,34.04564475850367,33.99594653017413,9.671737104734175,0.0,29,negative
2023-10-03 00:00:00,23.2762907225686,38.18671141654311,0.0,0.0,29,negative
2023-10-03 01:00:00,12.13433530517248,28.893370889174616,4.024181151674002,0.0,29,negative
2023-10-03 02:00:00,30.187199496684087,43.404412315002155,1.661753843925827,0.0,29,negative
2023-10-03 03:00:00,11.222461505759,32.79059921073355,11.237105836146352,0.0,29,negative
2023-10-03 04:00:00,25.782758238872347,53.87707346021062,9.298781934687293,0.1572138738359172,29,negative
2023-10-03 05:00:00,28.989284077595293,48.59714150265011,5.37914150838143,0.3770485516764239,29,negative
2023-10-03 06:00:00,19.645493005306978,4.87107796699393,10.200532460566595,0.26105836528835125,29,negative
2023-10-03 07:00:00,24.625793674670085,11.970405467581898,4.401664614896295,0.0,29,negative
2023-10-03 08:00:00,31.613798162490767,26.997274100211094,2.6251452319564645,0.08359319021213354,29,negative
2023-10-03 09:00:00,20.26421129012916,46.858408409740086,2.940600254177326,0.30749912678389024,29,negative
2023-10-03 10:00:00,41.75653437381749,31.41081561448485,8.933652048503141,0.09030475927656204,29,negative
2023-10-03 11:00:00,15.176165696062771,41.89581053064155,6.350511287488904,0.01682816356421865,29,negative
2023-10-03 12:00:00,25.399509486372743,15.229558461833594,13.076531413124087,0.2707301053248843,29,negative
2023-10-03 13:00:00,15.880624753540584,38.442273733013195,15.835115040032896,0.0,29,negative
2023-10-03 14:00:00,23.181475627356416,37.340307032455115,11.286799888862191,0.0,29,negative
2023-10-03 15:00:00,18.76739788798448,50.17773861894425,14.651608594131897,0.0,29,negative
2023-10-03 16:00:00,23.259495282821067,27.88123289577696,0.705066339251962,0.0,29,negative
2023-10-03 17:00:00,22.898701889812067,33.3576154635064,10.98858996407414,0.14493677191197327,29,negative
2023-10-03 18:00:00,20.544205837681556,64.92154263695465,12.977993797511118,0.03293997354661979,29,negative
2023-10-03 19:00:00,25.12545900017992,29.51852213902,0.0,0.0,29,negative
2023-10-03 20:00:00,2.412573469682652,30.116662060808352,7.981704052488345,0.0,29,negative
2023-10-03 21:00:00,39.371064481081845,62.36514177650092,13.16405866838382,0.0,29,negative
2023-10-03 22:00:00,37.371322615723635,44.28453708235551,3.290101701234944,0.30604376616962636,29,negative
2023-10-03 23:00:00,29.66859882830506,26.016817390365375,8.702662773363958,0.07468244048093059,29,negative
2023-10-04 00:00:00,13.193166387680005,30.948607283631475,2.872687124784056,0.17923872196382848,29,negative
2023-10-04 01:00:00,14.735556595382281,39.37705556197085,1.0492209080320105,0.2639027919154001,29,negative
2023-10-04 02:00:00,12.544950326634547,30.656372691798794,8.901908099852305,0.0291001195074351,29,negative
2023-10-04 03:00:00,7.822118946317646,32.470409239554996,4.24713945144949,0.0,29,negative
2023-10-04 04:00:00,19.858909351365906,33.7875349157227,4.275255307484701,0.0,29,negative
2023-10-04 05:00:00,11.731364614134385,29.00399014416657,8.537992266364842,0.07932939798208782,29,negative
2023-10-04 06:00:00,15.888512138345023,7.8247469538288925,4.542455245541209,0.17989360973928373,29,negative
2023-10-04 07:00:00,35.433796741704285,68.9704389289708,7.746041610021985,0.3304910207580076,29,negative
2023-10-04 08:00:00,27.90435284569898,20.283852630231525,5.254144732026669,0.014580195331762996,29,negative
2023-10-04 09:00:00,17.995954718368328,29.67919622763874,1.4324902533536754,0.0016180886378326653,29,negative
2023-10-04 10:00:00,30.159553982907482,34.49664589438767,8.626569207443854,0.0,29,negative
2023-10-04 11:00:00,29.582269268190743,24.71720164755322,13.619842771838474,0.0015144504443714013,29,negative
2023-10-04 12:00:00,17.5035725676374,9.833156066732293,18.87422978714038,0.0,29,negative
2023-10-04 13:00:00,28.904595197512034,62.28241558178938,9.120435061144306,0.0,29,negative
2023-10-04 14:00:00,18.171397938025372,46.06367799249811,4.84951646287647,0.30521702578241594,29,negative
2023-10-04 15:00:00,22.77600460363421,15.989016350604146,9.647121111873403,0.0,29,negative
2023-10-04 16:00:00,6.0995149376985545,28.13507171361615,6.274726484233037,0.11513710378615807,29,negative
2023-10-04 17:00:00,24.28158361995022,56.71208550534721,10.600547978124133,0.0,29,negative
2023-10-04 18:00:00,21.53312511618776,29.779279446326864,10.439864280565846,0.1968404486339352,29,negative
2023-10-04 19:00:00,16.971522928328625,35.12900706593772,10.305903327773793,0.0,29,negative
2023-10-04 20:00:00,24.536070093157637,11.319753557722628,13.52785671570804,0.15268449125851155,29,negative
2023-10-04 21:00:00,35.03426428497439,18.251053403368612,13.667258644082299,0.0,29,negative
2023-10-04 22:00:00,20.54214362233688,29.3503497041764,2.574269717549818,0.017356200211442935,29,negative
2023-10-04 23:00:00,15.990125444215764,16.163365363955656,15.97861241795309,0.1485789955015502,29,negative
